date,ticker,open_price,high_price,low_price,close_price,volume
2021-09-24 04:00:00+00:00,DELL,47.25305254680969,47.92987009873967,47.23923633695292,47.82857894897461,6315968
2021-09-27 04:00:00+00:00,DELL,47.6213926001421,48.38569209995716,47.59837251201399,48.284400939941406,4292853
2021-09-28 04:00:00+00:00,DELL,47.97591825033495,48.65734126967455,47.89764371368774,48.47777557373047,4103643
2021-09-29 04:00:00+00:00,DELL,48.6204981458113,48.9243785116771,47.84238948011503,48.51920700073242,4778211
2021-09-30 04:00:00+00:00,DELL,48.64351228270653,48.73559606913553,47.28987403810379,47.9022331237793,4859104
2021-10-01 04:00:00+00:00,DELL,48.15548340154438,48.91978294228908,47.94369026266766,48.70338439941406,3768825
2021-10-04 04:00:00+00:00,DELL,48.827683003582166,49.06710155679614,48.07719645722085,48.45474243164063,4091805
2021-10-05 04:00:00+00:00,DELL,48.76322689456157,49.01185279863032,48.21992799019336,48.77243423461914,3353114
2021-10-06 04:00:00+00:00,DELL,48.15088075271323,48.6665543480473,47.85621111689818,48.57447052001953,3063674
2021-10-07 04:00:00+00:00,DELL,48.87372621621192,49.48608533615256,48.61128411815585,49.28810501098633,4105024
2021-10-08 04:00:00+00:00,DELL,49.48609186440288,49.67947027795484,48.00353673332452,48.37187194824219,5286654
2021-10-11 04:00:00+00:00,DELL,48.39949987235368,48.92898610209569,48.19230870454644,48.43633270263672,2772065
2021-10-12 04:00:00+00:00,DELL,48.40410918279227,48.58827681438815,47.59837146291651,47.76872634887695,3830579
2021-10-13 04:00:00+00:00,DELL,47.88843617531741,48.18310577519265,47.400388134448704,47.73649597167969,5377017
2021-10-14 04:00:00+00:00,DELL,47.99432916915173,49.00725800922574,47.96210174159255,48.80467224121094,3618679
2021-10-15 04:00:00+00:00,DELL,49.1453854376368,49.71170454711782,48.92438497132412,49.59199523925781,3345024
2021-10-18 04:00:00+00:00,DELL,49.93270790218602,50.50362894344032,49.81760053402069,50.0247917175293,5004909
2021-10-19 04:00:00+00:00,DELL,50.278022977922255,51.08376069224705,50.02479161989375,51.01930236816406,7436829
2021-10-20 04:00:00+00:00,DELL,51.18965559484722,51.55338890541616,50.97786248029983,51.39684677124024,7434461
2021-10-21 04:00:00+00:00,DELL,51.33698302958082,52.25782448472536,51.13900268850162,52.01840591430664,7329695
2021-10-22 04:00:00+00:00,DELL,51.95395010599842,52.84256418025759,51.86647170560768,52.73666763305664,5251140
2021-10-25 04:00:00+00:00,DELL,52.85637605070796,52.948459852608416,51.659279695373016,51.70071792602539,13385424
2021-10-26 04:00:00+00:00,DELL,51.85265609077472,51.95855263211223,50.71081075399998,50.74303817749024,5858824
2021-10-27 04:00:00+00:00,DELL,50.54966901515171,50.738442036139,49.68868037776794,49.90507888793945,7104576
2021-10-28 04:00:00+00:00,DELL,50.53584700250492,50.84432926494462,50.08923731947605,50.68318176269531,6544638
2021-10-29 04:00:00+00:00,DELL,50.28722060902863,51.49812964848999,50.28722060902863,50.641746520996094,8913619
2021-11-01 04:00:00+00:00,DELL,50.34707651958584,51.36921255214187,50.34707651958584,51.34158706665039,6635002
2021-11-02 04:00:00+00:00,DELL,51.4705955465115,52.08831564487832,48.15489217925772,49.60835266113281,18238300
2021-11-03 04:00:00+00:00,DELL,49.971713415239805,50.27149086354258,49.29949086834862,50.14431381225586,9923000
2021-11-04 04:00:00+00:00,DELL,49.98080740361948,50.3714246747514,48.83620682973493,49.572021484375,5980600
2021-11-05 04:00:00+00:00,DELL,49.79002974403246,51.26165523176961,49.59017812848644,51.19806671142578,7625100
2021-11-08 05:00:00+00:00,DELL,51.20714214083444,51.5250881634128,50.20789113344868,50.44407653808594,4450600
2021-11-09 05:00:00+00:00,DELL,50.37142152013942,51.12540131035725,49.9717182173258,50.94372177124024,3980100
2021-11-10 05:00:00+00:00,DELL,50.825619703838186,51.9429653359585,50.79836500479116,51.43425369262695,5205200
2021-11-11 05:00:00+00:00,DELL,51.53419087341378,51.94297679616419,50.8528821572682,51.04364776611328,3695300
2021-11-12 05:00:00+00:00,DELL,51.19808053284838,51.39793220234631,50.72570606469032,50.87105178833008,3945600
2021-11-15 05:00:00+00:00,DELL,51.297993282379885,52.26999321102728,51.12539289718067,51.506927490234375,7123900
2021-11-16 05:00:00+00:00,DELL,51.55234736753935,51.88845861797357,51.33432710503516,51.506927490234375,6305700
2021-11-17 05:00:00+00:00,DELL,51.68862364962583,51.961146448285945,50.82563189943929,50.87105178833008,3566600
2021-11-18 05:00:00+00:00,DELL,50.78927973254756,51.48875690568797,50.453168494781046,50.78019714355469,5020300
2021-11-19 05:00:00+00:00,DELL,50.74386254644196,50.871039590969055,49.93537693596439,49.98079681396485,3828900
2021-11-22 05:00:00+00:00,DELL,50.26240961535832,50.58035225206272,49.34491206604304,50.08072662353516,6228400
2021-11-23 05:00:00+00:00,DELL,49.9353794533374,50.162482320103074,49.23590220786135,49.6628532409668,4646700
2021-11-24 05:00:00+00:00,DELL,50.28057223450322,52.687863956576095,49.78094663142621,52.05197525024414,13025100
2021-11-26 05:00:00+00:00,DELL,51.32525257600707,52.44259836669118,50.8619642102366,51.03456115722656,3858600
2021-11-29 05:00:00+00:00,DELL,51.82486689247959,52.56976392323245,51.28890405666334,52.2972412109375,5353600
2021-11-30 05:00:00+00:00,DELL,52.26091822839158,52.5516096631068,50.616695450530216,51.29800415039063,9760600
2021-12-01 05:00:00+00:00,DELL,51.77036997175467,52.00655542361253,50.48950996805645,50.59851837158203,6301600
2021-12-02 05:00:00+00:00,DELL,50.41684143742328,52.02473030991405,50.41684143742328,51.91572189331055,6671100
2021-12-03 05:00:00+00:00,DELL,52.23365480812001,53.26924323595242,52.17006628818745,53.12389755249024,8107200
2021-12-06 05:00:00+00:00,DELL,53.36917495727539,53.86880058296138,52.81504339475799,53.36917495727539,5165000
2021-12-07 05:00:00+00:00,DELL,53.82337109803772,54.041391341147765,52.86953989822394,53.51451110839844,4197500
2021-12-08 05:00:00+00:00,DELL,53.596276881694095,53.596276881694095,52.61519082796624,53.051231384277344,3505900
2021-12-09 05:00:00+00:00,DELL,53.005811755780336,53.214749458601815,52.31542051294655,52.36992645263672,4445000
2021-12-10 05:00:00+00:00,DELL,52.37899933779372,52.75144786004356,51.879373778480186,52.324493408203125,3037400
2021-12-13 05:00:00+00:00,DELL,51.915724267819,52.224584350084726,50.56218946060046,50.616695404052734,3542400
2021-12-14 05:00:00+00:00,DELL,49.68102071845303,50.10797520683816,49.29040351957188,49.62651824951172,4771500
2021-12-15 05:00:00+00:00,DELL,49.998960195347976,50.93462275186499,49.46299737460301,50.907371520996094,3518100
2021-12-16 05:00:00+00:00,DELL,51.09814146068008,51.27073837987848,49.91720732887392,49.95354461669922,2863300
2021-12-17 05:00:00+00:00,DELL,49.889959530743255,49.98988535342654,49.1087285263325,49.64469146728516,5389000
2021-12-20 05:00:00+00:00,DELL,49.06330168078873,49.20864737651949,48.21848220675757,48.69085311889648,3697400
2021-12-21 05:00:00+00:00,DELL,49.34490456757791,50.39866160164522,48.99970728210166,50.37141036987305,3567200
2021-12-22 05:00:00+00:00,DELL,50.25333194185179,50.64394922656443,49.81729476793626,50.29875183105469,3787400
2021-12-23 05:00:00+00:00,DELL,50.50767779456339,51.09814665312545,50.35324950358507,50.76203536987305,2885900
2021-12-27 05:00:00+00:00,DELL,50.91646248600878,51.57960244699032,50.91646248600878,51.41608810424805,2009400
2021-12-28 05:00:00+00:00,DELL,51.3706732946071,52.08831926245,51.3706732946071,51.73403930664063,2353700
2021-12-29 05:00:00+00:00,DELL,51.78853377458494,52.506179631457165,51.770368595575775,51.82487106323242,2207800
2021-12-30 05:00:00+00:00,DELL,51.78852955822736,51.88845536121521,51.28890400860242,51.33432388305664,1581300
2021-12-31 05:00:00+00:00,DELL,51.26165582465223,51.48875867573954,51.0163843296402,51.02546691894531,1252900
2022-01-03 05:00:00+00:00,DELL,51.016390524417005,51.87029610067941,51.00730793400902,51.76128768920898,2906500
2022-01-04 05:00:00+00:00,DELL,52.006556237629866,53.59627629729541,52.006556237629866,53.13298797607422,5745700
2022-01-05 05:00:00+00:00,DELL,53.02398056836646,54.050486577864525,52.56977479880457,52.669700622558594,6049000
2022-01-06 05:00:00+00:00,DELL,52.66969907882656,53.323756476726274,52.3063365530161,52.72420501708984,3751300
2022-01-07 05:00:00+00:00,DELL,52.778709590933104,53.11482435896359,52.07014969188029,52.67878723144531,3516200
2022-01-10 05:00:00+00:00,DELL,53.75071223926422,54.51377811521326,53.24200396550833,54.39568710327149,10511600
2022-01-11 05:00:00+00:00,DELL,54.50468197897757,55.1224019852978,54.25941049423445,54.73178482055664,7313500
2022-01-12 05:00:00+00:00,DELL,54.91347623029102,54.967978702849024,53.705287263970256,54.45927047729492,3098100
2022-01-13 05:00:00+00:00,DELL,54.95888844143523,55.16782264281288,54.38658830225291,54.65911102294922,4133000
2022-01-14 05:00:00+00:00,DELL,54.48651940546323,55.20416529647234,54.17765936789695,54.98614501953125,5790400
2022-01-18 05:00:00+00:00,DELL,54.75904665594504,55.24050712973431,53.959646993820826,54.032318115234375,5053900
2022-01-19 05:00:00+00:00,DELL,54.50469156434577,54.9225600346635,52.62427998260104,52.65153121948242,3957500
2022-01-20 05:00:00+00:00,DELL,52.89679428021797,53.64169133513717,52.09739129494575,52.14281463623047,2893700
2022-01-21 05:00:00+00:00,DELL,51.98839366868357,52.00656231589812,50.198821769174536,50.480430603027344,4212100
2022-01-24 05:00:00+00:00,DELL,49.76278297179292,50.49859756551592,48.53642878090292,50.34416580200195,5523700
2022-01-25 05:00:00+00:00,DELL,49.82636847658144,50.89829430418028,48.69085412237207,50.36233139038086,4421900
2022-01-26 05:00:00+00:00,DELL,51.04364038490963,51.53418342127478,49.91721207768019,50.27149200439453,3126700
2022-01-27 05:00:00+00:00,DELL,50.72569024416858,52.32449270556528,50.00804444144391,50.37141036987305,4359300
2022-01-28 05:00:00+00:00,DELL,50.37141961728448,51.21624261046145,49.699193565874594,51.08906555175781,3920500
2022-01-31 05:00:00+00:00,DELL,51.070890614226215,51.60685348510742,50.825619117519786,51.60685348510742,3319000
2022-02-01 05:00:00+00:00,DELL,51.67044757188593,53.25108165604201,51.316167638034216,53.20566177368164,3395200
2022-02-02 05:00:00+00:00,DELL,53.58718816566884,54.24124199473516,53.28741075063957,53.95963668823242,3886500
2022-02-03 05:00:00+00:00,DELL,53.51451776710575,54.59552613269391,53.45092924356025,53.777957916259766,2814900
2022-02-04 05:00:00+00:00,DELL,53.668936859542896,53.87787102554552,52.91495387911644,53.36007690429688,1952100
2022-02-07 05:00:00+00:00,DELL,53.66895985631317,54.1685855513024,53.45093954406072,53.5599479675293,2132500
2022-02-08 05:00:00+00:00,DELL,53.696204673648886,54.53194159581056,53.25108151097416,54.45927047729492,2933500
2022-02-09 05:00:00+00:00,DELL,54.76812931497215,55.41310063826658,54.55919508905908,55.20416641235352,3346900
2022-02-10 05:00:00+00:00,DELL,54.90437965326807,55.903634197560166,54.63185694675721,55.15873718261719,3676800
2022-02-11 05:00:00+00:00,DELL,55.18599827540551,55.68562390417749,53.91422079733607,54.059566497802734,2449800
2022-02-14 05:00:00+00:00,DELL,53.77797067256658,54.1867566104063,52.89681025825823,53.2329216003418,2902500
2022-02-15 05:00:00+00:00,DELL,53.505434415486505,54.89530278935192,53.469097126745226,54.34117126464844,3400900
2022-02-16 05:00:00+00:00,DELL,53.92330451121956,54.99523030510558,53.89605327647634,54.76812744140625,3001700
2022-02-17 05:00:00+00:00,DELL,54.70453220463859,54.840791826950536,53.814289504006304,53.83245468139648,2716100
2022-02-18 05:00:00+00:00,DELL,53.82337856588371,54.4229299859797,53.37825542937676,53.50543594360352,3198000
2022-02-22 05:00:00+00:00,DELL,53.00581221773989,53.62353234501871,51.697700841610335,51.897552490234375,3316400
2022-02-23 05:00:00+00:00,DELL,52.40625557298821,53.03306169451896,51.37066706910311,51.5796012878418,3477400
2022-02-24 05:00:00+00:00,DELL,50.04439172548362,50.83470879259927,49.39033430976584,50.72570037841797,6516000
2022-02-25 05:00:00+00:00,DELL,46.101877808113166,48.19122330142783,44.65750356674394,46.746849060058594,14711100
2022-02-28 05:00:00+00:00,DELL,46.15638106530893,47.24647189237569,45.70217539892637,46.29264068603516,6844300
2022-03-01 05:00:00+00:00,DELL,45.438742451376406,45.91111683479674,45.05720782944218,45.31156539916992,5359800
2022-03-02 05:00:00+00:00,DELL,45.8475277295813,48.91795598505797,45.66584474358917,48.69085311889648,6072200
2022-03-03 05:00:00+00:00,DELL,48.49099938297065,49.0087935811151,47.66434518371246,47.77335357666016,4004200
2022-03-04 05:00:00+00:00,DELL,47.3100693015468,47.682517852098194,46.692349247171606,47.20105743408203,2984600
2022-03-07 05:00:00+00:00,DELL,46.71052382761014,47.0012187340415,44.49400072277154,44.81194686889648,4649800
2022-03-08 05:00:00+00:00,DELL,45.19347241842611,46.80136119970338,44.557583671234525,45.63859558105469,5920600
2022-03-09 05:00:00+00:00,DELL,46.73777365252468,47.746110999686486,46.447082241761,47.21923065185547,4199800
2022-03-10 05:00:00+00:00,DELL,46.61058885988416,47.41907442850948,46.35623131868255,47.21014022827149,3590400
2022-03-11 05:00:00+00:00,DELL,47.23740407238933,47.900544136798494,46.81953556034772,47.24648666381836,2977400
2022-03-14 04:00:00+00:00,DELL,47.11022782815167,47.74611666413011,45.765779027539885,46.09280776977539,3406400
2022-03-15 04:00:00+00:00,DELL,46.09280598781715,47.41908608866208,45.9292916230209,47.31007766723633,2477400
2022-03-16 04:00:00+00:00,DELL,46.80135441679959,47.62800862874748,45.98378279385579,47.21014022827149,5130700
2022-03-17 04:00:00+00:00,DELL,46.71960189095319,46.746853125984266,44.9845361325753,45.88386154174805,5634300
2022-03-18 04:00:00+00:00,DELL,45.79302353473687,47.137472137676255,45.44782619476268,47.082969665527344,4907200
2022-03-21 04:00:00+00:00,DELL,47.01028958452026,48.11855259280475,46.94670106423978,47.52808380126953,3853500
2022-03-22 04:00:00+00:00,DELL,47.63710483785347,48.44559410295136,47.50992776354818,48.13673400878906,2764900
2022-03-23 04:00:00+00:00,DELL,47.75519657638918,48.50009379621483,47.69160804289054,47.782447814941406,2895900
2022-03-24 04:00:00+00:00,DELL,47.80969692372188,48.91795656736844,47.62801393556703,48.60909652709961,2806000
2022-03-25 04:00:00+00:00,DELL,48.60001792817174,49.85362683754176,48.47284086561385,49.77186965942383,3715400
2022-03-28 04:00:00+00:00,DELL,49.28132419735572,49.58110165766774,48.7998672081072,49.32674407958984,2892100
2022-03-29 04:00:00+00:00,DELL,49.771862806733495,50.23515110873864,49.335825738577306,49.9898796081543,3417800
2022-03-30 04:00:00+00:00,DELL,49.69010314774193,50.18972871336412,49.21772881460195,49.34490585327149,2829000
2022-03-31 04:00:00+00:00,DELL,46.601511345351206,46.93762264512564,45.5750053340609,45.59317398071289,6459300
2022-04-01 04:00:00+00:00,DELL,44.12154824443497,44.51216548407141,43.24947399723897,44.33048248291016,8086300
2022-04-04 04:00:00+00:00,DELL,44.45765378133994,45.275225447930985,44.28505685853275,44.85735702514648,3326400
2022-04-05 04:00:00+00:00,DELL,44.38498728728447,45.04812727903917,44.20330429077149,44.20330429077149,3335000
2022-04-06 04:00:00+00:00,DELL,43.82176743978607,44.003446947447614,42.46823292969485,42.804344177246094,6815300
2022-04-07 04:00:00+00:00,DELL,43.16771146063049,44.24871981209248,42.63174857966884,43.32213973999024,6182900
2022-04-08 04:00:00+00:00,DELL,43.09504146518316,43.69459293260724,42.804350054633,43.04962158203125,3707700
2022-04-11 04:00:00+00:00,DELL,42.63176039720255,43.63101185855077,42.46824601766331,42.64992904663086,3663000
2022-04-12 04:00:00+00:00,DELL,42.72259006358176,43.40389866190967,42.70442141845525,42.78617858886719,3970200
2022-04-13 04:00:00+00:00,DELL,42.64083683121126,43.34940019532479,42.6135855936621,42.97695159912109,3200100
2022-04-14 04:00:00+00:00,DELL,42.84068644840269,43.32214343727797,42.595414926150696,42.64083480834961,3678200
2022-04-18 04:00:00+00:00,DELL,42.42281681298984,43.44023670039587,42.35922828660913,43.09503936767578,3565000
2022-04-19 04:00:00+00:00,DELL,43.13163252821556,44.04640731363188,43.05844887037959,43.90004348754883,4394000
2022-04-20 04:00:00+00:00,DELL,44.3665795618174,45.39112640141773,44.3665795618174,44.82396697998047,3039900
2022-04-21 04:00:00+00:00,DELL,44.970324512445,45.272201841132826,43.81770991561101,44.10128784179688,3098800
2022-04-22 04:00:00+00:00,DELL,43.918338673240754,43.918338673240754,42.83890756901538,42.87549591064453,4111900
2022-04-25 04:00:00+00:00,DELL,42.57361654181971,43.25969758561513,42.02474961303019,43.24140167236328,6537200
2022-04-26 04:00:00+00:00,DELL,42.97611835506403,43.61646139316209,42.50958475692318,42.546173095703125,4114600
2022-04-27 04:00:00+00:00,DELL,42.54617946742077,43.287148399706055,41.83265615531673,42.58277130126953,3404400
2022-04-28 04:00:00+00:00,DELL,43.11334148900438,44.30254814660308,42.866351850261765,44.01896667480469,2604600
2022-04-29 04:00:00+00:00,DELL,43.67134774545914,45.02521394570429,42.93037894772978,43.00355911254883,4124000
2022-05-02 04:00:00+00:00,DELL,42.77487019438137,43.48839694602832,42.44555418160866,43.451805114746094,3573200
2022-05-03 04:00:00+00:00,DELL,43.589028085962,44.14703787833696,43.19567457538342,43.77198028564453,2943600
2022-05-04 04:00:00+00:00,DELL,44.0647029071433,44.86055954018861,43.20481580327046,44.65016174316406,4166600
2022-05-05 04:00:00+00:00,DELL,44.50378996102568,44.6958918079785,42.91208046870168,43.23225021362305,3265300
2022-05-06 04:00:00+00:00,DELL,42.76572717266166,42.93038693612996,41.49419060222591,41.69544219970703,5542700
2022-05-09 04:00:00+00:00,DELL,41.1374169592863,41.91497401277774,40.87213147436773,41.33866500854492,4320500
2022-05-10 04:00:00+00:00,DELL,42.12537886026816,42.308334518264935,40.91787640291399,41.62225341796875,5163100
2022-05-11 04:00:00+00:00,DELL,41.50332784750139,42.29003466083103,40.56111100760541,40.625144958496094,4552400
2022-05-12 04:00:00+00:00,DELL,40.4056066283386,41.07339539221415,39.49083170637026,40.01225662231445,5832700
2022-05-13 04:00:00+00:00,DELL,40.4787852198544,41.722879516019184,40.41475126251553,41.247196197509766,4100500
2022-05-16 04:00:00+00:00,DELL,40.99106603545552,41.47589563364915,40.67089271490602,41.19231414794922,5127700
2022-05-17 04:00:00+00:00,DELL,42.07050148827787,42.7474329971457,41.58566839182984,42.63766098022461,4664700
2022-05-18 04:00:00+00:00,DELL,42.01560944648947,42.21686103162765,39.55486633827178,39.618900299072266,4560600
2022-05-19 04:00:00+00:00,DELL,38.88706480170512,38.92365662141007,37.39598478940226,37.59723281860352,7072800
2022-05-20 04:00:00+00:00,DELL,37.83508644331592,37.94485844268647,35.063319904484025,36.6367301940918,9450800
2022-05-23 04:00:00+00:00,DELL,36.837975561399176,37.999739785244486,36.837975561399176,37.70701217651367,8961000
2022-05-24 04:00:00+00:00,DELL,37.2862167979521,37.91741360072032,36.49951345426305,37.395992279052734,6600600
2022-05-25 04:00:00+00:00,DELL,37.45087610915777,39.957360399369705,37.395991858812906,39.609745025634766,6045400
2022-05-26 04:00:00+00:00,DELL,38.77730030587318,40.57940764340706,38.42053871895989,40.18605422973633,6899900
2022-05-27 04:00:00+00:00,DELL,46.095495592345614,48.117146798761866,44.320833968416494,45.354530334472656,15886600
2022-05-31 04:00:00+00:00,DELL,45.21731952770688,46.159536473470034,44.24765696448635,45.68385314941406,13254200
2022-06-01 04:00:00+00:00,DELL,45.97658503841177,47.14749928587496,45.64726900495173,46.35164260864258,5584400
2022-06-02 04:00:00+00:00,DELL,45.73873831116623,46.96453663748904,45.6747043566977,46.90964889526367,3747400
2022-06-03 04:00:00+00:00,DELL,46.61692240655847,47.3395953273174,46.36078658232548,46.67181015014648,2721800
2022-06-06 04:00:00+00:00,DELL,46.75413829878629,46.91879803389707,45.68385002056623,45.77532958984375,2722900
2022-06-07 04:00:00+00:00,DELL,45.51919712013676,46.89135945903013,45.162435470358766,46.79073715209961,2451900
2022-06-08 04:00:00+00:00,DELL,46.81817610661457,46.9279481091954,46.040618896484375,46.040618896484375,2511100
2022-06-09 04:00:00+00:00,DELL,45.92169624188152,47.019426713758605,45.73874058163717,46.05891036987305,3142800
2022-06-10 04:00:00+00:00,DELL,45.3728250938694,46.01316810111764,44.85140377829593,44.9703254699707,2544600
2022-06-13 04:00:00+00:00,DELL,43.76282748178346,44.24765701919871,43.06760015474292,43.22311019897461,2612700
2022-06-14 04:00:00+00:00,DELL,43.543284180869975,43.845161575207165,43.01271654935371,43.31459045410156,2352400
2022-06-15 04:00:00+00:00,DELL,43.68964851646645,44.43976715910279,43.1133428310502,43.82686614990234,2515300
2022-06-16 04:00:00+00:00,DELL,42.89378625985414,43.07674190261378,41.53077387495146,41.97901153564453,2830700
2022-06-17 04:00:00+00:00,DELL,42.61935535474923,43.84515364819244,42.39066166932765,43.53413009643555,5094900
2022-06-21 04:00:00+00:00,DELL,44.66845496828441,45.23561436477794,44.21106757023728,45.03436279296875,5271400
2022-06-22 04:00:00+00:00,DELL,44.52208930407411,45.52834371089481,44.28424938367738,44.46720504760742,3735800
2022-06-23 04:00:00+00:00,DELL,44.47634653902923,45.34538323325113,44.20191481706144,44.86055374145508,3014000
2022-06-24 04:00:00+00:00,DELL,45.09839342460928,46.37907944055707,44.869699742446365,45.967430114746094,9204600
2022-06-27 04:00:00+00:00,DELL,46.068062105253176,46.16868789730787,45.65641272393357,45.958290100097656,3329700
2022-06-28 04:00:00+00:00,DELL,46.0772055396716,46.33334485570684,44.71419304655198,44.76907730102539,3149800
2022-06-29 04:00:00+00:00,DELL,44.81481504590325,44.85140338259768,43.223105498476855,43.351173400878906,3346400
2022-06-30 04:00:00+00:00,DELL,42.68340084677282,43.25971006692274,41.99731960502899,42.271751403808594,3976900
2022-07-01 04:00:00+00:00,DELL,41.89667747204521,42.48213267853153,38.79559202609607,39.097469329833984,6384400
2022-07-05 04:00:00+00:00,DELL,38.42968997635754,39.52742049608284,38.02719029794688,39.46338653564453,3849800
2022-07-06 04:00:00+00:00,DELL,39.02428825803302,39.43593756773993,37.990591878010896,38.603492736816406,3685400
2022-07-07 04:00:00+00:00,DELL,39.07002445996568,39.76525514806339,39.00599051363936,39.28042221069336,2983500
2022-07-08 04:00:00+00:00,DELL,38.79559337916376,39.56400423687387,38.53030788897599,39.26212692260742,3315000
2022-07-11 04:00:00+00:00,DELL,38.786446612498565,39.37190183101973,38.70411675429476,38.85962677001953,2400000
2022-07-12 04:00:00+00:00,DELL,38.81389453309871,39.975658932582185,38.759006789568,39.38105392456055,4518200
2022-07-13 04:00:00+00:00,DELL,38.8779311890148,39.86588970364432,38.79560131279568,39.46338653564453,3584700
2022-07-14 04:00:00+00:00,DELL,38.9877065283719,39.161515998359455,37.81679573497517,39.06089019775391,3574700
2022-07-15 04:00:00+00:00,DELL,39.39019954678294,39.76525703142415,38.99684614952648,39.756107330322266,2208800
2022-07-18 04:00:00+00:00,DELL,40.24094390877248,40.37815803134114,39.152359692614745,39.243839263916016,2183000
2022-07-19 04:00:00+00:00,DELL,39.64945929321796,40.69116896771233,39.64945929321796,40.59898376464844,2321500
2022-07-20 04:00:00+00:00,DELL,40.56211073590755,41.20741774639778,40.07352280009538,40.71882629394531,2559000
2022-07-21 04:00:00+00:00,DELL,40.65429436949597,41.24429163859247,40.3224255212194,41.16132354736328,2177600
2022-07-22 04:00:00+00:00,DELL,40.82022712806233,41.11522397954694,39.82461363346171,39.95367431640625,3365400
2022-07-25 04:00:00+00:00,DELL,40.23945771353834,40.82945147015208,39.86149274341766,40.423828125,2262200
2022-07-26 04:00:00+00:00,DELL,40.42382219447103,40.6819470626005,39.89835886228698,40.03664016723633,2309300
2022-07-27 04:00:00+00:00,DELL,40.18414550810389,41.01382644746692,39.98133383033954,40.82945251464844,1889000
2022-07-28 04:00:00+00:00,DELL,40.77412513194879,41.36411869893893,40.45147349895076,41.02302932739258,1625700
2022-07-29 04:00:00+00:00,DELL,41.03225840083879,41.566942424704095,40.580545982949886,41.53928756713867,2121300
2022-08-01 04:00:00+00:00,DELL,41.27194395574032,42.166155159861866,41.106007783498384,41.87115478515625,1807400
2022-08-02 04:00:00+00:00,DELL,41.48397460787091,41.70522401976787,40.67273145310221,40.80179214477539,2242000
2022-08-03 04:00:00+00:00,DELL,40.7556983788466,41.36412984838399,40.03664396484058,40.97694778442383,3057300
2022-08-04 04:00:00+00:00,DELL,41.0138287052904,41.0138287052904,40.14727222833143,40.74648666381836,3152100
2022-08-05 04:00:00+00:00,DELL,40.433050442958574,41.8895971508051,40.37773720722757,41.861942291259766,3221300
2022-08-08 04:00:00+00:00,DELL,42.073972279547135,42.81146452700274,41.66835242260666,41.89881896972656,2821200
2022-08-09 04:00:00+00:00,DELL,41.77897291113553,41.87115811787853,41.08757331064237,41.56694412231445,2767400
2022-08-10 04:00:00+00:00,DELL,42.405839047235126,43.54895451669957,42.30443321728587,43.53973388671875,1967200
2022-08-11 04:00:00+00:00,DELL,43.705671749358274,44.70128882737349,43.62270365952367,43.88082504272461,2342400
2022-08-12 04:00:00+00:00,DELL,44.15739565363096,44.516922935568026,43.926929086579946,44.452392578125,1987300
2022-08-15 04:00:00+00:00,DELL,44.29567174764651,44.8948862051484,44.23114139273284,44.52613830566406,2258300
2022-08-16 04:00:00+00:00,DELL,44.53535091686983,45.3926866396276,44.39706960030633,44.79347229003906,2257200
2022-08-17 04:00:00+00:00,DELL,44.50769814414821,44.50769814414821,43.49364675054712,44.09286117553711,2086900
2022-08-18 04:00:00+00:00,DELL,44.67363169495403,45.20831573689489,44.07442082205915,45.11612701416016,2147200
2022-08-19 04:00:00+00:00,DELL,44.406291357596,44.50769719812878,43.63192715710631,43.94535827636719,2123000
2022-08-22 04:00:00+00:00,DELL,43.30927463648796,43.53052407682889,42.91287188016421,43.180213928222656,2883200
2022-08-23 04:00:00+00:00,DELL,42.95896145400609,44.083639289416986,42.95896145400609,43.27239608764648,2737700
2022-08-24 04:00:00+00:00,DELL,43.15255090349183,43.53973295504219,42.58099142267003,42.97739410400391,1981400
2022-08-25 04:00:00+00:00,DELL,43.68723688224544,44.258792918388906,43.4659909725436,44.15739059448242,3798400
2022-08-26 04:00:00+00:00,DELL,42.27678440919213,42.27678440919213,37.96245032058312,38.19291687011719,12423800
2022-08-29 04:00:00+00:00,DELL,37.71353779226472,39.05946130373632,37.354010616138446,37.41854095458984,6315200
2022-08-30 04:00:00+00:00,DELL,37.64901469447145,38.109947781565054,36.5888671875,36.5888671875,4619700
2022-08-31 04:00:00+00:00,DELL,36.100274589262014,36.52433213075788,35.1968462769552,35.29825210571289,6819900
2022-09-01 04:00:00+00:00,DELL,34.966384804623786,35.058570016800445,34.20123418032389,34.7082633972168,4298400
2022-09-02 04:00:00+00:00,DELL,35.30746468629512,35.46418372424884,34.53309715849421,34.83731460571289,3422400
2022-09-06 04:00:00+00:00,DELL,34.85576709125531,34.89263907168966,33.91546301568078,34.37639617919922,3994600
2022-09-07 04:00:00+00:00,DELL,34.265764986322694,35.1691969575018,33.86936575539697,35.01247787475586,3571500
2022-09-08 04:00:00+00:00,DELL,34.67138392646047,35.50106129074974,34.51466486377826,35.491844177246094,3894700
2022-09-09 04:00:00+00:00,DELL,35.83293078987971,36.81932713830816,35.83293078987971,36.68104934692383,3104800
2022-09-12 04:00:00+00:00,DELL,36.87464024233078,37.57525685961358,36.87464024233078,37.15119934082031,2611400
2022-09-13 04:00:00+00:00,DELL,36.2016795930023,36.4137083589182,35.159969989467754,35.30746841430664,3918700
2022-09-14 04:00:00+00:00,DELL,35.464191463606376,35.63012764982168,34.84653932232937,35.1507568359375,3267800
2022-09-15 04:00:00+00:00,DELL,34.8649789612452,35.14153811441561,34.37639100675614,34.7082633972168,3472000
2022-09-16 04:00:00+00:00,DELL,34.29342465146753,35.150760531502264,34.0445203459761,34.994041442871094,5918500
2022-09-19 04:00:00+00:00,DELL,34.45935516508128,35.02169403833912,34.26576061501676,34.86497497558594,2780400
2022-09-20 04:00:00+00:00,DELL,34.46857377711363,34.54232475494264,33.850925162676475,34.06295394897461,2601800
2022-09-21 04:00:00+00:00,DELL,34.27498645175674,34.85576315689399,33.88780080945172,33.9062385559082,2533300
2022-09-22 04:00:00+00:00,DELL,33.69420532545002,33.99842282710339,33.37155359639957,33.4453010559082,2568400
2022-09-23 04:00:00+00:00,DELL,32.87374682527007,33.334679901068384,32.08094137223452,32.744686126708984,2881200
2022-09-26 04:00:00+00:00,DELL,32.32984181603989,32.87374292156003,31.92422202349465,31.988752365112305,3611400
2022-09-27 04:00:00+00:00,DELL,32.55108794047966,32.89217735711091,31.850467849592228,32.00718688964844,3306600
2022-09-28 04:00:00+00:00,DELL,31.813595896950247,32.63405963694347,31.813595896950247,32.53265380859375,2908400
2022-09-29 04:00:00+00:00,DELL,31.97031059285213,32.200777074336564,31.16828822194533,31.51859474182129,4703500
2022-09-30 04:00:00+00:00,DELL,31.647656407628293,32.22842936278397,31.426407055683885,31.500154495239254,3041500
2022-10-03 04:00:00+00:00,DELL,31.822826021761824,33.31624848645401,31.52782907852981,33.07656478881836,4119700
2022-10-04 04:00:00+00:00,DELL,33.72186801594105,34.56076613548422,33.66655477674987,34.53310775756836,2670300
2022-10-05 04:00:00+00:00,DELL,34.06295363060938,35.14153529647648,33.887796818222654,34.901851654052734,2512400
2022-10-06 04:00:00+00:00,DELL,34.94793535491989,35.32590022488978,34.45934756405716,34.55153274536133,2757500
2022-10-07 04:00:00+00:00,DELL,33.23327694479405,33.63890033733512,31.841260482444216,31.89657020568848,5615000
2022-10-10 04:00:00+00:00,DELL,32.182350567537135,32.30219416440123,31.057672619983325,31.785947799682617,3266600
2022-10-11 04:00:00+00:00,DELL,31.712195632530964,32.02563025101045,31.10376413979316,31.223604202270508,3090600
2022-10-12 04:00:00+00:00,DELL,31.122197597946727,31.454069952442563,30.95626493733885,31.13141822814941,2873300
2022-10-13 04:00:00+00:00,DELL,30.48611838376678,32.50500432299423,30.32940280011646,32.256103515625,3036300
2022-10-14 04:00:00+00:00,DELL,32.32984071003141,32.48655976048425,31.361882102240724,31.583127975463867,2288100
2022-10-17 04:00:00+00:00,DELL,31.74907501732782,32.42203701364747,31.426423209722834,31.7767333984375,3412400
2022-10-18 04:00:00+00:00,DELL,32.43756704920067,32.76334102934446,31.65571446773953,32.16764450073242,2468800
2022-10-19 04:00:00+00:00,DELL,31.674340788734213,32.56788942456256,31.55334233284049,32.102500915527344,2225700
2022-10-20 04:00:00+00:00,DELL,32.13041608143554,33.25665517548859,32.13041608143554,32.44688034057617,2122100
2022-10-21 04:00:00+00:00,DELL,32.9122664859483,34.420123828505425,32.81918668046235,34.29912185668945,2964700
2022-10-24 04:00:00+00:00,DELL,34.46666946999892,34.913441981837614,34.11297678393847,34.699363708496094,2346600
2022-10-25 04:00:00+00:00,DELL,34.634218630397605,35.34161128810823,34.52252636099238,35.127532958984375,2434300
2022-10-26 04:00:00+00:00,DELL,34.73658322914934,35.57428360872329,34.615581274181764,35.174049377441406,2339600
2022-10-27 04:00:00+00:00,DELL,35.46260540213524,35.78837951119827,34.89483436467579,35.146141052246094,3395800
2022-10-28 04:00:00+00:00,DELL,35.34160675066537,36.66330849573055,35.34160675066537,36.4492301940918,3062300
2022-10-31 04:00:00+00:00,DELL,36.00244527442934,36.2072172973399,35.63944290700175,35.74182891845703,2578800
2022-11-01 04:00:00+00:00,DELL,36.244456456974405,36.532998615990856,35.43468143087352,36.43992233276367,2227300
2022-11-02 04:00:00+00:00,DELL,36.30961170821048,36.58884766794626,35.05306409193038,35.06237030029297,2865600
2022-11-03 04:00:00+00:00,DELL,34.58767239004931,35.21129481217176,34.457364181119004,34.76451873779297,2385300
2022-11-04 04:00:00+00:00,DELL,35.61151661680868,36.60745099817331,35.48120844091934,36.30029296875,2816400
2022-11-07 05:00:00+00:00,DELL,36.38407574192163,37.22177652364586,36.24445776142335,37.11008071899414,2497900
2022-11-08 05:00:00+00:00,DELL,37.38931120753175,38.208395979712726,37.27761895925379,37.62200546264648,2523800
2022-11-09 05:00:00+00:00,DELL,37.12868511598965,37.510303453043775,36.5050663788704,36.607452392578125,2106400
2022-11-10 05:00:00+00:00,DELL,38.18977386341373,38.84131838294133,37.68715705178455,38.83201217651367,3582200
2022-11-11 05:00:00+00:00,DELL,38.82270821390341,40.08856551491843,38.68309379285861,39.725563049316406,2524200
2022-11-14 05:00:00+00:00,DELL,38.78547645468105,39.95825748023999,38.78547645468105,39.3253288269043,2918200
2022-11-15 05:00:00+00:00,DELL,40.20956618771849,40.42364446673163,39.26017324342168,39.41840362548828,2967200
2022-11-16 05:00:00+00:00,DELL,39.07401614812592,39.07401614812592,38.20839329585218,38.32939529418945,2679800
2022-11-17 05:00:00+00:00,DELL,37.85469289564354,39.00885775528903,37.55684458682507,38.869239807128906,2382100
2022-11-18 05:00:00+00:00,DELL,38.94370763932079,39.222940013543976,38.50624133763738,39.12986373901367,3992300
2022-11-21 05:00:00+00:00,DELL,38.68308722436995,38.82270162170787,37.137997792993,38.22700500488281,7317500
2022-11-22 05:00:00+00:00,DELL,38.841321439212855,40.916953597838486,37.60338995027123,40.81456756591797,12566200
2022-11-23 05:00:00+00:00,DELL,40.81456497668571,42.19211789069388,40.52602641481311,41.52195739746094,4938500
2022-11-25 05:00:00+00:00,DELL,41.41957493520869,41.95011752111471,41.34511107371828,41.54057693481445,2034700
2022-11-28 05:00:00+00:00,DELL,41.1403359412963,41.23341220256207,40.54463934767908,40.563255310058594,2959900
2022-11-29 05:00:00+00:00,DELL,40.62841012438904,40.89833270710472,40.39571591646157,40.50740814208984,3448800
2022-11-30 05:00:00+00:00,DELL,40.44225399188165,41.708111049354144,39.79070950046118,41.68949508666992,6805600
2022-12-01 05:00:00+00:00,DELL,41.88495782508229,42.220038055784045,41.29856742135421,41.7918815612793,2331400
2022-12-02 05:00:00+00:00,DELL,41.21480218763737,41.63365252503861,40.88903167556544,41.45680618286133,2518000
2022-12-05 05:00:00+00:00,DELL,40.85179492143342,41.019335036609874,39.9768659704478,40.08855819702149,2304100
2022-12-06 05:00:00+00:00,DELL,40.0327186760778,40.16303044338878,39.15778954221405,39.53010177612305,2844600
2022-12-07 05:00:00+00:00,DELL,39.12986519743431,39.3439434773388,38.61793856717294,39.01816940307617,2906000
2022-12-08 05:00:00+00:00,DELL,39.13918055357607,39.51149285386459,38.83202592387629,39.30672073364258,3438600
2022-12-09 05:00:00+00:00,DELL,38.99024681176824,39.57663729864804,38.86924481116045,38.93440246582031,1835200
2022-12-12 05:00:00+00:00,DELL,38.75755703253865,39.9117221737026,38.515556554083005,39.90241241455078,3319500
2022-12-13 05:00:00+00:00,DELL,41.25202830703972,41.27995047538928,39.641784837299056,39.883785247802734,2816400
2022-12-14 05:00:00+00:00,DELL,39.64177975594641,39.93032181088925,38.6272330119213,38.79477310180664,3367900
2022-12-15 05:00:00+00:00,DELL,38.07808304239634,38.07808304239634,36.57022545043881,36.653995513916016,4463300
2022-12-16 05:00:00+00:00,DELL,36.26307095007253,36.71915324086955,36.03037670082828,36.532997131347656,4645900
2022-12-19 05:00:00+00:00,DELL,36.61675720332334,36.691217496418034,35.96521277324511,36.30029296875,2648600
2022-12-20 05:00:00+00:00,DELL,36.06760899481113,36.43061145917383,35.99314513000211,36.25376510620117,1893400
2022-12-21 05:00:00+00:00,DELL,36.43991684065013,36.81222546807827,36.328221056852826,36.411991119384766,2863900
2022-12-22 05:00:00+00:00,DELL,35.797682022332786,36.4399204149506,35.388141426801404,36.43061065673828,2285900
2022-12-23 05:00:00+00:00,DELL,36.48645497524964,36.56091528048243,35.955912429424686,36.411991119384766,1466400
2022-12-27 05:00:00+00:00,DELL,36.50506896105523,36.84945539918824,36.23514282412012,36.681915283203125,1832500
2022-12-28 05:00:00+00:00,DELL,36.65399617423397,36.76568841067167,35.92798776080856,36.07691192626953,1822900
2022-12-29 05:00:00+00:00,DELL,36.402686820073896,37.15661387173209,36.30030078821111,37.06353759765625,1582800
2022-12-30 05:00:00+00:00,DELL,36.75638152185865,37.435848236083984,36.65399549426007,37.435848236083984,1582400
2023-01-03 05:00:00+00:00,DELL,37.752307118071656,38.1432316576722,37.2031486810388,38.06877136230469,2679200
2023-01-04 05:00:00+00:00,DELL,38.52485695518746,38.720319260317446,37.7709299066483,38.10600662231445,2790000
2023-01-05 05:00:00+00:00,DELL,37.92915555368881,38.25492602162728,37.49168931048703,38.04084777832031,2483700
2023-01-06 05:00:00+00:00,DELL,38.32007999964529,39.64178493122052,37.99430953268931,39.48355102539063,3179700
2023-01-09 05:00:00+00:00,DELL,39.7441690591816,40.116477639332416,39.269470914902406,39.35324096679688,2966400
2023-01-10 05:00:00+00:00,DELL,39.16709528127466,39.67902188738714,38.92509128888039,39.54871368408203,2780300
2023-01-11 05:00:00+00:00,DELL,39.16709588091603,39.27878812108294,36.93322977378407,37.9477767944336,5620300
2023-01-12 05:00:00+00:00,DELL,37.71508648843518,37.89193284969035,37.0263099092233,37.16592788696289,4410100
2023-01-13 05:00:00+00:00,DELL,36.63537252956366,37.42653132697479,36.29098613487509,37.39860916137695,3383600
2023-01-17 05:00:00+00:00,DELL,37.352086341431885,37.40793069551164,36.71915762388678,37.25900650024414,2691600
2023-01-18 05:00:00+00:00,DELL,37.48239290561292,37.69647120489814,36.94254050257239,37.249698638916016,2757400
2023-01-19 05:00:00+00:00,DELL,36.6912226627382,37.10076675963528,36.32822025003906,36.72845458984375,3341700
2023-01-20 05:00:00+00:00,DELL,37.09146126132772,37.50100540524804,36.67261446051091,37.47307968139648,2907900
2023-01-23 05:00:00+00:00,DELL,37.9384614977152,38.738930128416726,37.78023114313231,38.19908142089844,2745200
2023-01-24 05:00:00+00:00,DELL,37.72053050675091,38.53686932834751,37.63608141628141,38.08647537231445,1903000
2023-01-25 05:00:00+00:00,DELL,37.53288128731909,38.26477132700918,37.326449294826205,38.020809173583984,2705600
2023-01-26 05:00:00+00:00,DELL,38.42428495762873,38.51811572181359,37.7393103567195,38.46181869506836,1645300
2023-01-27 05:00:00+00:00,DELL,38.18970599243895,38.63071489701167,37.81437576188642,37.823760986328125,2677300
2023-01-30 05:00:00+00:00,DELL,37.4953438352266,37.917589423792826,37.38274620474699,37.542259216308594,2444000
2023-01-31 05:00:00+00:00,DELL,37.48596149793897,38.1146354675293,37.06371591717693,38.1146354675293,2562500
2023-02-01 05:00:00+00:00,DELL,38.00203341038288,38.88405462563989,37.8519020635431,38.687007904052734,3476500
2023-02-02 05:00:00+00:00,DELL,38.94035735855314,40.422907621889,38.93097571485462,39.80361175537109,4623200
2023-02-03 05:00:00+00:00,DELL,39.371987274559416,40.14141096984517,39.12802514800636,39.63471984863281,2936700
2023-02-06 05:00:00+00:00,DELL,39.5784201541463,39.5784201541463,37.82375910913777,38.43366622924805,4299200
2023-02-07 05:00:00+00:00,DELL,38.33983037489339,39.59718176464191,38.28352977675646,39.4001350402832,3268800
2023-02-08 05:00:00+00:00,DELL,39.1092642111606,39.63472585958414,39.00604821062967,39.259395599365234,2643200
2023-02-09 05:00:00+00:00,DELL,39.97251768572885,40.31969941956162,39.334458408767794,39.447059631347656,2878400
2023-02-10 05:00:00+00:00,DELL,39.29692670993736,40.58242685907552,39.14679533178557,40.08511734008789,3964200
2023-02-13 05:00:00+00:00,DELL,40.169564941732965,41.1172685592615,40.01004834507117,40.723175048828125,3705100
2023-02-14 05:00:00+00:00,DELL,40.58242379293153,41.09850014262355,40.28216105931384,40.37599182128906,2277200
2023-02-15 05:00:00+00:00,DELL,39.92559864838181,40.39475962798539,39.85053475294063,40.1601791381836,2139900
2023-02-16 05:00:00+00:00,DELL,39.85053683801231,41.02343934839021,39.72855397469698,40.08511734008789,2960900
2023-02-17 05:00:00+00:00,DELL,39.963125026829616,40.31968830790524,39.70977771496644,39.85990905761719,2728400
2023-02-21 05:00:00+00:00,DELL,39.325071799701874,39.82238127537563,39.11863983044224,39.30630493164063,3973200
2023-02-22 05:00:00+00:00,DELL,39.46581979020773,39.65348130376464,39.03418900255061,39.231239318847656,2240600
2023-02-23 05:00:00+00:00,DELL,39.59718442909451,39.81299803402073,38.88405778902931,39.43766784667969,3414200
2023-02-24 05:00:00+00:00,DELL,38.77145728552292,39.22185132923869,38.57441056253733,39.04357147216797,3712800
2023-02-27 05:00:00+00:00,DELL,39.53150381617995,39.58780084101685,38.34921618280776,38.47119903564453,5148200
2023-02-28 05:00:00+00:00,DELL,38.3398357541278,39.10925947288395,38.011420921371645,38.13340377807617,7672500
2023-03-01 05:00:00+00:00,DELL,38.32106611904718,38.42428209962182,37.50472707723295,37.94573593139648,7083400
2023-03-02 05:00:00+00:00,DELL,37.720542533969336,37.76745791487517,36.50072473334687,37.69239044189453,9033100
2023-03-03 05:00:00+00:00,DELL,36.65085610480006,38.46181772743807,36.42565726524212,37.33583068847656,7775700
2023-03-06 05:00:00+00:00,DELL,37.77683420053315,37.82375315419752,36.66023254394531,36.66023254394531,5330200
2023-03-07 05:00:00+00:00,DELL,36.70715826900414,37.09187017340446,35.64685691017803,35.6562385559082,4813000
2023-03-08 05:00:00+00:00,DELL,35.84389523738916,36.40688691329129,35.68437866225483,36.37873840332031,3009800
2023-03-09 05:00:00+00:00,DELL,36.20046429962146,36.51949034181061,35.39350681089411,35.46857070922852,2730900
2023-03-10 05:00:00+00:00,DELL,35.34658797172711,35.412273804695126,34.042320966284066,34.45518493652344,3661900
2023-03-13 04:00:00+00:00,DELL,33.93910383289682,34.54901454329564,33.74205707885938,34.31443405151367,5580600
2023-03-14 04:00:00+00:00,DELL,35.177692687469566,35.937731202223155,34.86804471522603,35.23398971557617,4433900
2023-03-15 04:00:00+00:00,DELL,34.642843027153354,35.77821525297331,34.577160780132445,35.19645309448242,5072600
2023-03-16 04:00:00+00:00,DELL,34.26751651416844,35.75944849126,34.20183426695298,35.703147888183594,5951500
2023-03-17 04:00:00+00:00,DELL,35.52487632754905,35.83452076839538,34.60532107192972,34.92435073852539,13488400
2023-03-20 04:00:00+00:00,DELL,35.27151795731836,36.44442025228184,35.177687205486784,36.172306060791016,5994100
2023-03-21 04:00:00+00:00,DELL,36.59455986190309,36.92297114684666,36.35059770443281,36.73530960083008,3619400
2023-03-22 04:00:00+00:00,DELL,36.80098676777111,37.04494889149831,35.70314826246357,35.731300354003906,3286300
2023-03-23 04:00:00+00:00,DELL,35.95649617138472,36.22861039090194,35.0744748433174,35.487335205078125,3216000
2023-03-24 04:00:00+00:00,DELL,35.3090471340481,35.35596250391061,34.53962361418043,35.074466705322266,4260900
2023-03-27 04:00:00+00:00,DELL,35.45918548989679,35.806363590953005,35.30905412894702,35.6468505859375,3018900
2023-03-28 04:00:00+00:00,DELL,35.54363056457523,35.95649086541162,35.243367876800846,35.94710922241211,3981900
2023-03-29 04:00:00+00:00,DELL,36.50071734085738,36.81974687758382,36.256751682494766,36.70714569091797,3746600
2023-03-30 04:00:00+00:00,DELL,37.03555961670059,37.48595361499512,37.00740753096053,37.40150451660156,4139600
2023-03-31 04:00:00+00:00,DELL,37.4765721132654,37.89881764714599,37.4765721132654,37.72991943359375,3915700
2023-04-03 04:00:00+00:00,DELL,37.664245206639016,38.61195244870798,37.58918130654071,38.44305419921875,4756200
2023-04-04 04:00:00+00:00,DELL,38.69639045566377,38.79960284121837,37.9926491447874,38.34920883178711,3749300
2023-04-05 04:00:00+00:00,DELL,38.21785656139399,38.593186812122966,37.85191153561124,38.283538818359375,3046600
2023-04-06 04:00:00+00:00,DELL,38.08648803300606,38.27415313858995,37.74869155883789,37.74869155883789,2186500
2023-04-10 04:00:00+00:00,DELL,37.43904809445347,38.88406121020237,37.43904809445347,38.87467956542969,3470200
2023-04-11 04:00:00+00:00,DELL,38.86529289664722,39.362605957056985,38.84652960779926,39.0341911315918,2897800
2023-04-12 04:00:00+00:00,DELL,39.22185437499802,39.40013782532696,38.61194729276428,39.28753662109375,3519200
2023-04-13 04:00:00+00:00,DELL,39.37199139312519,40.1320335235702,39.1843262718458,40.01943588256836,4411800
2023-04-14 04:00:00+00:00,DELL,40.10387791563899,41.032814553593305,40.0569589590561,40.61056900024414,7116900
2023-04-17 04:00:00+00:00,DELL,40.11326173025914,41.2861641200328,40.07572799472701,41.220481872558594,6329400
2023-04-18 04:00:00+00:00,DELL,41.51136519423313,42.83439901812709,41.473831456675256,42.69364929199219,9277600
2023-04-19 04:00:00+00:00,DELL,41.72718109467532,42.51537172936034,41.1172703540042,41.12665557861328,7267000
2023-04-20 04:00:00+00:00,DELL,40.73255304305569,40.88268440206289,40.11326073972423,40.27277374267578,4489200
2023-04-21 04:00:00+00:00,DELL,40.09450167417267,40.479213580200806,39.89745489827366,40.45106506347656,4904900
2023-04-24 04:00:00+00:00,DELL,40.41320118334754,40.57409509621956,40.10087260838271,40.39427185058594,2814400
2023-04-25 04:00:00+00:00,DELL,40.31856242243335,40.384813294884346,39.46676394360553,39.47622680664063,2396000
2023-04-26 04:00:00+00:00,DELL,39.51408709996942,39.93052168822442,39.249083599298245,39.43836975097656,2501400
2023-04-27 04:00:00+00:00,DELL,39.589797602121045,40.51731330446328,39.55193893417207,40.50784683227539,2988500
2023-04-28 04:00:00+00:00,DELL,40.60248982135104,41.30285706290928,40.5267724923172,41.160892486572266,3792400
2023-05-01 04:00:00+00:00,DELL,41.16089205749167,41.74768690978308,41.06624539718601,41.47321701049805,4516200
2023-05-02 04:00:00+00:00,DELL,42.5994843076538,43.20521208985924,41.53000414636169,42.36287307739258,6777900
2023-05-03 04:00:00+00:00,DELL,42.63734935824714,43.29986162430588,42.40073809254056,42.741458892822266,5124900
2023-05-04 04:00:00+00:00,DELL,42.61842267963895,42.73199869374494,41.72876556488498,41.81394577026367,3549600
2023-05-05 04:00:00+00:00,DELL,42.34394613351714,43.347175410201686,42.22090728642161,42.95913314819336,3699600
2023-05-08 04:00:00+00:00,DELL,43.08217078542454,43.7162871134155,42.75091291568543,43.55539321899414,3888000
2023-05-09 04:00:00+00:00,DELL,43.62165332786724,43.74469219761775,42.84556866095125,43.51754379272461,3220600
2023-05-10 04:00:00+00:00,DELL,43.93397510248189,44.066480435024246,43.015925908903,43.37557601928711,3062200
2023-05-11 04:00:00+00:00,DELL,43.17681895680017,43.261999149376976,42.09787225776131,42.30609130859375,3737500
2023-05-12 04:00:00+00:00,DELL,42.32501802445543,42.40073174073058,41.82339976122906,42.36287307739258,2397200
2023-05-15 04:00:00+00:00,DELL,42.4007343351827,42.590024053054265,42.069480036708256,42.523773193359375,2996400
2023-05-16 04:00:00+00:00,DELL,42.43859533048341,43.65951028685543,42.28716426995364,42.94967651367188,3910100
2023-05-17 04:00:00+00:00,DELL,43.34718301621002,43.69736667741919,42.81717609338562,43.39450454711914,2404600
2023-05-18 04:00:00+00:00,DELL,43.31878219119047,44.77630815943955,43.20520981755048,44.59648132324219,3923300
2023-05-19 04:00:00+00:00,DELL,44.82363226532775,45.60917967636442,44.82363226532775,45.19274520874024,5111000
2023-05-22 04:00:00+00:00,DELL,44.24629950701017,45.3725676492625,43.88664943058642,44.99399185180664,3805600
2023-05-23 04:00:00+00:00,DELL,44.80469974131732,45.0507738159264,43.858254882912135,43.86771774291992,4141100
2023-05-24 04:00:00+00:00,DELL,43.59325832583767,43.59325832583767,42.82663657035864,43.451290130615234,3230700
2023-05-25 04:00:00+00:00,DELL,44.293625306213904,45.732222140381,44.066480527893454,45.50507736206055,4081700
2023-05-26 04:00:00+00:00,DELL,45.57132357770146,45.94989937311035,44.93720361453038,45.91204071044922,4296700
2023-05-30 04:00:00+00:00,DELL,46.1770533800126,46.47044902547776,44.643809848531575,44.7857780456543,5464400
2023-05-31 04:00:00+00:00,DELL,43.51754486489709,43.69736813250026,42.06948503053087,42.41020584106445,9937400
2023-06-01 04:00:00+00:00,DELL,42.59948585824982,44.95613538600861,42.31555309368154,43.025386810302734,14458300
2023-06-02 04:00:00+00:00,DELL,43.06324492817564,45.277926240326416,42.94020607461144,44.73845291137695,7914700
2023-06-05 04:00:00+00:00,DELL,44.72898220810272,45.03184788292851,42.87395116089826,43.0443115234375,5765700
2023-06-06 04:00:00+00:00,DELL,42.94967452166992,44.55863172167627,42.741455469198186,44.340946197509766,5466200
2023-06-07 04:00:00+00:00,DELL,44.35041158448252,45.22113921824788,44.26523139331842,45.107566833496094,4096000
2023-06-08 04:00:00+00:00,DELL,45.4198992035026,45.5240051254986,44.67220675301396,45.32525253295898,3976100
2023-06-09 04:00:00+00:00,DELL,45.514538665406405,46.06347486955691,45.041316181303785,45.060245513916016,3293500
2023-06-12 04:00:00+00:00,DELL,45.164351202172746,45.54292699106093,45.06970454715016,45.49560546875,3596800
2023-06-13 04:00:00+00:00,DELL,45.69436396920781,46.2054451415709,45.665971774210256,46.18651580810547,2805600
2023-06-14 04:00:00+00:00,DELL,46.025617060945486,47.02884635656154,46.025617060945486,46.735450744628906,4013600
2023-06-15 04:00:00+00:00,DELL,46.70705529733291,47.757609734836095,46.54616139413374,47.51153564453125,3216600
2023-06-16 04:00:00+00:00,DELL,47.51153648377395,47.60617953316278,46.87741649958591,47.00991821289063,9363300
2023-06-20 04:00:00+00:00,DELL,46.85849001692458,46.92474448800655,46.129730549435365,46.688133239746094,4212100
2023-06-21 04:00:00+00:00,DELL,47.20867556824624,47.88065062267436,46.76384528216517,47.37903594970703,5943300
2023-06-22 04:00:00+00:00,DELL,47.1708158112174,48.68512626647281,47.09509848325417,48.53369522094727,6326400
2023-06-23 04:00:00+00:00,DELL,47.88065313856352,48.89334900912534,47.804935804868606,48.14565658569336,18291800
2023-06-26 04:00:00+00:00,DELL,48.382262573372,48.81762997394269,48.00368677729413,48.57155227661133,3404300
2023-06-27 04:00:00+00:00,DELL,48.571547461320506,48.80815866431229,48.12671724436783,48.63779830932617,3496000
2023-06-28 04:00:00+00:00,DELL,48.2970847438869,49.139420173479294,48.18351236056233,48.99745559692383,2946800
2023-06-29 04:00:00+00:00,DELL,49.215145052610495,50.30355835851153,49.02585531109708,50.25623321533203,4033400
2023-06-30 04:00:00+00:00,DELL,51.05123399805597,51.68535392606728,50.88087363592759,51.21213150024414,5182400
2023-07-03 04:00:00+00:00,DELL,51.10802795032357,51.84625386538882,50.86195384876884,51.685359954833984,1828600
2023-07-05 04:00:00+00:00,DELL,51.18374271469184,51.75160821929297,50.97552367815104,51.30677795410156,2639900
2023-07-06 04:00:00+00:00,DELL,50.77677093370065,51.42035376219511,50.48337171146321,50.91873550415039,3596100
2023-07-07 04:00:00+00:00,DELL,51.03230951324559,51.60017864439236,50.60641217788668,50.6631965637207,5404100
2023-07-10 04:00:00+00:00,DELL,50.41712411947352,51.940901102897456,50.36980259292765,51.931434631347656,3238500
2023-07-11 04:00:00+00:00,DELL,52.05448132129503,52.86842469780135,51.94090891841555,52.75485229492188,4597100
2023-07-12 04:00:00+00:00,DELL,52.527690498959885,52.70751372524812,51.24999136341573,51.26891708374024,5882000
2023-07-13 04:00:00+00:00,DELL,51.638032027391546,52.67911991241776,51.31624063577244,52.66019058227539,5375700
2023-07-14 04:00:00+00:00,DELL,52.60341525802902,53.09556348485256,51.9030443637935,52.45198059082031,4227900
2023-07-17 04:00:00+00:00,DELL,52.603414754444046,52.67912847692239,51.76107567296488,51.77054214477539,4146500
2023-07-18 04:00:00+00:00,DELL,52.03554160949068,52.10179246549294,50.27515346908565,50.9471321105957,5230700
2023-07-19 04:00:00+00:00,DELL,51.07963897897263,51.6001830188528,51.06070964528955,51.39196395874024,3292700
2023-07-20 04:00:00+00:00,DELL,50.966049976821765,51.325700004260746,50.38872169355434,50.72943878173828,3414800
2023-07-21 04:00:00+00:00,DELL,50.578024788197325,51.37303881573223,50.568561925784486,50.69160079956055,2875600
2023-07-24 04:00:00+00:00,DELL,51.244348365480455,51.68274064987396,51.06327423988721,51.20622634887695,2937600
2023-07-25 04:00:00+00:00,DELL,51.46354634667832,52.092545101050426,51.46354634667832,51.816165924072266,2395400
2023-07-26 04:00:00+00:00,DELL,51.69227490741386,51.98771145836472,51.2348179620734,51.38730239868164,1931200
2023-07-27 04:00:00+00:00,DELL,51.873338317911845,52.20689681794937,51.0727942823068,51.187156677246094,2957500
2023-07-28 04:00:00+00:00,DELL,51.596968521372766,51.86381536962312,50.06259187290196,50.13883590698242,4747700
2023-07-31 04:00:00+00:00,DELL,50.0721282958154,50.66300506626912,49.90058284060045,50.43427658081055,3865500
2023-08-01 04:00:00+00:00,DELL,50.30084926183043,51.15857647167663,50.30084926183043,50.86313629150391,3681300
2023-08-02 04:00:00+00:00,DELL,50.55816532569389,50.75830045451018,50.00541064103242,50.46286392211914,2788900
2023-08-03 04:00:00+00:00,DELL,50.0340018499607,51.42542274316919,49.60513824985792,50.996559143066406,2615500
2023-08-04 04:00:00+00:00,DELL,51.07280109826375,51.99723997247509,50.567697120650784,50.73924255371094,2533600
2023-08-07 04:00:00+00:00,DELL,51.015624200226526,52.073486619263576,51.015624200226526,52.00677490234375,2738300
2023-08-08 04:00:00+00:00,DELL,52.454702850468856,55.96184891309135,52.24503536379069,54.875396728515625,8258000
2023-08-09 04:00:00+00:00,DELL,54.77055759060737,55.151766868683616,53.89376934355202,53.9128303527832,2754100
2023-08-10 04:00:00+00:00,DELL,54.503712732924086,54.68479052158702,52.81685141444801,53.36960983276367,3189100
2023-08-11 04:00:00+00:00,DELL,53.43631070496991,54.87538585667226,53.13134185868506,54.170143127441406,3118100
2023-08-14 04:00:00+00:00,DELL,53.865177756178895,54.28450903799417,53.6459816109903,54.09390258789063,2253900
2023-08-15 04:00:00+00:00,DELL,53.90330112941344,54.02719223490932,53.07416359593075,53.11228561401367,2279300
2023-08-16 04:00:00+00:00,DELL,53.06463974738303,53.66504886262676,52.56906437366776,52.62624740600586,1834700
2023-08-17 04:00:00+00:00,DELL,52.702480995588,53.207588627106176,52.06395357690669,52.28314971923828,3966900
2023-08-18 04:00:00+00:00,DELL,51.9495872436511,52.75013141087238,51.77804544079673,52.34986114501953,2324600
2023-08-21 04:00:00+00:00,DELL,52.492816329455415,53.79846447601068,52.492816329455415,53.41725158691406,4076000
2023-08-22 04:00:00+00:00,DELL,53.77940995480951,53.90330470403728,52.940743678947406,53.17900085449219,2188400
2023-08-23 04:00:00+00:00,DELL,53.57926979268653,54.24638691345447,53.09322316410916,54.16061782836914,2643700
2023-08-24 04:00:00+00:00,DELL,54.74196753783031,54.95163501641576,53.57927498921393,54.04625701904297,3925900
2023-08-25 04:00:00+00:00,DELL,54.11296634268884,54.20827139033517,53.0074532386022,53.56974029541016,2680900
2023-08-28 04:00:00+00:00,DELL,53.71269598653639,54.79914807982783,53.4363168019578,54.50370788574219,3252400
2023-08-29 04:00:00+00:00,DELL,54.49417098105702,54.58947237870508,53.67456587342869,53.84611129760742,4939400
2023-08-30 04:00:00+00:00,DELL,52.1116004957622,53.321947169409725,51.10138894159964,53.07415771484375,6340600
2023-08-31 04:00:00+00:00,DELL,53.36007809298701,54.13202900718593,52.95027546436855,53.59833526611328,7050300
2023-09-01 04:00:00+00:00,DELL,61.07959216207936,66.97884081564564,60.8603996821322,64.98701477050781,32070500
2023-09-05 04:00:00+00:00,DELL,64.85359805060541,66.54998776678642,64.36755143686928,64.9012451171875,9466400
2023-09-06 04:00:00+00:00,DELL,64.80595289804393,67.16946732063847,64.64393976084652,67.1599349975586,7585600
2023-09-07 04:00:00+00:00,DELL,66.20690358730701,67.30288802391632,65.34917632078529,65.73992156982422,7649300
2023-09-08 04:00:00+00:00,DELL,66.11160254164547,67.56020294459114,65.84474840199456,67.18852233886719,5549400
2023-09-11 04:00:00+00:00,DELL,67.7793878423441,69.39953334341054,67.24568695139176,68.77053833007812,7449200
2023-09-12 04:00:00+00:00,DELL,68.28450712328957,68.87538025789381,67.27429176713545,67.40772247314453,4782500
2023-09-13 04:00:00+00:00,DELL,67.58878611359094,67.85563295643604,66.48327672594252,67.14086151123047,2801500
2023-09-14 04:00:00+00:00,DELL,67.15992806656435,67.81752014160156,66.82636950351335,67.81752014160156,5116800
2023-09-15 04:00:00+00:00,DELL,67.56973909618955,67.75080961242325,65.42542443195173,66.03536224365234,6093500
2023-09-18 04:00:00+00:00,DELL,65.76850072112823,66.18782832894311,65.187152737649,65.90192413330078,3527400
2023-09-19 04:00:00+00:00,DELL,66.53093048515568,67.10275351566305,66.02582644310179,66.61670684814453,3844000
2023-09-20 04:00:00+00:00,DELL,66.62625191308888,67.14088110531651,65.63510101396051,65.70181274414062,3089800
2023-09-21 04:00:00+00:00,DELL,65.05373532011335,65.94957727424703,64.84406786136995,65.22528076171875,3924700
2023-09-22 04:00:00+00:00,DELL,65.50165382004982,67.27428018984149,65.39682010046126,66.75965118408203,4494700
2023-09-25 04:00:00+00:00,DELL,66.89308102552113,67.64597450628033,66.14018754476194,66.74059295654297,3643700
2023-09-26 04:00:00+00:00,DELL,66.52140595549973,66.75013080687872,65.69226837158203,65.69226837158203,3214200
2023-09-27 04:00:00+00:00,DELL,66.521409789038,66.69295525521615,64.07212618756975,64.75830078125,5517400
2023-09-28 04:00:00+00:00,DELL,65.00608389038358,66.01629194114477,64.86312813747566,65.28246307373047,3375100
2023-09-29 04:00:00+00:00,DELL,65.85426856500912,66.33078281985149,65.33010724730082,65.66366577148438,6379700
2023-10-02 04:00:00+00:00,DELL,65.38727886211367,66.07346047092238,64.17692872684565,64.52001953125,3902500
2023-10-03 04:00:00+00:00,DELL,65.51118507592578,65.70179516188415,63.681371876913296,64.0816421508789,4329700
2023-10-04 04:00:00+00:00,DELL,64.14836707630795,64.68206815589033,63.33829403946441,64.04353332519531,6075300
2023-10-05 04:00:00+00:00,DELL,63.17627217811731,63.910101063722365,61.29880451193099,63.08097076416016,7329800
2023-10-06 04:00:00+00:00,DELL,63.58607070079465,63.91962926364624,62.79505520100992,63.29063415527344,8053800
2023-10-09 04:00:00+00:00,DELL,63.12861817596477,64.29131433719311,62.89989332702813,64.02446746826172,6012500
2023-10-10 04:00:00+00:00,DELL,64.17694312266386,65.33011413954735,64.17694312266386,64.7868881225586,8039300
2023-10-11 04:00:00+00:00,DELL,65.03467486346601,67.0455659530272,64.88219405612736,67.0360336303711,5088600
2023-10-12 04:00:00+00:00,DELL,66.7406047641161,67.44584403033086,65.42542765614272,65.806640625,4301700
2023-10-13 04:00:00+00:00,DELL,66.15924735838084,67.32194347861974,64.57722357504629,64.84407043457031,4633600
2023-10-16 04:00:00+00:00,DELL,64.69156058969806,65.38727447164543,64.10068767703258,64.57720184326172,5387500
2023-10-17 04:00:00+00:00,DELL,64.10070982120827,65.42541907927587,63.56700882635992,64.71064758300781,4220100
2023-10-18 04:00:00+00:00,DELL,64.09116824292157,65.1204407939519,63.72902002135043,63.748077392578125,3434600
2023-10-19 04:00:00+00:00,DELL,64.0816468398595,65.45401047505308,63.65278683937744,63.88151168823242,4750700
2023-10-20 04:00:00+00:00,DELL,63.68137352909717,64.09117613575067,62.28042026283914,62.81412124633789,4617000
2023-10-23 04:00:00+00:00,DELL,62.727860641596855,63.51375566041194,61.99947512996905,62.81412124633789,2945000
2023-10-24 04:00:00+00:00,DELL,63.62875215426571,64.36673093812728,63.27413830767579,64.16545867919922,4078500
2023-10-25 04:00:00+00:00,DELL,64.05045899072559,64.73092833080477,63.33165242291367,63.580833435058594,4581200
2023-10-26 04:00:00+00:00,DELL,63.38916151453037,63.83002871337006,61.24232771215642,61.82695770263672,4406100
2023-10-27 04:00:00+00:00,DELL,62.29657270612986,63.40833043652945,62.29657270612986,63.216644287109375,5273200
2023-10-30 04:00:00+00:00,DELL,63.20705954237189,64.01212676349232,63.1016339858909,63.66709899902344,3741900
2023-10-31 04:00:00+00:00,DELL,63.28373180788684,64.17505228315618,62.9962135555257,64.12713623046875,3114100
2023-11-01 04:00:00+00:00,DELL,64.49134769060254,65.8810379278904,63.9738059113977,65.81394958496094,3407600
2023-11-02 04:00:00+00:00,DELL,66.49441136626176,67.02153922189859,65.46891406608839,65.7947769165039,3747200
2023-11-03 04:00:00+00:00,DELL,66.12063415585509,67.14613148241035,65.7851924718567,66.61901092529297,3924400
2023-11-06 05:00:00+00:00,DELL,66.85860193637059,69.29296123867717,66.85860193637059,68.9766845703125,6350300
2023-11-07 05:00:00+00:00,DELL,68.62207432524637,69.30254375239517,68.19079325420599,68.63166046142578,5657300
2023-11-08 05:00:00+00:00,DELL,68.67958956463849,69.48464958102015,68.07578724027218,69.46548461914062,3526300
2023-11-09 05:00:00+00:00,DELL,69.60923726807627,70.22261839226964,68.67958675727806,69.23545837402344,3555700
2023-11-10 05:00:00+00:00,DELL,69.68591029024019,70.72099365786251,69.39839200728706,70.44305419921875,2560000
2023-11-13 05:00:00+00:00,DELL,69.82009348668046,70.97018866238322,69.34088899149106,70.70182800292969,3234700
2023-11-14 05:00:00+00:00,DELL,71.34396131935007,71.36312628015955,70.28012684847252,70.81683349609375,5171800
2023-11-15 05:00:00+00:00,DELL,69.98301633878677,71.03727200373015,69.49423305276372,69.9063491821289,5267000
2023-11-16 05:00:00+00:00,DELL,69.77216808786402,70.0405213993276,68.82333804965863,69.52297973632812,4044300
2023-11-17 05:00:00+00:00,DELL,69.77217190887536,70.93184581811114,69.59007187523281,70.53889465332031,4052500
2023-11-20 05:00:00+00:00,DELL,70.81682388966524,70.94141439822505,70.06926621414901,70.30886840820312,3241800
2023-11-21 05:00:00+00:00,DELL,70.75932466636783,70.9701757758985,69.87759031022044,70.55805969238281,3737300
2023-11-22 05:00:00+00:00,DELL,71.16185850333714,72.24485789265552,70.93184242222374,71.573974609375,3521000
2023-11-24 05:00:00+00:00,DELL,71.52605224699806,71.92858953470676,71.08518503863091,71.3152084350586,1695900
2023-11-27 05:00:00+00:00,DELL,71.22894438067577,72.00525319777033,70.28970050432306,71.36312103271484,3686200
2023-11-28 05:00:00+00:00,DELL,70.92226055985307,71.7944161927523,70.77849775846444,70.95101165771484,3126700
2023-11-29 05:00:00+00:00,DELL,71.35354135899702,72.92533140701222,71.3247902612533,71.93817138671875,5427800
2023-11-30 05:00:00+00:00,DELL,71.98609991712543,72.81991837185457,71.53564652130902,72.71449279785156,10519900
2023-12-01 05:00:00+00:00,DELL,68.87126615970226,70.02135394861487,65.65101157625115,68.9383544921875,14361200
2023-12-04 05:00:00+00:00,DELL,67.92244943267534,68.10454217306201,65.81394521530544,66.4369125366211,7444100
2023-12-05 05:00:00+00:00,DELL,66.3314752567719,67.39530965923551,66.23563583472853,66.40814971923828,4977400
2023-12-06 05:00:00+00:00,DELL,66.59025441426593,66.91610993450456,64.70218768794295,64.81719207763672,5260000
2023-12-07 05:00:00+00:00,DELL,64.7596851103787,65.94811002613918,64.7596851103787,65.73725891113281,5460600
2023-12-08 05:00:00+00:00,DELL,65.58392992392015,66.42732723422297,65.58392992392015,65.84269714355469,3003400
2023-12-11 05:00:00+00:00,DELL,65.73725469353705,66.85859852302919,65.64141527797739,66.36022186279297,3945500
2023-12-12 05:00:00+00:00,DELL,66.22604207996497,67.38571577105797,66.0727004847525,67.07902526855469,3436300
2023-12-13 05:00:00+00:00,DELL,67.07903178434599,67.54865737448293,66.38897625866474,66.96402740478516,4234200
2023-12-14 05:00:00+00:00,DELL,68.04702426754179,69.44630022714318,67.94159871540042,69.41754913330078,7684300
2023-12-15 05:00:00+00:00,DELL,69.02460066298104,69.95425839725537,68.42080573292205,68.64124298095703,5539400
2023-12-18 05:00:00+00:00,DELL,68.64124310301462,70.61556295484955,68.09495036187198,70.3184585571289,4810300
2023-12-19 05:00:00+00:00,DELL,70.63472186081303,70.93183354515054,69.82966202162913,70.47179412841797,2684000
2023-12-20 05:00:00+00:00,DELL,70.48138714963791,71.19060764565279,69.30254105613606,69.40796661376953,4336900
2023-12-21 05:00:00+00:00,DELL,70.33762564925182,72.26402950520166,70.33762564925182,72.1873550415039,4381800
2023-12-22 05:00:00+00:00,DELL,72.53238324234312,72.98283657911558,71.92858828935326,72.5611343383789,4244000
2023-12-26 05:00:00+00:00,DELL,72.82947525586297,74.08499562835576,72.71447089129255,73.79747009277344,3001100
2023-12-27 05:00:00+00:00,DELL,73.81665322580511,74.22876936184248,73.7208137943713,74.04667663574219,2050300
2023-12-28 05:00:00+00:00,DELL,73.79748186202994,73.96999574847631,73.46204022507294,73.49079132080078,1546500
2023-12-29 05:00:00+00:00,DELL,73.6249659845957,73.7303915407997,73.03074987799847,73.31827545166016,2293400
2024-01-02 05:00:00+00:00,DELL,72.31194361126109,72.83907139487141,71.22894426102792,71.67939758300781,2955000
2024-01-03 05:00:00+00:00,DELL,71.71773547109647,73.6153808853268,71.45896098874195,73.41411590576172,4194300
2024-01-04 05:00:00+00:00,DELL,73.4812012309791,73.92206840326882,72.68572016894205,72.81031799316406,3029400
2024-01-05 05:00:00+00:00,DELL,72.30237225687175,73.27036001465802,72.19694668925861,72.68572998046875,2951100
2024-01-08 05:00:00+00:00,DELL,74.75589706239471,76.35643823178015,74.1425159278748,76.05933380126953,6552400
2024-01-09 05:00:00+00:00,DELL,75.87723608472062,76.14558942527276,73.85499258145691,73.90291595458984,4849100
2024-01-10 05:00:00+00:00,DELL,74.59296107369984,75.48428157903776,74.44919828663004,74.99549102783203,3054700
2024-01-11 05:00:00+00:00,DELL,75.49386111173825,76.4810283591142,74.3150223332674,76.39476776123047,4023900
2024-01-12 05:00:00+00:00,DELL,76.61520821904952,76.9314775923186,75.89640155893709,76.01140594482422,4843500
2024-01-16 05:00:00+00:00,DELL,75.71429240289,76.26058510622518,75.23508802059322,76.21266174316406,4348300
2024-01-17 05:00:00+00:00,DELL,75.23510612776121,75.52263175117078,73.70165319776432,74.43004608154297,4928300
2024-01-18 05:00:00+00:00,DELL,75.43635246868357,75.71429188596755,74.46835757567085,75.14883422851562,3076500
2024-01-19 05:00:00+00:00,DELL,75.82931018158786,81.2347354633772,75.82931018158786,79.73003387451172,9448900
2024-01-22 05:00:00+00:00,DELL,80.61570295538351,80.6638404197996,77.97793295874015,78.11270904541016,4248200
2024-01-23 05:00:00+00:00,DELL,77.9779434325241,79.39309987738496,77.53510661044976,79.3545913696289,2673300
2024-01-24 05:00:00+00:00,DELL,80.38465838203061,81.75167715704592,79.90331312225797,80.58682250976562,3637800
2024-01-25 05:00:00+00:00,DELL,81.34736098198685,81.86721482111119,79.91295395137799,79.94183349609375,2723300
2024-01-26 05:00:00+00:00,DELL,79.43159702482453,81.2318236002836,79.05614830883329,81.07779693603516,2927500
2024-01-29 05:00:00+00:00,DELL,81.23183075758213,81.51101191492339,80.24026060773869,80.29802703857422,2710300
2024-01-30 05:00:00+00:00,DELL,82.52184306208142,83.22460311814893,81.174074693439,81.63616943359375,3838900
2024-01-31 05:00:00+00:00,DELL,80.17287373783849,80.47130548001513,78.76734631261613,79.78779602050781,3587200
2024-02-01 05:00:00+00:00,DELL,80.48093169726909,82.77213999761484,79.90331881335075,82.57959747314453,2729300
2024-02-02 05:00:00+00:00,DELL,82.43519788690833,83.65781912801035,82.04049853885543,83.09945678710938,3683900
2024-02-05 05:00:00+00:00,DELL,83.30160529441783,83.62892387388024,81.59764639215051,82.51219940185547,2204200
2024-02-06 05:00:00+00:00,DELL,82.53146203318855,82.78175628175435,79.09465714884522,79.59525299072266,5013800
2024-02-07 05:00:00+00:00,DELL,80.32689702722593,80.70234573164045,79.69151777683483,80.6156997680664,2964200
2024-02-08 05:00:00+00:00,DELL,80.49056521853568,81.96348072661222,80.39429762322123,81.63616943359375,2993800
2024-02-09 05:00:00+00:00,DELL,82.06937175474133,83.4171400325661,81.8383280726059,82.98392486572266,2315700
2024-02-12 05:00:00+00:00,DELL,83.27274199391428,83.64819076330132,82.62774101519777,83.38826751708984,2979100
2024-02-13 05:00:00+00:00,DELL,81.81907587421713,82.01161841009387,80.33653139932653,80.84676361083984,3144300
2024-02-14 05:00:00+00:00,DELL,81.88646260026603,83.01281621886157,81.55915131169317,82.82990264892578,2361300
2024-02-15 05:00:00+00:00,DELL,82.29079423903774,82.7047514833793,79.34495606161438,79.6337661743164,4418500
2024-02-16 05:00:00+00:00,DELL,80.19213917110886,82.13677117580764,79.70116485192733,81.06818389892578,4841800
2024-02-20 05:00:00+00:00,DELL,80.75049532331327,80.85639189058328,78.18974181552726,79.38347625732422,3111100
2024-02-21 05:00:00+00:00,DELL,78.2571183359883,78.75771420722036,77.48696293205835,78.35338592529297,3360500
2024-02-22 05:00:00+00:00,DELL,82.75289216606112,85.79499832101722,82.21378772128296,84.51461791992188,8284100
2024-02-23 05:00:00+00:00,DELL,85.73720864529854,89.22215069884015,84.71675912434647,86.97908020019531,6997300
2024-02-26 05:00:00+00:00,DELL,89.16440203589524,91.44597395541037,88.37499607292342,89.30879974365234,8175400
2024-02-27 05:00:00+00:00,DELL,89.53022051917215,89.99231521160449,87.344916217758,88.1439437866211,5888100
2024-02-28 05:00:00+00:00,DELL,88.66381634225452,90.84912845131132,87.86478125939243,89.77091217041016,5909800
2024-02-29 05:00:00+00:00,DELL,87.60484477011715,91.2630719951195,87.60484477011715,91.1282958984375,14317000
2024-03-01 05:00:00+00:00,DELL,120.0186368847778,126.17022931041402,112.10531887571614,119.94161987304688,62169000
2024-03-04 05:00:00+00:00,DELL,119.32549462355202,124.23522246436232,116.2930251680173,117.23645782470705,23836000
2024-03-05 05:00:00+00:00,DELL,116.24489097838187,116.98615951525125,109.64083281637816,113.35681915283205,15019200
2024-03-06 05:00:00+00:00,DELL,114.99338765323598,116.06197479214394,112.59629014867726,114.0788345336914,10569100
2024-03-07 05:00:00+00:00,DELL,115.5228661501556,117.46749783199496,114.85860731947348,116.00421142578124,9644300
2024-03-08 05:00:00+00:00,DELL,115.80205161536652,116.26413898416344,110.66128006046335,111.91278076171876,11015200
2024-03-11 04:00:00+00:00,DELL,111.17151085298326,112.47114166052128,109.39052741311116,111.5373306274414,5936800
2024-03-12 04:00:00+00:00,DELL,112.92359638464154,113.87665790451754,109.16910203894648,109.31350708007812,6570000
2024-03-13 04:00:00+00:00,DELL,109.26538266268643,110.0644176202276,105.2509646394925,105.89596557617188,7162000
2024-03-14 04:00:00+00:00,DELL,106.5698358249314,107.25335254595537,101.08250289157286,102.47840118408205,8069800
2024-03-15 04:00:00+00:00,DELL,103.04638966504716,104.91401154302208,101.69862152665536,103.00788116455078,9159700
2024-03-18 04:00:00+00:00,DELL,102.99826445240296,103.84543687458336,100.75520095350718,102.65169525146484,7403800
2024-03-19 04:00:00+00:00,DELL,103.02715380335196,104.81775906375152,101.13065932484538,103.5084991455078,7971700
2024-03-20 04:00:00+00:00,DELL,103.8839496987844,107.1763498998364,102.10296615251524,106.9260482788086,9600200
2024-03-21 04:00:00+00:00,DELL,108.95731050139646,111.45067535759114,108.06200804739215,109.78522491455078,11678000
2024-03-22 04:00:00+00:00,DELL,108.69740701217444,109.55420112039803,107.6191908182905,108.05239868164062,4711400
2024-03-25 04:00:00+00:00,DELL,107.11857680633172,110.52650231549482,106.19439473779111,108.7840347290039,6152300
2024-03-26 04:00:00+00:00,DELL,109.12097399887108,112.4903909740574,109.0247064113864,110.37247467041016,7389200
2024-03-27 04:00:00+00:00,DELL,109.75636134745172,110.9308450972531,106.79127242905912,107.51329040527344,4376000
2024-03-28 04:00:00+00:00,DELL,108.06201791433442,110.1799342584986,107.71544871696264,109.85262298583984,4153400
2024-04-01 04:00:00+00:00,DELL,109.9873911405154,115.24368046157232,109.9873911405154,115.1762924194336,8064100
2024-04-02 04:00:00+00:00,DELL,113.01024436081303,114.35801261507405,111.00784623132505,114.02107238769533,5503100
2024-04-03 04:00:00+00:00,DELL,113.39531405976284,124.91871309219174,113.27016693977252,123.78274536132812,19390800
2024-04-04 04:00:00+00:00,DELL,125.0053966284632,131.0799727583082,121.95366144548524,122.41575622558594,19494800
2024-04-05 04:00:00+00:00,DELL,123.2244092795327,127.96084574847542,118.90193010430328,127.768310546875,10813500
2024-04-08 04:00:00+00:00,DELL,127.9897138084572,128.4614374961159,120.87543077997395,122.40611267089844,11952300
2024-04-09 04:00:00+00:00,DELL,121.71297011985286,122.02103081114836,115.95607722938212,119.11370849609376,9985300
2024-04-10 04:00:00+00:00,DELL,116.66846993046369,121.36639716333433,116.58182396182524,118.7671356201172,5945000
2024-04-11 04:00:00+00:00,DELL,118.9981750482862,121.08721170136904,118.5457093314512,119.4121322631836,5058300
2024-04-12 04:00:00+00:00,DELL,116.95727928432152,117.78519379035652,113.22204238935296,113.36644744873048,7501700
2024-04-15 04:00:00+00:00,DELL,114.56018550418896,117.9296027249004,112.89472747483448,113.41458129882812,6764100
2024-04-16 04:00:00+00:00,DELL,112.30749307664846,117.19795592357931,111.3640530220545,116.56258392333984,7596700
2024-04-17 04:00:00+00:00,DELL,118.0451306788293,119.05595145903436,113.89592896421188,115.15705871582033,5346000
2024-04-18 04:00:00+00:00,DELL,115.14740845041273,115.18591695083168,111.2003789667858,113.95367431640624,5053700
2024-04-19 04:00:00+00:00,DELL,112.01867353257305,114.73346060303967,110.035533340208,110.58426666259766,9440000
2024-04-22 04:00:00+00:00,DELL,111.139974428256,114.3678623202876,110.41514850807172,111.66184997558594,5410000
2024-04-23 04:00:00+00:00,DELL,112.47363957613916,117.01588595306792,111.81646384971717,116.58098602294922,5086900
2024-04-24 04:00:00+00:00,DELL,121.78040982584274,121.78040982584274,115.30529444240268,116.16542053222656,5815900
2024-04-25 04:00:00+00:00,DELL,114.3581904691732,121.07490696092152,113.0728308784816,120.7173309326172,6823000
2024-04-26 04:00:00+00:00,DELL,121.40351305930976,122.30229750228052,118.91011010483471,120.8623046875,5512200
2024-04-29 04:00:00+00:00,DELL,120.99759481297514,123.4426802584614,119.13237595828843,123.41368103027344,4406300
2024-04-30 04:00:00+00:00,DELL,122.0123504497266,122.7275098848656,119.68323986432928,120.45639038085938,5054500
2024-05-01 04:00:00+00:00,DELL,118.784462202232,119.99250526893776,113.4883981535377,114.79308319091795,7199800
2024-05-02 04:00:00+00:00,DELL,117.55709920142895,119.75090978005731,114.38719502670745,119.24835968017578,4856900
2024-05-03 04:00:00+00:00,DELL,121.27786406759024,123.30737505509607,120.52404633280037,120.90095520019533,3942800
2024-05-06 04:00:00+00:00,DELL,120.80432712257092,125.04697450125072,120.07950115983547,124.9889907836914,5025200
2024-05-07 04:00:00+00:00,DELL,123.91622420543906,125.346543037531,122.01234719229316,123.26871490478516,3247100
2024-05-08 04:00:00+00:00,DELL,122.89182805836232,127.45340057916232,121.77076037602868,127.19245910644533,4921500
2024-05-09 04:00:00+00:00,DELL,126.76722498010236,127.97526823265342,124.93100513487347,127.26010131835938,6675400
2024-05-10 04:00:00+00:00,DELL,129.434544451496,130.082068438189,127.00879955987536,128.31349182128906,4536900
2024-05-13 04:00:00+00:00,DELL,128.82569933469898,130.3719854170855,126.29363135853929,126.61255645751952,4105800
2024-05-14 04:00:00+00:00,DELL,125.14358326513286,130.16903869385425,124.28345732490912,129.6181640625,4175800
2024-05-15 04:00:00+00:00,DELL,135.2041736447957,145.23576795385645,134.00580436473456,144.1533660888672,16982500
2024-05-16 04:00:00+00:00,DELL,145.4483958298763,145.7769800287748,138.6833541633704,141.38937377929688,9411500
2024-05-17 04:00:00+00:00,DELL,143.64115567571014,145.23576660461208,140.98346096312736,144.50128173828125,9893500
2024-05-20 04:00:00+00:00,DELL,145.83496693189431,149.40111276216018,140.1523418353845,140.56790161132812,10586900
2024-05-21 04:00:00+00:00,DELL,140.18129706744597,144.86849453779973,139.16653811106272,142.29779052734375,6665700
2024-05-22 04:00:00+00:00,DELL,142.94534336372033,143.98909448772295,140.97380854728596,142.8197021484375,4708400
2024-05-23 04:00:00+00:00,DELL,153.6534171408669,157.24855444246168,145.09080740053818,148.41534423828125,16843100
2024-05-24 04:00:00+00:00,DELL,150.7831105968828,161.17228118096924,149.4204344508511,154.803466796875,17563700
2024-05-28 04:00:00+00:00,DELL,162.7765596693144,163.9942766064218,155.60561727653945,160.5054473876953,18692600
2024-05-29 04:00:00+00:00,DELL,160.00290703283108,173.6682914321362,158.78520476832242,173.1947479248047,23215900
2024-05-30 04:00:00+00:00,DELL,172.79851209234025,172.83716298842236,159.56801985498427,164.21656799316406,43508200
2024-05-31 04:00:00+00:00,DELL,138.9732983623722,139.9397329619066,126.61259157621896,134.8756103515625,67192800
2024-06-03 04:00:00+00:00,DELL,135.8323606518399,136.01598555106045,124.28347228458551,127.59833526611328,41199200
2024-06-04 04:00:00+00:00,DELL,127.76265071335278,134.31507609816882,127.45339931070303,131.20315551757812,21568400
2024-06-05 04:00:00+00:00,DELL,131.38678844421324,134.72098505581337,128.48748447819182,133.03939819335938,19148600
2024-06-06 04:00:00+00:00,DELL,131.6767058752372,132.11159846825328,127.7143183686001,129.4635772705078,13929100
2024-06-07 04:00:00+00:00,DELL,127.08613411415315,129.56020402338015,123.30737175833823,125.60749053955078,19597600
2024-06-10 04:00:00+00:00,DELL,124.67003112700876,130.9132035153693,124.09016461846856,128.0042266845703,13994500
2024-06-11 04:00:00+00:00,DELL,127.08613530827472,130.32369674519435,125.6558163935546,127.221435546875,9176400
2024-06-12 04:00:00+00:00,DELL,128.3715096079424,128.47781800374133,125.73314728063356,127.3857421875,11427900
2024-06-13 04:00:00+00:00,DELL,127.55969595498316,131.61871793719968,127.37607103909708,130.4879913330078,16066800
2024-06-14 04:00:00+00:00,DELL,128.8933804929422,130.9808828103996,126.88319471464492,130.4493408203125,12995300
2024-06-17 04:00:00+00:00,DELL,132.52714254264444,139.88170828118967,132.43049321234597,137.26266479492188,26911400
2024-06-18 04:00:00+00:00,DELL,138.76065980963116,148.96620522077237,138.49005934392815,144.14369201660156,33500100
2024-06-20 04:00:00+00:00,DELL,151.3726351863384,156.0984991370194,140.15233044192627,143.53485107421875,39976400
2024-06-21 04:00:00+00:00,DELL,140.88681298786594,142.24948910200527,135.91934050308782,140.19097900390625,16745500
2024-06-24 04:00:00+00:00,DELL,138.49973240315978,138.7413410396168,132.94273376464844,132.94273376464844,14015000
2024-06-25 04:00:00+00:00,DELL,134.64364239039853,136.99207081165014,132.99103314288888,135.63906860351562,8378100
2024-06-26 04:00:00+00:00,DELL,133.87049974938145,136.566845287874,130.5556220264347,133.5998992919922,12714100
2024-06-27 04:00:00+00:00,DELL,133.2036678834587,137.0694058538241,132.9813920792163,134.7499542236328,9483000
2024-06-28 04:00:00+00:00,DELL,134.84660983235588,137.01142850505445,131.63805483622454,133.28099060058594,20573600
2024-07-01 04:00:00+00:00,DELL,132.86541258052677,139.8334119005503,129.144648557304,138.02618408203125,11565700
2024-07-02 04:00:00+00:00,DELL,135.51346072059408,138.72201592266651,135.22352739142192,138.6543731689453,7748200
2024-07-03 04:00:00+00:00,DELL,142.73269992024524,144.45295198486673,135.87100973233248,137.88119506835938,13173300
2024-07-05 04:00:00+00:00,DELL,137.42698422070987,137.96818518625216,133.66755457083184,134.29574584960938,8901200
2024-07-08 04:00:00+00:00,DELL,135.30080522334154,142.1818128843539,134.52765481559896,141.07041931152344,12355600
2024-07-09 04:00:00+00:00,DELL,141.15741114083102,145.18744096302234,139.0022664809918,140.84815979003906,11396900
2024-07-10 04:00:00+00:00,DELL,141.37970209029248,142.28815291556683,137.06941230846934,140.87716674804688,7387300
2024-07-11 04:00:00+00:00,DELL,140.6741975701457,141.5343236492652,134.74029057847866,135.9966583251953,8248900
2024-07-12 04:00:00+00:00,DELL,134.91426102007767,136.7891315479281,132.88474268765455,134.88526916503906,7376400
2024-07-15 04:00:00+00:00,DELL,136.0256638051341,136.35424801510132,131.93764976086138,132.61415100097656,8064600
2024-07-16 04:00:00+00:00,DELL,133.0200633252114,133.10703890366486,127.94628146271394,129.75350952148438,10254500
2024-07-17 04:00:00+00:00,DELL,123.83893231766407,125.41422547609672,120.48540298755871,120.96862030029295,18887600
2024-07-18 04:00:00+00:00,DELL,122.37959781038424,122.67919751857356,117.9340005948625,121.13289642333984,9659400
2024-07-19 04:00:00+00:00,DELL,121.20055995610171,123.58764709120108,120.09881779018836,121.56780242919922,6932800
2024-07-22 04:00:00+00:00,DELL,123.86790274623188,125.51083837595849,122.8144927259117,124.41877746582033,6255200
2024-07-23 04:00:00+00:00,DELL,123.11440937912624,124.27815037236014,121.56275225518606,122.04764556884766,5944600
2024-07-24 04:00:00+00:00,DELL,119.79773260616294,119.79773260616294,112.38856387762132,112.6116180419922,15611400
2024-07-25 04:00:00+00:00,DELL,112.49524855715572,112.49524855715572,106.99656016634434,108.06332397460938,17363700
2024-07-26 04:00:00+00:00,DELL,110.79813777869865,111.25393874156624,108.17971647564916,110.12898254394533,8419900
2024-07-29 04:00:00+00:00,DELL,110.90480031824056,112.01035649170242,107.5978243370208,107.84027099609376,7552200
2024-07-30 04:00:00+00:00,DELL,108.91673702752657,109.82833885231037,102.57433140593751,105.32852935791016,11938400
2024-07-31 04:00:00+00:00,DELL,111.2927251232578,113.0771291215914,108.8100661096872,110.24535369873048,11327300
2024-08-01 04:00:00+00:00,DELL,109.51800882134468,111.72912124274652,104.28115932919624,105.15396881103516,8570000
2024-08-02 04:00:00+00:00,DELL,98.62729258830036,100.66385033287985,96.91077359091176,99.19947052001952,11832700
2024-08-05 04:00:00+00:00,DELL,87.74629229020111,96.87198008531496,87.40686107089311,95.2136459350586,13137800
2024-08-06 04:00:00+00:00,DELL,95.67916200835934,96.2707251046758,90.51988951934896,91.80970764160156,15500600
2024-08-07 04:00:00+00:00,DELL,87.63962469129018,90.21925340549056,84.30355615373148,85.23455047607422,21545500
2024-08-08 04:00:00+00:00,DELL,87.05774399097237,88.92943251446158,85.77762591369222,88.69668579101562,10242800
2024-08-09 04:00:00+00:00,DELL,86.77652381975689,90.60717861868235,85.89401430367984,89.75376892089844,8405000
2024-08-12 04:00:00+00:00,DELL,89.41432632038473,94.94211467398524,89.0652025338885,92.39157104492188,9875300
2024-08-13 04:00:00+00:00,DELL,94.16628092568236,98.42364366806576,93.6522951921518,96.92047882080078,14928400
2024-08-14 04:00:00+00:00,DELL,98.00662731035432,101.21662585271945,97.2792873909154,99.83952331542967,12141000
2024-08-15 04:00:00+00:00,DELL,103.82535108737338,107.60752030930016,102.22520911557147,106.88018035888672,17713200
2024-08-16 04:00:00+00:00,DELL,105.60976644644823,108.77127296066446,104.79514182242568,107.937255859375,11632600
2024-08-19 04:00:00+00:00,DELL,107.6463113852701,108.67428280202692,105.10546785834369,108.49002838134766,8374900
2024-08-20 04:00:00+00:00,DELL,108.37365311483764,109.08160059203664,106.24981808212527,107.36507415771484,6189000
2024-08-21 04:00:00+00:00,DELL,107.50086277286792,108.51914184848252,105.57098915792754,108.32518005371094,6714400
2024-08-22 04:00:00+00:00,DELL,109.14947741483915,110.57505740545642,105.38670092578607,105.68733978271484,7018300
2024-08-23 04:00:00+00:00,DELL,107.01595926640648,109.25617154117978,106.74442017828493,108.62580871582033,6023400
2024-08-26 04:00:00+00:00,DELL,108.62581287609136,110.70115587065872,107.01596336502172,108.29608154296876,7307800
2024-08-27 04:00:00+00:00,DELL,106.99656660778416,108.97493233075764,106.39529620018229,108.48033905029295,6271600
2024-08-28 04:00:00+00:00,DELL,106.96746628566358,108.68398533375554,104.94060841873704,108.18939208984376,9528000
2024-08-29 04:00:00+00:00,DELL,105.00848345263486,110.98237198157028,104.8339215826625,107.39415740966795,23836600
2024-08-30 04:00:00+00:00,DELL,111.87459428703576,114.16329149060137,107.306899818591,112.04915618896484,33433600
2024-09-03 04:00:00+00:00,DELL,111.4090951702854,113.16441415590889,105.82312901834668,107.42327117919922,14159000
2024-09-04 04:00:00+00:00,DELL,105.7067382679693,107.20991044142542,104.06779656387792,105.76492309570312,8113600
2024-09-05 04:00:00+00:00,DELL,103.76717859645916,105.02790428662452,101.95367477421198,103.92234802246094,9362400
2024-09-06 04:00:00+00:00,DELL,103.30166806957592,104.94060983394635,98.34606522135664,98.9182357788086,11962600
2024-09-09 04:00:00+00:00,DELL,104.10659965412002,104.39753862056904,101.92457960240814,102.69071197509766,18742700
2024-09-10 04:00:00+00:00,DELL,102.94285926397022,104.28116224090084,102.2349117203546,103.41805267333984,9367400
2024-09-11 04:00:00+00:00,DELL,103.91263746777018,105.60976404713544,102.36098036069887,105.51278686523438,9715100
2024-09-12 04:00:00+00:00,DELL,105.41581281931244,109.80895284742374,105.31883562771982,108.76158142089844,9893500
2024-09-13 04:00:00+00:00,DELL,108.79066077322304,111.18603485220282,108.03422841120512,110.84661102294922,7353300
2024-09-16 04:00:00+00:00,DELL,108.9846161598894,112.3012919768158,108.83915408804212,111.9133758544922,8618900
2024-09-17 04:00:00+00:00,DELL,114.153575760152,114.73544621979244,111.56424740547725,113.29046630859376,9412700
2024-09-18 04:00:00+00:00,DELL,114.02752999459356,116.00589588982912,112.43708028646247,112.48556518554688,10783600
2024-09-19 04:00:00+00:00,DELL,116.44227355260816,116.44227355260816,113.81415282700208,114.21176147460938,10630500
2024-09-20 04:00:00+00:00,DELL,112.98014922446391,115.45310824000416,111.60305390235314,113.94993591308594,75332800
2024-09-23 04:00:00+00:00,DELL,113.99841453089948,114.53179270632208,113.05772037196778,114.01780700683594,8067800
2024-09-24 04:00:00+00:00,DELL,114.59969558163922,114.86154214091162,112.49526016294426,113.76567840576172,6851800
2024-09-25 04:00:00+00:00,DELL,113.7268631869761,116.6071303666548,113.5329088404114,116.53924560546876,8535000
2024-09-26 04:00:00+00:00,DELL,118.68248832380576,123.16290533911058,117.72240160584222,122.6683120727539,13420500
2024-09-27 04:00:00+00:00,DELL,120.25354568206228,120.65116176360488,116.44228381731249,116.58775329589844,13545000
2024-09-30 04:00:00+00:00,DELL,115.40460466845056,116.33559891068283,113.41653919149906,114.95850372314452,8638100
2024-10-01 04:00:00+00:00,DELL,113.84325164168946,114.2214678346079,109.49861169266757,109.74105834960938,9641900
2024-10-02 04:00:00+00:00,DELL,109.556796674692,113.03832712174218,108.73247951972311,110.03199005126952,6047100
2024-10-03 04:00:00+00:00,DELL,110.57506727038532,113.22258800121205,110.18715854109496,112.17521667480467,6872500
2024-10-04 04:00:00+00:00,DELL,113.9499250492122,117.18900872893371,113.5232165792572,116.78170013427734,8175800
2024-10-07 04:00:00+00:00,DELL,116.06405259686908,117.1987010650546,114.60937279697464,115.49187469482422,5208100
2024-10-08 04:00:00+00:00,DELL,115.79251961734364,118.25577842873926,115.11366456916626,118.24607849121094,5681500
2024-10-09 04:00:00+00:00,DELL,117.95514440149792,119.40982433734963,116.85928818008811,118.64369201660156,6023500
2024-10-10 04:00:00+00:00,DELL,117.7902820098316,121.08755799851824,117.53813541687433,121.02937316894533,5947200
2024-10-11 04:00:00+00:00,DELL,120.2535348143306,124.42362002954258,119.76864152878892,123.87084197998048,7811900
2024-10-14 04:00:00+00:00,DELL,125.10248526251893,126.32441118672276,123.55082801035778,124.47212982177734,5933000
2024-10-15 04:00:00+00:00,DELL,124.94730403445622,127.16812367150015,121.8633896989873,122.02825164794922,6016600
2024-10-16 04:00:00+00:00,DELL,123.05622402400824,123.65749439398132,121.0293735330167,122.90106201171876,3833100
2024-10-17 04:00:00+00:00,DELL,125.19946103572816,127.62392763364876,124.13268981353518,125.27703094482422,5603600
2024-10-18 04:00:00+00:00,DELL,125.2964345909916,125.66495826025026,121.4172879176001,122.63922119140624,5491700
2024-10-21 04:00:00+00:00,DELL,122.67801293682017,123.14351379082504,121.38819489858996,121.86339569091795,4405000
2024-10-22 04:00:00+00:00,DELL,120.7782364150708,120.97288750660115,116.15537880003848,117.17727661132812,7093000
2024-10-23 04:00:00+00:00,DELL,115.78554041396532,118.30621052051204,114.66632088984544,116.29161834716795,4558900
2024-10-24 04:00:00+00:00,DELL,117.38165788049751,118.14077859515882,116.16511636977614,117.3427276611328,3638100
2024-10-25 04:00:00+00:00,DELL,118.63711897098516,121.44976209751546,118.49113251775492,119.26972198486328,4040200
2024-10-28 04:00:00+00:00,DELL,119.7076828493796,120.3013556916714,117.32326449440298,117.4303207397461,3582900
2024-10-29 04:00:00+00:00,DELL,117.44978293107972,119.25999727798916,116.8853058927574,118.37435150146484,3909800
2024-10-30 04:00:00+00:00,DELL,127.4838074863217,130.38403792916623,122.082360880262,125.93635559082033,17073700
2024-10-31 04:00:00+00:00,DELL,123.60060671059662,124.17481068949672,119.30864507096928,120.32080841064452,7312400
2024-11-01 04:00:00+00:00,DELL,121.29403951229446,129.07016996201756,120.97287822996202,127.36701202392578,13048400
2024-11-04 05:00:00+00:00,DELL,129.26484001829425,132.07748335631155,126.22834235328855,126.37433624267578,10608800
2024-11-05 05:00:00+00:00,DELL,127.49353536612344,130.68573872771984,126.27699399812607,129.8876953125,6998600
2024-11-06 05:00:00+00:00,DELL,133.7124945029901,135.8633461799121,130.72467661961713,134.6468048095703,8857900
2024-11-07 05:00:00+00:00,DELL,135.23073524567587,135.6881559872231,132.3791694125515,134.1796417236328,6297500
2024-11-08 05:00:00+00:00,DELL,134.52029067646998,135.42539040131606,130.49110592478806,130.6370849609375,6325400
2024-11-11 05:00:00+00:00,DELL,134.76358270500856,136.98255288882015,131.38646280632838,134.80250549316406,7210900
2024-11-12 05:00:00+00:00,DELL,135.0361092246183,137.5470527133247,132.30132625349628,132.817138671875,6667800
2024-11-13 05:00:00+00:00,DELL,134.07256973362493,135.31830675771954,130.87063976943412,130.9290313720703,4701400
2024-11-14 05:00:00+00:00,DELL,132.2429260311519,133.24535499411968,129.76117851249637,130.83172607421875,3510700
2024-11-15 05:00:00+00:00,DELL,129.72222258437412,130.28669951750672,127.25021724996606,128.11639404296875,5010100
2024-11-18 05:00:00+00:00,DELL,132.5154244193659,134.30616978575654,130.87065807999016,132.3694305419922,6501800
2024-11-19 05:00:00+00:00,DELL,130.26725886508177,132.59328542452727,128.70035295011746,132.2623748779297,5767500
2024-11-20 05:00:00+00:00,DELL,133.8390364985081,134.47163215101423,128.99232437332813,130.37432861328125,4814200
2024-11-21 05:00:00+00:00,DELL,132.4959662571117,136.388899027822,130.85119978542895,135.20155334472656,6619700
2024-11-22 05:00:00+00:00,DELL,138.68572509188763,140.63219140896675,136.7392587748085,140.34996032714844,7688600
2024-11-25 05:00:00+00:00,DELL,143.4545660760251,143.7076162093206,138.81225445812734,140.30130004882812,12208200
2024-11-26 05:00:00+00:00,DELL,140.14557706673207,140.56406020341146,137.4302630452224,137.94607543945312,12796200
2024-11-27 05:00:00+00:00,DELL,121.57628226109443,123.75632984430852,118.05318304077778,121.0507354736328,38089700
2024-11-29 05:00:00+00:00,DELL,121.94611496855826,125.0312622290946,121.64440764713343,124.17481231689452,9534500
2024-12-02 05:00:00+00:00,DELL,122.8123096453238,126.17968846876532,119.98019724413776,122.47167205810548,13328000
2024-12-03 05:00:00+00:00,DELL,121.8098627714944,122.6468364366409,120.85609103187416,122.19915008544922,6989900
2024-12-04 05:00:00+00:00,DELL,121.89745422045586,123.92178099075088,120.60305232573242,122.72470092773438,6264500
2024-12-05 05:00:00+00:00,DELL,123.17238243408458,125.23563191551506,121.69307134503671,121.7222671508789,8115800
2024-12-06 05:00:00+00:00,DELL,122.25756387221534,122.92908976742804,119.46438176401615,120.09698486328124,10464400
2024-12-09 05:00:00+00:00,DELL,119.55196478893048,120.87556255780734,117.85854107073044,120.49600219726562,8318600
2024-12-10 05:00:00+00:00,DELL,119.85367385379156,119.9412612804739,113.43033601577616,113.66390991210938,12659500
2024-12-11 05:00:00+00:00,DELL,114.6468617731162,115.98992077363572,112.50574450504855,115.5130386352539,8156100
2024-12-12 05:00:00+00:00,DELL,114.36463159154304,117.17727485159304,114.199176309932,115.98992919921876,5403800
2024-12-13 05:00:00+00:00,DELL,117.15780501569051,118.02398193324775,113.40112442766886,115.27946472167967,5941900
2024-12-16 05:00:00+00:00,DELL,115.6785005208037,118.8220396469324,115.2794713385952,116.07752227783205,6730500
2024-12-17 05:00:00+00:00,DELL,115.03615323926722,116.98261950338464,114.73445334438648,115.114013671875,5166300
2024-12-18 05:00:00+00:00,DELL,116.33055466012878,116.77824100821168,108.93398436865672,109.6541748046875,7336900
2024-12-19 05:00:00+00:00,DELL,111.17242390921152,112.41816112984893,108.30138171538113,108.9631805419922,9248400
2024-12-20 05:00:00+00:00,DELL,107.22109195103882,113.34272921839772,107.22109195103882,112.67119598388672,12228200
2024-12-23 05:00:00+00:00,DELL,113.40112526176468,115.9509988303458,113.14808998467495,115.63956451416016,5324200
2024-12-24 05:00:00+00:00,DELL,115.81473163313429,116.2234877274436,115.01668083821562,115.75634002685548,2077400
2024-12-26 05:00:00+00:00,DELL,115.25027622137846,116.67119583267905,115.06536695855496,116.0872573852539,2743100
2024-12-27 05:00:00+00:00,DELL,115.20162424092668,115.70770227160249,113.39140977417232,114.18946075439452,4881900
2024-12-30 05:00:00+00:00,DELL,112.2235023008174,112.81717506422632,109.6055104062153,111.74662017822266,5517900
2024-12-31 05:00:00+00:00,DELL,112.24298272437932,112.98263458380067,111.1043017031403,112.15538787841795,3874700
2025-01-02 05:00:00+00:00,DELL,112.17485531681272,114.3159652837795,110.49115869469868,113.41085815429688,4580900
2025-01-03 05:00:00+00:00,DELL,114.2478493846454,117.58603969295514,114.22838798693584,116.70040130615234,5601000
2025-01-06 05:00:00+00:00,DELL,118.54952190372803,121.66387228852378,117.96558352694738,121.3232421875,8361800
2025-01-07 05:00:00+00:00,DELL,122.21861905411956,122.40352830091794,117.71254488036334,118.02397918701172,6081900
2025-01-08 05:00:00+00:00,DELL,116.768511645281,117.3816458306784,114.59819854586844,116.11643981933594,5137700
2025-01-10 05:00:00+00:00,DELL,114.76365349641512,114.83177952123198,111.52278526188498,111.69796752929688,8213400
2025-01-13 05:00:00+00:00,DELL,107.06537878430689,107.60065255106892,103.83424508748212,107.2210922241211,11518100
2025-01-14 05:00:00+00:00,DELL,108.32084798604689,108.81719152543567,104.33058629958263,106.14080047607422,8366200
2025-01-15 05:00:00+00:00,DELL,109.00210386327578,109.00210386327578,105.1481017962743,106.3062515258789,9106100
2025-01-16 05:00:00+00:00,DELL,106.08241505984684,108.37924592488176,105.51793804170543,107.16270446777344,6073500
2025-01-17 05:00:00+00:00,DELL,108.75879892425814,108.76853333430827,106.60795466429434,106.7052764892578,6344500
2025-01-21 05:00:00+00:00,DELL,107.47414693608631,109.3719487830585,105.02160243960073,108.56417083740234,8636000
2025-01-22 05:00:00+00:00,DELL,114.17776783767133,118.20355066379598,112.311451308429,112.48733520507812,12846400
2025-01-23 05:00:00+00:00,DELL,110.12268183547052,112.0769442102254,109.3996068441886,111.60792541503906,5864100
2025-01-24 05:00:00+00:00,DELL,112.18442346477,114.11914639639048,110.19107505049762,111.1291275024414,5500000
2025-01-27 05:00:00+00:00,DELL,104.17195131376528,105.26634087309615,97.75220002943573,101.46529388427734,17922300
2025-01-28 05:00:00+00:00,DELL,101.74866651076192,101.74866651076192,98.2016830313123,98.97361755371094,15042700
2025-01-29 05:00:00+00:00,DELL,99.66737526550256,101.48483976379642,99.149496959361,100.74221801757812,8362600
2025-01-30 05:00:00+00:00,DELL,100.94741693602172,103.53681598002296,100.93765099204263,102.94076538085938,7952700
2025-01-31 05:00:00+00:00,DELL,103.8983527669618,104.78753820094464,101.16238267563864,101.23078155517578,6077200
2025-02-03 05:00:00+00:00,DELL,97.1072936672608,98.70002225660376,96.1203965462281,97.80105590820312,12114300
2025-02-04 05:00:00+00:00,DELL,97.9476270461494,100.11685945079232,97.52746034205262,99.3449249267578,7241400
2025-02-05 05:00:00+00:00,DELL,100.2341099476294,103.28275420606188,98.87589831610084,102.06134033203124,7901800
2025-02-06 05:00:00+00:00,DELL,102.56946241937077,104.79732034439456,102.33495302066282,103.49773406982422,5017400
2025-02-07 05:00:00+00:00,DELL,105.061133778602,106.84928550098138,103.54658502944494,103.93743896484376,7997300
2025-02-10 05:00:00+00:00,DELL,104.895023003782,110.23015796146396,104.895023003782,109.74159240722656,9084100
2025-02-11 05:00:00+00:00,DELL,107.71893293022838,109.50708467479912,107.3378523885879,108.89149475097656,4397100
2025-02-12 05:00:00+00:00,DELL,107.53328488512724,111.39294990422718,107.48442534618412,110.337646484375,5423700
2025-02-13 05:00:00+00:00,DELL,108.54950046671924,109.19441063135972,106.25324365807276,107.73848724365234,6806200
2025-02-14 05:00:00+00:00,DELL,108.50064484405272,114.48069022388547,107.20105861275412,111.7642593383789,16971700
2025-02-18 05:00:00+00:00,DELL,113.84555264197614,118.154697147066,113.60126985390087,117.58795928955078,13510000
2025-02-19 05:00:00+00:00,DELL,116.09295309341412,119.4640601368775,115.54576201826752,118.19378662109376,6728600
2025-02-20 05:00:00+00:00,DELL,117.74430499963664,118.43806722994046,114.0996024858735,117.14825439453124,5480400
2025-02-21 05:00:00+00:00,DELL,118.08629787763836,118.51623796881606,114.6077133724198,114.9106216430664,5662300
2025-02-24 05:00:00+00:00,DELL,113.4547042966165,113.6989870967634,108.49087600845095,111.52975463867188,7327800
2025-02-25 05:00:00+00:00,DELL,110.90439027693152,111.50044090036408,107.1522100785226,108.11956787109376,6582100
2025-02-26 05:00:00+00:00,DELL,109.24327246082112,114.59794732671124,109.24327246082112,113.0052261352539,8631500
2025-02-27 05:00:00+00:00,DELL,114.32435079393672,114.76405685348408,104.9732054759115,105.3640594482422,15737200
2025-02-28 05:00:00+00:00,DELL,98.6511645295527,101.52393262775549,96.73598828239064,100.41000366210938,20366200
2025-03-03 05:00:00+00:00,DELL,101.26987042244524,101.39689478645953,92.34866582715397,93.37464904785156,13096800
2025-03-04 05:00:00+00:00,DELL,90.87319406099444,94.63514737791206,90.29669027918358,91.9187240600586,12789400
2025-03-05 05:00:00+00:00,DELL,92.48545414198054,95.6415832167004,91.07838306314274,95.02599334716795,6059400
2025-03-06 05:00:00+00:00,DELL,92.0946052337714,93.6677868850866,90.795019094873,90.89273071289062,8560500
2025-03-07 05:00:00+00:00,DELL,89.62247202386638,90.5409777084071,86.30999795696556,89.36841583251953,10162100
2025-03-10 04:00:00+00:00,DELL,86.96465776159602,89.6713073128886,86.66174954148326,88.27400970458984,8384900
2025-03-11 04:00:00+00:00,DELL,88.46944731148675,90.74616447675916,88.01996791723477,89.47589111328125,6282300
2025-03-12 04:00:00+00:00,DELL,92.49524076476192,93.78505361980883,91.03930994393738,92.41706848144533,7873000
2025-03-13 04:00:00+00:00,DELL,91.8014740960953,92.69066707457416,89.45636515862216,90.33577728271484,4543400
2025-03-14 04:00:00+00:00,DELL,92.43660196343262,95.07486044618226,92.24117872245212,93.4821319580078,5933400
2025-03-17 04:00:00+00:00,DELL,95.29959629690325,96.56009632777668,94.44949699939514,95.42662811279295,5283200
2025-03-18 04:00:00+00:00,DELL,94.70354635068392,94.97714187146646,92.60271295193384,94.23452758789062,5792000
2025-03-19 04:00:00+00:00,DELL,94.7817278321731,98.13328819701272,94.6351566589745,96.46239471435548,5460100
2025-03-20 04:00:00+00:00,DELL,95.71976143727116,99.1006341407642,95.6611359569824,96.65780639648438,4924500
2025-03-21 04:00:00+00:00,DELL,95.83701537657144,96.16923635591571,94.19543491089084,95.33867645263672,8911100
2025-03-24 04:00:00+00:00,DELL,97.71311549593436,99.19835157130817,97.01935327050352,97.52745819091795,6491800
2025-03-25 04:00:00+00:00,DELL,98.01601925640814,98.98338442282872,96.2571877313974,96.59918212890624,4807300
2025-03-26 04:00:00+00:00,DELL,96.48193607363092,98.25054867863992,93.41374459158044,94.05865478515624,5795800
2025-03-27 04:00:00+00:00,DELL,92.8469981076626,96.12039340699268,91.45947367109368,94.87943267822266,7537800
2025-03-28 04:00:00+00:00,DELL,92.2216362778081,93.3746513458148,89.41727461729994,90.17943572998048,7225200
2025-03-31 04:00:00+00:00,DELL,87.2284871727976,89.12412383056535,86.37838791466258,89.06549835205078,7286200
2025-04-01 04:00:00+00:00,DELL,89.19252989205961,90.67777341003256,87.65843428969535,89.85697937011719,5716700
2025-04-02 04:00:00+00:00,DELL,87.91248665708203,93.53099050747322,87.7756888988573,93.14990997314452,6245800
2025-04-03 04:00:00+00:00,DELL,83.78899020033309,84.23846960302745,74.96549773120744,75.46383666992188,30868500
2025-04-04 04:00:00+00:00,DELL,72.95261106010999,73.22620657365691,67.83243875974826,69.99189758300781,17449100
2025-04-07 04:00:00+00:00,DELL,66.4449247233073,75.53224829243341,64.73494504292806,73.28484344482422,15538400
2025-04-08 04:00:00+00:00,DELL,75.72766444451825,77.64284061200868,69.37631194271995,70.92994689941406,12924100
2025-04-09 04:00:00+00:00,DELL,70.90063821168435,83.51540571108498,69.49357433863639,82.26467895507812,18160000
2025-04-10 04:00:00+00:00,DELL,78.36591498474372,79.17693562569949,74.20334166727058,77.13473510742188,11279300
2025-04-11 04:00:00+00:00,DELL,76.80250970005187,81.02371612380516,76.177146337638,80.05635833740234,8667600
2025-04-14 04:00:00+00:00,DELL,87.24804230127185,87.24804230127185,82.08879096155496,83.24180603027344,12355200
2025-04-15 04:00:00+00:00,DELL,82.68484327011612,84.9127011713596,82.39170093367069,83.53494262695312,5728800
2025-04-16 04:00:00+00:00,DELL,80.91623390489993,83.34929600910765,79.81207831058576,81.45365905761719,5842300
2025-04-17 04:00:00+00:00,DELL,81.96175906931995,83.46654195127029,81.00417470666375,82.86072540283203,6238300
2025-04-21 04:00:00+00:00,DELL,81.47319425758174,82.43078608419049,78.89356856559472,80.5058364868164,5595300
2025-04-22 04:00:00+00:00,DELL,81.52365737783789,83.97231514600605,81.09096006036658,82.68406677246094,4471600
2025-04-23 04:00:00+00:00,DELL,87.60105204546953,90.3643966494006,87.11918186330855,87.67972564697266,8413100
2025-04-24 04:00:00+00:00,DELL,88.3877646222087,93.1080756245382,87.95507482394989,92.83272552490234,6367200
2025-04-25 04:00:00+00:00,DELL,92.89172921866356,93.86529066668028,92.38036580737302,93.31459045410156,4466700
2025-04-28 04:00:00+00:00,DELL,92.99991144135689,94.0521465812749,91.56415183473132,92.90157318115234,3920200
2025-04-29 04:00:00+00:00,DELL,92.10501193523092,92.99006366848069,91.56414031804286,92.22301483154295,4474000
2025-04-30 04:00:00+00:00,DELL,85.37857093948539,90.56107248086374,85.31956949015807,90.23655700683594,9891200
2025-05-01 04:00:00+00:00,DELL,92.01649983223332,93.61943498757,90.2660535576716,90.42339324951172,6333100
2025-05-02 04:00:00+00:00,DELL,92.66554558590488,94.2488085876554,92.28201367553176,93.01956176757812,5970500
2025-05-05 04:00:00+00:00,DELL,92.3410264186524,94.0521359617386,91.9771666439783,92.79338836669922,4938000
2025-05-06 04:00:00+00:00,DELL,91.12161397936492,93.15724646020313,90.99376750538602,92.39019012451172,5015400
2025-05-07 04:00:00+00:00,DELL,92.30168107410556,94.44548771805732,91.337948315582,94.19963836669922,5211600
2025-05-08 04:00:00+00:00,DELL,95.82226674678296,95.86160355201427,94.09148483024724,94.62252044677734,4575900
2025-05-09 04:00:00+00:00,DELL,95.83208301259307,96.3139531877401,94.0521359451768,94.31765747070312,4367400
2025-05-12 04:00:00+00:00,DELL,99.32314470044778,102.35201071572985,99.32314470044778,101.70296478271484,7927700
2025-05-13 04:00:00+00:00,DELL,102.1651645671563,106.69862759322488,102.1651645671563,106.05941772460938,7063500
2025-05-14 04:00:00+00:00,DELL,107.6820349400441,109.89467949360666,107.6820349400441,109.17679595947266,7639100
2025-05-15 04:00:00+00:00,DELL,107.14116024448224,109.65866307840392,106.76747187586062,109.02928924560548,4488800
2025-05-16 04:00:00+00:00,DELL,109.64882480334217,112.69735565158908,109.24562821396674,112.2941665649414,5466600
2025-05-19 04:00:00+00:00,DELL,109.57015003017308,113.159552483712,109.57015003017308,112.3826675415039,4594700
2025-05-20 04:00:00+00:00,DELL,112.0679821871696,113.582415291382,111.31076938642724,112.33350372314452,4150600
2025-05-21 04:00:00+00:00,DELL,111.6549564139298,114.2019524143488,109.70782600407246,110.07168579101562,5859900
2025-05-22 04:00:00+00:00,DELL,110.53387245575652,111.10424476489874,108.82276303105684,110.09133911132812,4013700
2025-05-23 04:00:00+00:00,DELL,107.84921051319203,110.81907539847847,107.00348799640676,110.24870300292967,3916900
2025-05-27 04:00:00+00:00,DELL,112.5793586210316,113.13989494332203,111.31077483843148,112.09748840332033,5512100
2025-05-28 04:00:00+00:00,DELL,112.25482989750556,113.37590248495738,111.42877206833026,111.88113403320312,4618400
2025-05-29 04:00:00+00:00,DELL,113.27755916426104,113.5430731851038,109.45214353208422,111.7434539794922,14396000
2025-05-30 04:00:00+00:00,DELL,110.61255553224788,115.028008263609,107.38700538822629,109.42263793945312,19208000
2025-06-02 04:00:00+00:00,DELL,109.1472814479947,109.81599201761595,104.61381857946608,106.2855987548828,9027600
2025-06-03 04:00:00+00:00,DELL,106.69862988621294,110.57321847834548,106.21676720684538,110.04218292236328,6643900
2025-06-04 04:00:00+00:00,DELL,110.99607884640318,112.35316469933888,109.45214506705528,110.82889556884766,4536200
2025-06-05 04:00:00+00:00,DELL,111.12391796087884,112.32366411629113,109.33413480356494,109.96350860595705,5435000
2025-06-06 04:00:00+00:00,DELL,110.95674155613835,113.32672562609928,110.95674155613835,111.86146545410156,4037500
2025-06-09 04:00:00+00:00,DELL,112.6088556236043,114.69365362919774,112.31383335732362,112.32366943359376,5123700
2025-06-10 04:00:00+00:00,DELL,112.89403535268798,113.13988472627597,109.90450606953094,111.36976623535156,8661400
2025-06-11 04:00:00+00:00,DELL,112.5006669052939,112.54983227490108,109.06861199327273,109.39312744140624,5436500
2025-06-12 04:00:00+00:00,DELL,110.16017965894454,111.63527584212804,108.73425634962469,111.51727294921876,5597700
2025-06-13 04:00:00+00:00,DELL,109.50131025952996,109.89467076056069,107.35750340677636,107.74102783203124,5137500
2025-06-16 04:00:00+00:00,DELL,109.39313737904624,112.4711764002436,109.15712407640152,111.85163116455078,5292300
2025-06-17 04:00:00+00:00,DELL,110.91740437710152,115.75571825253284,110.809230052418,114.0052719116211,5968200
2025-06-18 04:00:00+00:00,DELL,113.69058464884002,116.84728969779113,113.63158320019356,114.62480926513672,4671200
2025-06-20 04:00:00+00:00,DELL,116.3555979055739,117.76185670326691,115.66722262113448,117.38816833496094,9568400
2025-06-23 04:00:00+00:00,DELL,116.87679148964264,117.3979909647199,114.03477331205988,116.0605697631836,5987400
2025-06-24 04:00:00+00:00,DELL,117.81102084928148,119.80731652891043,117.18164706366626,118.58789825439452,5034500
2025-06-25 04:00:00+00:00,DELL,118.8042477387662,120.26951539309364,118.25354754814654,118.4600601196289,3977600
2025-06-26 04:00:00+00:00,DELL,120.66287000909992,125.0389933770392,120.24000878483125,123.88842010498048,9434800
2025-06-27 04:00:00+00:00,DELL,121.72495255524208,122.98370027068268,120.48586949041166,121.93146514892578,7362000
2025-06-30 04:00:00+00:00,DELL,122.09863458796472,122.42315005394605,120.1023314034016,120.56452941894533,5427000
2025-07-01 04:00:00+00:00,DELL,120.03350750721762,121.11525085905528,118.11588520664762,119.70899200439452,4105000
2025-07-02 04:00:00+00:00,DELL,119.34512615312224,122.25598197359744,118.11587922710768,121.429931640625,3937800
2025-07-03 04:00:00+00:00,DELL,122.12813875585742,124.08509769339324,121.63644000251584,123.14103698730467,3725600
2025-07-07 04:00:00+00:00,DELL,122.99353148289028,124.92098978376768,121.72494774095368,122.6985092163086,4070200
2025-07-08 04:00:00+00:00,DELL,124.02608707537566,124.6456247578055,120.25967310255238,122.3248062133789,3317300
2025-07-09 04:00:00+00:00,DELL,122.52147917091784,124.89147051988756,122.47231380227048,124.5276107788086,3966200
2025-07-10 04:00:00+00:00,DELL,124.8914892081439,126.18958118048512,124.24244322197328,125.78638458251952,5368800
2025-07-11 04:00:00+00:00,DELL,125.4520162337144,125.51101768164644,123.61306024498268,124.72430419921876,3560200
2025-07-14 04:00:00+00:00,DELL,124.10474892125328,124.39977114244464,121.7249290130957,123.58354949951172,3626900
2025-07-15 04:00:00+00:00,DELL,125.06849350169897,126.4747522172686,122.93452274182948,123.60323333740234,4041700
2025-07-16 04:00:00+00:00,DELL,123.4163824037526,123.4163824037526,118.65674225339504,121.51842498779295,5955900
2025-07-17 04:00:00+00:00,DELL,121.6757690906073,122.37398037576844,119.8466492438984,121.82327270507812,3763700
2025-07-18 04:00:00+00:00,DELL,123.2000403577877,129.7986443329186,122.75751447397136,129.06109619140625,11025200
2025-07-21 04:00:00+00:00,DELL,128.45136753907423,128.80539121418673,126.45507195607875,126.81893920898438,5560200
2025-07-22 04:00:00+00:00,DELL,126.38941415848204,126.45854060141023,121.63006308291251,122.76559448242188,6278000
2025-07-23 04:00:00+00:00,DELL,123.96037078511084,126.29067625411524,123.7036401735368,125.61923217773438,4175700
2025-07-24 04:00:00+00:00,DELL,126.00432923203428,127.84092611439108,125.55011815289392,126.73502349853516,3785000
2025-07-25 04:00:00+00:00,DELL,126.34992595101902,130.1712338906829,126.10307160814814,129.56890869140625,4301000
2025-07-28 04:00:00+00:00,DELL,130.2897189053001,132.2151797626605,129.50966581270555,132.17568969726562,4846600
2025-07-29 04:00:00+00:00,DELL,133.21247138325126,134.3085051874767,130.85254464203695,131.830078125,4013200
2025-07-30 04:00:00+00:00,DELL,131.75109417856018,133.48895841534758,130.9315510094676,131.85971069335938,3765800
2025-07-31 04:00:00+00:00,DELL,133.4988129441907,134.42698759600236,130.5464449263379,131.02040100097656,3876200
2025-08-01 04:00:00+00:00,DELL,126.76464696759471,127.62369525937876,123.832016169057,125.71797943115234,5521000
2025-08-04 04:00:00+00:00,DELL,127.0213493625822,129.065310220482,126.2807864546691,128.59133911132812,2765300
2025-08-05 04:00:00+00:00,DELL,129.7367644602667,130.22060438374774,125.10577469783934,128.8382110595703,4754800
2025-08-06 04:00:00+00:00,DELL,126.37954244842098,128.16677294537513,122.32125660368,126.52765655517578,6250900
2025-08-07 04:00:00+00:00,DELL,128.53211298871585,132.3139231986015,128.46300160983694,132.2447967529297,5691200
2025-08-08 04:00:00+00:00,DELL,133.30133452585707,137.11276587867548,132.31391723307294,135.8784942626953,5458600
2025-08-11 04:00:00+00:00,DELL,136.26357857856755,138.71236910533588,135.29591390591406,136.57955932617188,4402800
2025-08-12 04:00:00+00:00,DELL,137.73484688248996,140.32187542996803,136.92515745101792,139.8577880859375,4856200
2025-08-13 04:00:00+00:00,DELL,138.55439664745666,138.83087227390004,134.34798949252652,137.3892364501953,6025200
2025-08-14 04:00:00+00:00,DELL,135.3847822319952,138.0606896579372,135.02931141280715,137.11276245117188,3813800
2025-08-15 04:00:00+00:00,DELL,138.93950156876315,139.3739525454715,135.70075880815114,136.54006958007812,3448200
2025-08-18 04:00:00+00:00,DELL,136.54005907863603,137.6262241038513,135.98710781735986,136.39195251464844,3202500
2025-08-19 04:00:00+00:00,DELL,136.14511145288662,136.9646696759305,132.8866311267633,133.4988250732422,3570100
2025-08-20 04:00:00+00:00,DELL,132.31392857418558,132.31392857418558,125.244016535833,126.8633804321289,7222700
2025-08-21 04:00:00+00:00,DELL,127.68293102969558,128.67034834808072,125.94508197338308,126.2215576171875,4057800
2025-08-22 04:00:00+00:00,DELL,127.22872896609827,130.3884614079669,126.5079034672838,129.1936798095703,3786000
2025-08-25 04:00:00+00:00,DELL,128.8480955735481,130.48719692566814,128.137153875388,129.36154174804688,3202700
2025-08-26 04:00:00+00:00,DELL,129.53927732060936,130.83279156616163,128.63085521737258,129.341796875,3735700
2025-08-27 04:00:00+00:00,DELL,129.28252669542607,131.00063804656023,129.00605108491584,130.83277893066406,3799300
2025-08-28 04:00:00+00:00,DELL,132.01770963445242,133.47908323713187,131.06979732285288,132.36331176757812,11144100
2025-08-29 04:00:00+00:00,DELL,122.46937136550017,123.3284271625558,118.12473356670031,120.61302947998048,24363200
2025-09-02 04:00:00+00:00,DELL,117.61127540916316,119.852709369347,116.21901339772413,119.43799591064452,8969900
2025-09-03 04:00:00+00:00,DELL,120.16868761037856,122.46937182721302,119.37875825614374,122.4594955444336,5966800
2025-09-04 04:00:00+00:00,DELL,122.46936788823008,125.74759305968844,121.3733340702567,125.0761489868164,7053800
2025-09-05 04:00:00+00:00,DELL,125.64885600644138,126.8041324815503,121.72880797716418,123.25930786132812,6413100
2025-09-08 04:00:00+00:00,DELL,123.72340218650604,124.02949916722908,121.2449824241254,121.45233917236328,5187100
2025-09-09 04:00:00+00:00,DELL,119.3491338857134,120.17856081643504,116.66335757660195,119.76384735107422,10704400
2025-09-10 04:00:00+00:00,DELL,121.8769166563182,125.52048887458724,121.867040374047,122.8840789794922,8447200
2025-09-11 04:00:00+00:00,DELL,123.3383075286981,127.13985537008688,122.9532078229676,123.79251861572266,6159400
2025-09-12 04:00:00+00:00,DELL,124.3158467046546,126.03395079581568,123.39754826166568,123.46666717529295,4365700
2025-09-15 04:00:00+00:00,DELL,124.79966885080978,126.69550821180088,123.43703572260917,125.20451354980467,5734400
2025-09-16 04:00:00+00:00,DELL,126.0339429559425,127.07073412925509,124.31583897165515,126.0734405517578,4461300
2025-09-17 04:00:00+00:00,DELL,126.48816133576648,131.32650004764713,126.29067335701056,128.69996643066406,8237000
2025-09-18 04:00:00+00:00,DELL,130.3094703020511,131.96832423603163,129.80589287211984,130.4477081298828,5528900
2025-09-19 04:00:00+00:00,DELL,131.27713228031007,132.2843021853569,130.27984619140625,130.27984619140625,9052000
2025-09-22 04:00:00+00:00,DELL,130.95128744251352,136.24384517483716,130.1514817795031,133.982666015625,10255200
2025-09-23 04:00:00+00:00,DELL,134.3677390978659,135.62176320456058,131.57334651581888,132.64962768554688,4750800
2025-09-24 04:00:00+00:00,DELL,133.30133596714666,133.79504461887683,130.0626084171401,130.42794799804688,3921900
2025-09-25 04:00:00+00:00,DELL,127.75204330856722,129.60837741587724,125.52047830710752,129.31216430664062,4758900
2025-09-26 04:00:00+00:00,DELL,126.39930233031544,129.46030245154557,125.99446509324652,129.1147003173828,3841000
2025-09-29 04:00:00+00:00,DELL,130.4674766085673,132.89651517484398,130.4674766085673,132.21519470214844,3833400
2025-09-30 04:00:00+00:00,DELL,132.3139233405435,139.9861602783203,132.3139233405435,139.9861602783203,9934600
2025-10-01 04:00:00+00:00,DELL,139.13697664748523,147.79661560058594,138.63338417707473,147.79661560058594,13612000
2025-10-02 04:00:00+00:00,DELL,148.5964539094529,150.18619656848392,142.79043462137537,145.5157012939453,7490800
2025-10-03 04:00:00+00:00,DELL,146.39448345803982,147.32265813062568,138.64326669395786,138.9691162109375,6526700
2025-10-06 04:00:00+00:00,DELL,143.68897857281803,147.40166242565178,142.44482305537147,143.9259490966797,10454700
2025-10-07 04:00:00+00:00,DELL,150.8773879236327,152.75347503388824,142.58307238325304,148.97166442871094,18683200
2025-10-08 04:00:00+00:00,DELL,152.76334714402006,164.0100303268932,152.06227418559354,162.45977783203125,18937900
2025-10-09 04:00:00+00:00,DELL,162.2524253563518,162.864619288855,153.1977950442649,153.98773193359375,13275600
2025-10-10 04:00:00+00:00,DELL,155.5873673755425,157.2758426967554,148.52732390615927,148.67544555664062,11749100
2025-10-13 04:00:00+00:00,DELL,153.5927590223274,153.5927590223274,149.20862394253226,151.4698028564453,6800900
2025-10-14 04:00:00+00:00,DELL,148.09285312972716,150.64039175571108,146.23651871709194,146.89808654785156,7096400
2025-10-15 04:00:00+00:00,DELL,150.2553048206828,153.81988225801052,149.51474176639138,151.76605224609375,5804500
2025-10-16 04:00:00+00:00,DELL,153.33602939611765,156.50564563103077,147.7867488645172,149.40611267089844,6947600
2025-10-17 04:00:00+00:00,DELL,148.5273219131342,149.3370114045446,145.43670066278003,147.707763671875,5301500
2025-10-20 04:00:00+00:00,DELL,148.30021490896362,149.50486528700765,145.27872021435238,146.0093994140625,5829600
2025-10-21 04:00:00+00:00,DELL,146.60892002373316,149.92856035519702,143.77484358304525,148.07550048828125,5191400
2025-10-22 04:00:00+00:00,DELL,148.8385226677488,150.0177384397102,143.93339451891063,148.7691650390625,6136700
2025-10-23 04:00:00+00:00,DELL,148.640332335505,153.9319245377346,148.24396416413427,152.8319854736328,5817200
2025-10-24 04:00:00+00:00,DELL,156.1714448152295,158.4902303152167,155.378693370997,157.20201110839844,5081500
2025-10-27 04:00:00+00:00,DELL,159.0451650365161,160.8982097843701,157.7173149511071,160.7198486328125,5480000
2025-10-28 04:00:00+00:00,DELL,160.94774425479454,165.4862307201393,159.2235110182912,163.3854522705078,6446400
2025-10-29 04:00:00+00:00,DELL,165.48624032218802,166.41772217800838,160.5018356107447,162.1170654296875,4511500
2025-10-30 04:00:00+00:00,DELL,159.4316144273205,162.58279722813825,158.75778553484847,159.55052185058594,3105200
2025-10-31 04:00:00+00:00,DELL,161.46303602600435,161.89905007402095,156.5678121385974,160.5414581298828,4079200
2025-11-03 05:00:00+00:00,DELL,165.6348710204446,166.55644894395886,158.4109575189203,158.65869140625,4614600
2025-11-04 05:00:00+00:00,DELL,154.06074427536996,156.48853324015394,151.92031995421942,153.23826599121094,5330200
2025-11-05 05:00:00+00:00,DELL,150.72130056333626,153.52563481469954,147.79802864565556,151.0284881591797,7326500
2025-11-06 05:00:00+00:00,DELL,151.35550206491718,153.5950109751183,147.4710365050359,147.8277587890625,4255100
2025-11-07 05:00:00+00:00,DELL,146.64855455925095,146.64855455925095,141.7830574770022,145.3702392578125,5780800
2025-11-10 05:00:00+00:00,DELL,148.38270561057809,148.68989323438856,139.81110340054383,141.3966064453125,8203600
2025-11-11 05:00:00+00:00,DELL,139.0282617505318,139.7219136167323,135.0546004875892,137.50221252441406,7116100
2025-11-12 05:00:00+00:00,DELL,139.37508621645682,142.48662339842048,138.48325022385015,139.43455505371094,5503000
2025-11-13 05:00:00+00:00,DELL,138.53278914176448,138.87960750253447,131.10077271914273,132.7259063720703,6912000
2025-11-14 05:00:00+00:00,DELL,128.74235714012846,135.93654447700803,128.15770873869215,132.54754638671875,5573300
2025-11-17 05:00:00+00:00,DELL,122.87600010439962,127.24602922089764,118.92216963726172,121.36978149414062,15291100
2025-11-18 05:00:00+00:00,DELL,119.4077371535898,124.89752116314943,118.30779805714845,121.57788848876952,10147100
2025-11-19 05:00:00+00:00,DELL,121.4787842572327,122.469719797539,117.79251039789342,118.29788208007812,6729200
2025-11-20 05:00:00+00:00,DELL,122.52918567763598,124.54078369044944,115.69172868040786,116.3358383178711,8855000
2025-11-21 05:00:00+00:00,DELL,117.48531338602535,122.3408989689736,115.50344233667816,121.3995132446289,8401600
2025-11-24 05:00:00+00:00,DELL,123.66875609006593,128.2369694483635,123.1534653852244,126.06681823730467,8985900
2025-11-25 05:00:00+00:00,DELL,121.97426063799888,125.96773749794752,121.93462986659854,124.7786102294922,14794100
2025-11-26 05:00:00+00:00,DELL,132.36916961499867,134.1231297328985,126.91902421222149,132.05206298828125,16424900
2025-11-28 05:00:00+00:00,DELL,132.9538251834943,133.28083573991563,128.83152953466868,132.14126586914062,5612600
2025-12-01 05:00:00+00:00,DELL,130.51612446070646,130.94221947800744,126.61182851837752,130.89266967773438,6720100
2025-12-02 05:00:00+00:00,DELL,133.78621522330292,136.78874900085103,133.58803111953142,134.7176971435547,6981600
2025-12-03 05:00:00+00:00,DELL,134.17267684945097,134.87624779239704,132.0322674026173,132.41873168945312,5630700
2025-12-04 05:00:00+00:00,DELL,132.78535937965378,138.04722455967584,131.40795961478835,137.73013305664062,6857100
2025-12-05 05:00:00+00:00,DELL,137.6904944172482,137.93822830972994,134.87624102757025,137.65086364746094,5001600
2025-12-08 05:00:00+00:00,DELL,137.36346985094173,141.04975100463483,137.34366202830728,139.1372528076172,3915400
2025-12-09 05:00:00+00:00,DELL,137.7796766239006,138.65170477433242,135.87708212153055,136.9671173095703,3464800
2025-12-10 05:00:00+00:00,DELL,136.79865486786647,139.85073815772253,135.02487177671006,139.3552703857422,4576000
2025-12-11 05:00:00+00:00,DELL,137.57158464953127,137.79949559300786,133.4591930319341,137.3436737060547,4933500
2025-12-12 05:00:00+00:00,DELL,137.244579038546,138.22561071475647,128.2667050239651,128.8018035888672,9299000
2025-12-15 05:00:00+00:00,DELL,130.10982806653868,132.22051030053646,128.43514473087478,129.3269805908203,5336200
2025-12-16 05:00:00+00:00,DELL,129.10899942426585,133.776312997408,128.84145768501526,132.5376434326172,5365600
2025-12-17 05:00:00+00:00,DELL,132.26017340225184,132.527730243253,125.46235470167092,126.73075103759766,6125700
2025-12-18 05:00:00+00:00,DELL,126.84965808382874,127.52350214051236,120.99323274051989,121.82562255859376,9344800
2025-12-19 05:00:00+00:00,DELL,122.8363701876855,125.99745701961724,122.57872482715406,125.2740707397461,9715400
2025-12-22 05:00:00+00:00,DELL,127.60278108626764,127.6820577485016,124.22368707087224,125.4623565673828,4852700
2025-12-23 05:00:00+00:00,DELL,125.18488805236764,127.46404280880832,125.18488805236764,126.46319580078124,3494400
2025-12-24 05:00:00+00:00,DELL,125.54162512332654,127.8802335865524,125.0659727408746,127.21630859375,1756000
2025-12-26 05:00:00+00:00,DELL,127.48386370404718,128.49462228793476,126.83976158792464,128.0685272216797,2733200
2025-12-29 05:00:00+00:00,DELL,126.98838209824672,128.17751683041175,125.95781580024342,126.3046417236328,3112000
2025-12-30 05:00:00+00:00,DELL,125.78937011351375,127.2856774574295,125.74973178145628,126.76048278808594,2754500
2025-12-31 05:00:00+00:00,DELL,127.00821127742164,127.246041259625,124.639875849709,124.7389678955078,2925700
2026-01-02 05:00:00+00:00,DELL,127.23611565963334,128.1775165069678,124.61014256042714,126.64156341552734,4959300
2026-01-05 05:00:00+00:00,DELL,128.38561331087257,130.00084316980303,120.98332320416574,122.88592529296876,8471000
2026-01-06 05:00:00+00:00,DELL,123.9660410829117,125.0560687223784,120.72568502264195,122.80664825439452,6595600
2026-01-07 05:00:00+00:00,DELL,121.8850776298997,122.18236133114122,117.67360137033,118.98163604736328,10343400
2026-01-08 05:00:00+00:00,DELL,116.49439088611976,118.2879895272759,113.74950250238376,117.42587280273438,11522100
2026-01-09 05:00:00+00:00,DELL,118.89245132413672,119.91311373708204,116.25655911651172,119.52664947509766,7001500
2026-01-12 05:00:00+00:00,DELL,117.92133706103591,120.97342054060236,117.63396482819634,119.37801361083984,5203400
2026-01-13 05:00:00+00:00,DELL,120.39867337419176,120.77522617417004,117.83215384229015,118.57535552978516,5641600
2026-01-14 05:00:00+00:00,DELL,118.06997281937964,120.96350282378448,116.86103023336766,117.61414337158205,4788300
2026-01-15 05:00:00+00:00,DELL,120.70586098574672,122.52918639039184,118.39698682237682,118.57535552978516,6834000
2026-01-16 05:00:00+00:00,DELL,119.12036277619475,121.87516242372256,118.13933868853118,119.43746185302734,9023300
2026-01-20 05:00:00+00:00,DELL,115.95899889955396,116.49644602358865,110.3158078938463,110.5447235107422,11625700
2026-01-21 05:00:00+00:00,DELL,111.79876314986664,113.87887533499192,109.6987412978457,112.724365234375,9162300
2026-01-22 05:00:00+00:00,DELL,113.68978432006612,119.02442870467632,113.44096662554844,116.61587524414062,8372200
2026-01-23 05:00:00+00:00,DELL,114.87414703414414,115.4414510524375,113.22200155360916,114.88410186767578,6342800
2026-01-26 05:00:00+00:00,DELL,114.46608950043073,116.73530556411475,114.46608950043073,115.3817367553711,6309400
2026-01-27 05:00:00+00:00,DELL,116.22771351332749,117.28269804709085,113.93859541239634,114.11774444580078,5058300
2026-01-28 05:00:00+00:00,DELL,114.85424916717103,117.93958705674385,113.67982934675533,116.76516723632812,5300400
2026-01-29 05:00:00+00:00,DELL,115.12296331489632,118.53674221654454,114.76466524525937,117.92962646484376,6246400
2026-01-30 05:00:00+00:00,DELL,116.26752234444868,116.34714582248364,111.7290904028338,113.8987808227539,10734700
2026-02-02 05:00:00+00:00,DELL,113.99831247168916,118.73580336181143,113.84902034071575,118.59646606445312,8019700
2026-02-03 05:00:00+00:00,DELL,119.4125882052901,120.62681214474632,115.65045838310972,116.5959701538086,8764600
2026-02-04 05:00:00+00:00,DELL,117.60119702112064,122.4581156118042,116.26753024994808,121.4628448486328,10914500
2026-02-05 05:00:00+00:00,DELL,119.68130815851316,122.13962813561814,112.51536176763642,114.84429168701172,9298400
2026-02-06 05:00:00+00:00,DELL,116.34715616109716,121.99033968363436,115.94904632885896,120.47753143310548,7918000
2026-02-09 05:00:00+00:00,DELL,119.73108000668849,121.4230373255386,117.30261683031736,120.33819580078124,5016800
2026-02-10 05:00:00+00:00,DELL,121.97043422374183,126.0311331385894,121.87090107345972,125.41407012939452,6194100
2026-02-11 05:00:00+00:00,DELL,127.08612717746227,127.45437250300768,121.7116634954583,123.57282257080078,5431200
2026-02-12 05:00:00+00:00,DELL,116.94431302752596,120.34813716729366,110.67410427042692,112.28644561767578,11756600
2026-02-13 05:00:00+00:00,DELL,114.92391314305262,120.25856489743666,113.67982472259575,116.93435668945312,10480400
2026-02-17 05:00:00+00:00,DELL,115.70022444248043,118.4869855739042,114.42627910010842,115.54097747802734,5303700
2026-02-18 05:00:00+00:00,DELL,114.30684172752656,116.90449893814836,112.32625510258832,116.22771453857422,5783400
2026-02-19 05:00:00+00:00,DELL,118.39740742712974,120.86568222648488,117.05379343421924,118.49693298339844,7042300
2026-02-20 05:00:00+00:00,DELL,117.2030913677078,122.0799197994458,117.0438443951434,121.69175720214844,7763500
2026-02-23 05:00:00+00:00,DELL,120.68653001132786,123.73205599420656,118.30783359054264,118.57655334472656,6962300
2026-02-24 05:00:00+00:00,DELL,119.9301199874852,122.05999868934148,118.4372139295497,119.2135238647461,4937700
2026-02-25 05:00:00+00:00,DELL,117.56138247013642,124.3590758492404,116.6457276189812,122.89603424072266,8220000
2026-02-26 05:00:00+00:00,DELL,124.5083652481086,125.40411041257528,119.74101759979806,120.87562561035156,14418100
2026-02-27 05:00:00+00:00,DELL,136.72032875935486,148.15599436545804,135.46629316691974,147.3796844482422,33475600
2026-03-02 05:00:00+00:00,DELL,146.06593991539333,152.9930314970921,145.309539560211,152.82383728027344,12554200
2026-03-03 05:00:00+00:00,DELL,149.0218934039152,150.2261777602713,140.35309319550825,144.493408203125,15258200
2026-03-04 05:00:00+00:00,DELL,145.30952353784812,147.6285061125938,143.36874869230476,146.40432739257812,8505500
2026-03-05 05:00:00+00:00,DELL,145.30954231444747,148.45460180659194,141.3782255425808,145.82708740234375,7027600
2026-03-06 05:00:00+00:00,DELL,143.14980042783273,147.95696019547074,141.44788068435756,145.78726196289062,7100400
2026-03-09 04:00:00+00:00,DELL,143.9161676751378,146.00622730009775,140.69148472810693,145.81712341308594,7400600
2026-03-10 04:00:00+00:00,DELL,145.59814848151487,146.19531699446034,136.84972544260833,143.11993408203125,7518700
2026-03-11 04:00:00+00:00,DELL,144.9711453981897,148.76312463852335,144.46354758116348,146.6730499267578,5405700
2026-03-12 04:00:00+00:00,DELL,146.4540776895955,151.1318621371764,146.3943638773499,149.20103454589844,7340900
2026-03-13 04:00:00+00:00,DELL,150.2858910641984,152.22666609028482,146.12566640246592,150.9029541015625,6441100
2026-03-16 04:00:00+00:00,DELL,152.3261972832586,157.05373353068222,151.95793676444765,155.7996826171875,7923400
2026-03-17 04:00:00+00:00,DELL,154.01815358174682,154.28688094525967,151.08210781089028,152.286376953125,6675800
2026-03-18 04:00:00+00:00,DELL,151.98781184331094,154.28688498101235,148.22567421560362,148.50436401367188,5460700
2026-03-19 04:00:00+00:00,DELL,145.89674395530338,156.32719294717546,145.87684947353478,156.01864624023438,7715300
2026-03-20 04:00:00+00:00,DELL,162.72677757346057,169.0965046882295,156.92434692382812,156.92434692382812,23135900
2026-03-23 04:00:00+00:00,DELL,158.48692539817395,164.63769156484463,157.87980961137012,163.81161499023438,10721300
2026-03-24 04:00:00+00:00,DELL,162.84619245450511,177.46672195040838,162.59737477128448,176.07334899902344,15886500
2026-03-25 04:00:00+00:00,DELL,176.91932814139903,183.98575674429543,176.77999083985645,183.1397705078125,11330800
2026-03-26 04:00:00+00:00,DELL,181.84592497530443,185.5085140368755,174.71978277772973,174.98851013183594,11061300
2026-03-27 04:00:00+00:00,DELL,174.30177325756983,175.45627579865206,169.54438023426712,170.99746704101562,8011500
2026-03-30 04:00:00+00:00,DELL,171.95293307416685,173.17711185398267,161.71158847208426,163.88128662109375,10135300
2026-03-31 04:00:00+00:00,DELL,163.513022058663,167.195535920429,154.63520894181812,163.35379028320312,13713700
2026-04-01 04:00:00+00:00,DELL,166.19030532512537,170.51973915556468,163.9808030486203,168.57896423339844,7311100
2026-04-02 04:00:00+00:00,DELL,166.20027620940857,173.5453643798828,165.71258805066228,173.5453643798828,5217100
2026-04-06 04:00:00+00:00,DELL,174.9984537107739,175.66528327531623,171.9728221968754,172.36097717285156,3925400
2026-04-07 04:00:00+00:00,DELL,171.42544760194951,177.99422575245254,171.40553793374698,176.84967041015625,5753000
2026-04-08 04:00:00+00:00,DELL,184.8814868221364,188.8526225339084,181.8061038865326,184.5928649902344,7212000
2026-04-09 04:00:00+00:00,DELL,186.0857735290163,186.91185007473976,178.84020367668137,180.60183715820312,4500900
2026-04-10 04:00:00+00:00,DELL,182.3634496801483,183.1298123864119,176.20272149663657,176.95913696289062,4279700
2026-04-13 04:00:00+00:00,DELL,178.15347541263813,190.46497050182427,176.66056919409647,188.89244079589844,10506700
2026-04-14 04:00:00+00:00,DELL,184.67249550696263,185.9066215496468,179.24827281559212,183.6374053955078,6256400
2026-04-15 04:00:00+00:00,DELL,182.07482519017577,182.12459176274757,176.16291477301775,176.44158935546875,7793300
2026-04-16 04:00:00+00:00,DELL,178.7207697059076,192.88346773791105,177.6558227505396,192.17681884765625,11474700
2026-04-17 04:00:00+00:00,DELL,191.91805975005207,196.40672534677648,190.8431655221087,195.62046813964844,6311200
2026-04-20 04:00:00+00:00,DELL,195.62045950028204,204.8068038267757,195.6104970738224,203.2740936279297,7155800
2026-04-21 04:00:00+00:00,DELL,205.51040419723495,213.9764100164479,205.01122907432077,212.00965881347656,9078200
2026-04-22 04:00:00+00:00,DELL,214.6552898916567,217.0313684513324,209.1543852900862,214.2958831787109,5482100
2026-04-23 04:00:00+00:00,DELL,214.1361530110005,218.89827278876788,210.33242571955356,211.7900238037109,4421500
2026-04-24 04:00:00+00:00,DELL,213.6369788313205,218.63870817814336,209.15438065443396,215.73350524902344,4621400
2026-04-27 04:00:00+00:00,DELL,217.42072004293567,221.1345842568185,212.40899743454696,215.61370849609372,5821000
2026-04-28 04:00:00+00:00,DELL,209.6235992009694,210.1627016228651,201.2274701030244,205.5902557373047,4437700
2026-04-29 04:00:00+00:00,DELL,205.7200585102273,207.58696867949612,202.91469663011216,205.3207244873047,3635700
2026-04-30 04:00:00+00:00,DELL,208.1560310702396,208.80495265159243,200.5086643542291,208.60528564453125,5635800
2026-05-01 04:00:00+00:00,DELL,208.185978884988,212.41898947933572,206.0994304937884,209.82327270507807,3010600
2026-05-04 04:00:00+00:00,DELL,210.5021577780956,214.62533398057224,205.36064481446883,211.2908477783203,3842400
2026-05-05 04:00:00+00:00,DELL,214.66527638564767,217.04133963690023,210.59200551170844,215.963134765625,4360800
2026-05-06 04:00:00+00:00,DELL,220.4357464657156,239.054973228991,219.23772916777048,238.4060516357422,9187200
2026-05-07 04:00:00+00:00,DELL,234.8718795690508,237.35777723109345,227.623862076506,229.8901214599609,4848300
2026-05-08 04:00:00+00:00,DELL,233.2046369550898,263.5544792052333,233.2046369550898,260.0303039550781,12168100
2026-05-11 04:00:00+00:00,DELL,253.18163691733776,255.0285757938249,241.60076758431265,246.6324462890625,11517000
2026-05-12 04:00:00+00:00,DELL,242.10990929172436,242.10990929172436,228.12302802472573,238.5458068847656,7150800
2026-05-13 04:00:00+00:00,DELL,244.1964732648057,246.59250773232128,236.40933839495665,243.46766662597656,5008500
2026-05-14 04:00:00+00:00,DELL,248.43947154893047,260.110188678592,240.41272682255752,247.4810485839844,6241900
2026-05-15 04:00:00+00:00,DELL,240.01339452413785,246.45275078484372,236.39935615087657,241.59078979492188,4833100
2026-05-18 04:00:00+00:00,DELL,244.1964824369065,244.54589589166807,231.81692993345425,237.63731384277344,5132600
2026-05-19 04:00:00+00:00,DELL,233.86354369007287,239.3544700093702,226.89506328117704,234.8718719482422,4082700
2026-05-20 04:00:00+00:00,DELL,239.0749372232268,246.52262160839905,236.79869985632976,242.5292205810547,4332900
2026-05-21 04:00:00+00:00,DELL,242.5591868857288,253.96034507452532,239.87362223773076,252.3829498291016,5075000
2026-05-22 04:00:00+00:00,DELL,267.6576992130913,297.8278439829766,264.7724524623164,294.7030029296875,15291500
2026-05-26 04:00:00+00:00,DELL,299.7546722166088,308.13084570814897,298.4767850741416,304.5766906738281,10305700
2026-05-27 04:00:00+00:00,DELL,306.9727549573945,311.6250709166679,298.0774503095753,304.8163146972656,8262400
2026-05-28 04:00:00+00:00,DELL,316.5069909839031,327.1893512658275,311.00607114059216,316.5269470214844,26611300
2026-05-29 04:00:00+00:00,DELL,417.31040381068414,428.4420029863505,401.6063434359208,420.2156066894531,41833000
2026-06-01 04:00:00+00:00,DELL,425.4469622913611,468.69550338369135,425.4469622913611,465.1912841796875,20849200
2026-06-02 04:00:00+00:00,DELL,465.341034344485,468.4159702682575,432.7149545091686,434.59185791015625,16018500
2026-06-03 04:00:00+00:00,DELL,433.07436870855867,435.2807142568798,406.3285566572249,420.3853149414063,14231100
2026-06-04 04:00:00+00:00,DELL,401.2070276343279,429.78980141628176,398.3417671663099,421.3537292480469,12297400
2026-06-05 04:00:00+00:00,DELL,405.10058042853086,412.218822769485,385.642743303406,393.7393798828125,10990300
2026-06-08 04:00:00+00:00,DELL,397.92243616068623,405.82938368379774,384.9738319742752,400.10882568359375,8569700
2026-06-09 04:00:00+00:00,DELL,402.255317006246,407.0673423058176,356.4809495753368,381.1501770019531,10471800
2026-06-10 04:00:00+00:00,DELL,376.29820960977776,398.3317776417402,369.0501766605325,369.2198791503906,9281200
2026-06-11 04:00:00+00:00,DELL,368.0717743359053,393.65949691609626,366.3546106336676,390.8042297363281,7869800
2026-06-12 04:00:00+00:00,DELL,384.3648498793168,407.7062838194725,380.4812527458752,394.91741943359375,6059100
2026-06-15 04:00:00+00:00,DELL,410.72128426436586,415.2238536140592,393.4498372310589,408.3951416015625,7036600
2026-06-16 04:00:00+00:00,DELL,412.4584420022436,421.1241149671104,401.586393021226,403.4133605957031,6326500
2026-06-17 04:00:00+00:00,DELL,411.3203037085567,431.0477144320541,394.84752455518,418.6282348632813,8754000
2026-06-18 04:00:00+00:00,DELL,429.1708155915469,435.2807143214858,407.20710982303154,408.8244323730469,15360600
2026-06-22 04:00:00+00:00,DELL,414.5050441504212,443.26751251376703,413.7962240013255,418.0192260742188,7336900
2026-06-23 04:00:00+00:00,DELL,394.3483589614264,434.272376743222,390.3549578580196,427.07427978515625,6643900
2026-06-24 04:00:00+00:00,DELL,421.0741696116883,439.6534834146548,417.6498356018023,433.3439025878906,6317200
2026-06-25 04:00:00+00:00,DELL,413.8561354243199,416.63154799625136,390.4048665261409,408.7745361328125,11179200
2026-06-26 04:00:00+00:00,DELL,395.5962875486384,400.6479373888525,384.4946376157214,398.8309326171875,10833000
2026-06-29 04:00:00+00:00,DELL,393.1703144929419,415.75299294668457,378.03532059549207,413.9259948730469,8818500
2026-06-30 04:00:00+00:00,DELL,409.9625699724832,432.7848425468774,408.32526090351297,430.7481994628906,6903800
2026-07-01 04:00:00+00:00,DELL,417.3104222929527,437.796559328221,410.0823759242831,424.5484619140625,6027600
2026-07-02 04:00:00+00:00,DELL,415.39357627478313,421.8529038855893,385.37320613606994,393.6694946289063,6611600
2026-07-06 04:00:00+00:00,DELL,394.5380523440695,429.0310425719039,392.601250349974,411.1206359863281,7260400
2026-07-07 04:00:00+00:00,DELL,397.0938044555167,425.8562721787,395.16699582145696,416.5915832519531,7050100
2026-07-08 04:00:00+00:00,DELL,422.1823547035394,448.70852791368566,413.3169996904936,431.2573547363281,9774300
2026-07-09 04:00:00+00:00,DELL,443.0977914890651,459.7403040668391,433.43376808813474,449.4772644042969,7928000
2026-07-10 04:00:00+00:00,DELL,448.3690676271159,452.05298249910425,432.5252539822909,434.2524108886719,5146800
2026-07-13 04:00:00+00:00,DELL,431.7365821906226,435.9795707962784,417.8395331636925,426.4053649902344,4661700
2026-07-14 04:00:00+00:00,DELL,441.1709740674602,462.7153897529444,440.7816333087853,456.7851867675781,7198300
2026-07-15 04:00:00+00:00,DELL,458.69203696256994,460.4391499092615,390.4747469595292,411.9991760253906,12957600
2026-07-16 04:00:00+00:00,DELL,403.8227022641402,413.1472903908296,390.51470619818576,390.7343444824219,6441800
2026-07-17 04:00:00+00:00,DELL,376.2282904656264,406.4782902635477,367.54263127319336,395.6861267089844,7290800
2026-07-20 04:00:00+00:00,DELL,399.6296318383652,402.5348347345464,380.42135222725256,381.25,4725800
2026-07-21 04:00:00+00:00,DELL,394.5,407.9800109863281,393.9400024414063,404.1499938964844,5277300
2026-07-22 04:00:00+00:00,DELL,414.3399963378906,451.3599853515625,413.7699890136719,441.7999877929688,7215000
2026-07-23 04:00:00+00:00,DELL,438.0,454.7699890136719,434.1000061035156,439.3399963378906,5118500
2026-07-24 04:00:00+00:00,DELL,438.9400024414063,451.4800109863281,432.260009765625,437.5,4604100
2026-07-27 04:00:00+00:00,DELL,435.489990234375,447.8800048828125,411.8699951171875,426.9100036621094,4960400
2026-07-28 04:00:00+00:00,DELL,401.260009765625,404.0,358.8800048828125,392.1000061035156,9448700
2026-07-29 04:00:00+00:00,DELL,388.5,394.9599914550781,364.1700134277344,369.6400146484375,6349100
2026-07-30 04:00:00+00:00,DELL,384.8900146484375,413.0,383.0,404.80999755859375,6193700
2026-07-31 04:00:00+00:00,DELL,419.0,431.4299926757813,400.25,405.3699951171875,4853900
2026-08-03 04:00:00+00:00,DELL,397.6799926757813,432.3599853515625,390.1099853515625,429.0199890136719,4838300
2026-08-04 04:00:00+00:00,DELL,449.2799987792969,476.8999938964844,443.8299865722656,467.2699890136719,7583200
2026-08-05 04:00:00+00:00,DELL,466.6000061035156,485.7000122070313,459.1900024414063,462.7000122070313,6984200
2026-08-06 04:00:00+00:00,DELL,450.5499877929688,455.8699951171875,426.0,437.6499938964844,6094400
2026-08-07 04:00:00+00:00,DELL,444.9500122070313,455.8800048828125,416.2999877929688,453.7699890136719,5208400
2026-08-10 04:00:00+00:00,DELL,458.5799865722656,474.989990234375,451.5,457.8800048828125,4986600
2026-08-11 04:00:00+00:00,DELL,449.1300048828125,452.4599914550781,431.010009765625,440.9700012207031,4796100
2026-08-12 04:00:00+00:00,DELL,459.2799987792969,484.739990234375,455.0,484.5,6243900
2026-08-13 04:00:00+00:00,DELL,499.6799926757813,514.0,487.1199951171875,494.510009765625,8064000
2026-08-14 04:00:00+00:00,DELL,496.0,500.760009765625,488.6499938964844,490.80999755859375,3992900
2026-08-17 04:00:00+00:00,DELL,496.6499938964844,496.8599853515625,469.0499877929688,479.80999755859375,5273700
2026-08-18 04:00:00+00:00,DELL,466.9800109863281,489.9800109863281,458.5,468.6499938964844,5530200
2026-08-19 04:00:00+00:00,DELL,467.9599914550781,471.75,427.5400085449219,437.5499877929688,7087900
2026-08-20 04:00:00+00:00,DELL,439.239990234375,443.7300109863281,432.0,434.7799987792969,3633000
2026-08-21 04:00:00+00:00,DELL,439.3500061035156,444.4299926757813,429.4500122070313,442.0799865722656,3687700
2026-08-24 04:00:00+00:00,DELL,438.2099914550781,451.5700073242188,424.0,433.1900024414063,4337900
2026-08-25 04:00:00+00:00,DELL,442.8900146484375,457.989990234375,441.7000122070313,451.5,3895600
2026-08-26 04:00:00+00:00,DELL,449.5799865722656,469.3999938964844,449.5799865722656,463.8200073242188,4459600
2026-08-27 04:00:00+00:00,DELL,466.6799926757813,472.5,459.1300048828125,472.260009765625,4642600
2026-08-28 04:00:00+00:00,DELL,467.5799865722656,474.739990234375,452.8999938964844,456.239990234375,3954900
2026-08-31 04:00:00+00:00,DELL,459.8500061035156,474.489990234375,456.010009765625,456.010009765625,7686500
2026-09-01 04:00:00+00:00,DELL,455.6900024414063,463.0,421.8900146484375,425.0,15948000
2026-09-02 04:00:00+00:00,DELL,462.0499877929688,497.989990234375,432.2699890136719,492.2000122070313,36720200
2026-09-03 04:00:00+00:00,DELL,486.30999755859375,530.780029296875,478.30999755859375,516.3900146484375,20328000
2026-09-04 04:00:00+00:00,DELL,513.780029296875,534.989990234375,510.1499938964844,524.1400146484375,11118700
2026-09-08 04:00:00+00:00,DELL,521.1500244140625,538.469970703125,515.5599975585938,533.8800048828125,6662500
2026-09-09 04:00:00+00:00,DELL,538.469970703125,562.989990234375,532.3900146484375,535.25,7282300
2026-09-10 04:00:00+00:00,DELL,523.8300170898438,530.510009765625,506.25,506.6199951171875,5917200
2026-09-11 04:00:00+00:00,DELL,518.0700073242188,567.75,517.52001953125,567.2899780273438,14473500
2026-09-14 04:00:00+00:00,DELL,538.5700073242188,546.2899780273438,525.8499755859375,534.280029296875,9173800
2026-09-15 04:00:00+00:00,DELL,541.5499877929688,568.6699829101562,539.0,543.510009765625,9830600
2026-09-16 04:00:00+00:00,DELL,553.6300048828125,576.75,550.0900268554688,563.2899780273438,13108100
2026-09-17 04:00:00+00:00,DELL,570.4000244140625,593.97998046875,565.5,588.4000244140625,9350700
2026-09-18 04:00:00+00:00,DELL,593.1500244140625,595.510009765625,568.0599975585938,568.0599975585938,11739100
2026-09-21 04:00:00+00:00,DELL,586.77001953125,592.4400024414062,567.3800048828125,575.3099975585938,7736600
2026-09-22 04:00:00+00:00,DELL,569.7999877929688,574.5999755859375,547.7100219726562,548.9199829101562,9781600
2026-09-23 04:00:00+00:00,DELL,559.0,570.719970703125,542.2302856445312,549.8300170898438,8218969
