date,ticker,open_price,high_price,low_price,close_price,volume,daily_price_change,daily_return_pct,daily_range,moving_avg_20,moving_avg_50
2021-09-24 04:00:00+00:00,CVX,81.54954141084465,82.62977591287238,81.54954141084465,82.32698059082031,8225300,,,1.0802345020277215,,
2021-09-27 04:00:00+00:00,CVX,83.95549128218086,84.92934100595122,83.95549128218086,84.26647186279297,12697500,1.9394912719726562,2.3558391891137953,0.973849723770357,,
2021-09-28 04:00:00+00:00,CVX,85.03574785420408,85.83773675467792,84.19283223327396,84.58564758300781,15560800,0.31917572021484375,0.378769530940537,1.6449045214039586,,
2021-09-29 04:00:00+00:00,CVX,84.4628984154714,85.3058078528856,83.75092327490778,84.56110382080078,10268100,-0.02454376220703125,-0.029016461903830226,1.5548845779778162,,
2021-09-30 04:00:00+00:00,CVX,84.63474472057027,84.65929450854814,83.02257537841797,83.02257537841797,15319800,-1.5385284423828125,-1.8194280500916982,1.6367191301301744,,
2021-10-01 04:00:00+00:00,CVX,83.6527238466886,85.5513179718883,83.37447832093602,85.37946319580078,10854900,2.3568878173828125,2.8388517299542837,2.1768396509522745,,
2021-10-04 04:00:00+00:00,CVX,85.92774806095939,86.63153773504092,85.1994086006916,85.6986083984375,13305400,0.31914520263671875,0.37379621596451695,1.4321291343493243,,
2021-10-05 04:00:00+00:00,CVX,86.77885099530126,88.19460957853828,86.27146580577093,86.63154602050781,13017300,0.9329376220703125,1.0886263377029692,1.9231437727673466,,
2021-10-06 04:00:00+00:00,CVX,85.25669847494407,86.21417765342179,84.76568399189817,85.87046813964844,10630100,-0.761077880859375,-0.8785227966256137,1.4484936615236137,,
2021-10-07 04:00:00+00:00,CVX,86.42696037636563,86.99163051478402,86.10780062254352,86.48424530029297,8830900,0.6137771606445312,0.7147709497127286,0.8838298922404988,,
2021-10-08 04:00:00+00:00,CVX,87.40899657785086,88.73474152466089,87.23714179201068,88.42376708984375,10586700,1.9395217895507812,2.242630184048333,1.4975997326502153,,
2021-10-11 04:00:00+00:00,CVX,89.65948213874319,89.7167670650636,87.49901314096061,87.67086791992188,9794800,-0.752899169921875,-0.8514669694595578,2.2177539241029933,,
2021-10-12 04:00:00+00:00,CVX,87.55632290940646,88.0391584913197,86.88526804914689,87.68726348876953,9085000,0.01639556884765625,0.018701273566312793,1.1538904421728091,,
2021-10-13 04:00:00+00:00,CVX,87.37626809059101,88.6610926532039,87.13894925655265,88.21099853515625,9220700,0.5237350463867188,0.59727607585085,1.522143396651245,,
2021-10-14 04:00:00+00:00,CVX,89.10298499163564,89.33213090879728,88.47285088930765,89.04570007324219,7648600,0.8347015380859375,0.9462556279229428,0.8592800194896313,,
2021-10-15 04:00:00+00:00,CVX,89.83132796232779,90.04410320041558,89.55308870324905,89.70039367675781,9968100,0.654693603515625,0.7352332599745104,0.4910144971665318,,
2021-10-18 04:00:00+00:00,CVX,90.19958222486925,90.35507252287996,89.16844753940633,89.65946197509766,10677400,-0.04093170166015625,-0.04563157415747865,1.186624983473635,,
2021-10-19 04:00:00+00:00,CVX,90.15049828739336,91.4107666015625,89.85588832617272,91.4107666015625,10362800,1.7513046264648438,1.9532847820916688,1.5548782753897825,,
2021-10-20 04:00:00+00:00,CVX,90.91156519149698,92.61375466216008,90.65787571281896,92.60557556152344,10811400,1.1948089599609375,1.30707684048732,1.9558789493411126,,
2021-10-21 04:00:00+00:00,CVX,92.2373141824725,92.31914889767256,90.73153544330827,91.4435043334961,9372600,-1.1620712280273438,-1.2548609746022343,1.5876134543642877,87.23427047729493,
2021-10-22 04:00:00+00:00,CVX,91.8363088293434,92.37642288055729,91.20616848540809,92.31095886230467,8673800,0.8674545288085795,0.9486234534986204,1.1702543951492004,87.73346939086915,
2021-10-25 04:00:00+00:00,CVX,92.90836747860544,93.5794221231772,92.72014826075582,93.17024230957033,9579800,0.8592834472656534,0.93085746032322,0.8592738624213752,88.17865791320801,
2021-10-26 04:00:00+00:00,CVX,93.27662537264663,93.78400430382342,92.89199538056876,93.37482452392578,7463000,0.20458221435545454,0.2195789227162237,0.8920089232546644,88.61811676025391,
2021-10-27 04:00:00+00:00,CVX,92.65467681982504,92.9492867813816,91.36985247109892,91.71356201171876,9096100,-1.661262512207017,-1.7791332092745638,1.5794343102826787,88.97573966979981,
2021-10-28 04:00:00+00:00,CVX,91.3125633286255,92.69558677157654,91.3125633286255,92.57283782958984,7538200,0.8592758178710795,0.9369124903918724,1.3830234429510426,89.4532527923584,
2021-10-29 04:00:00+00:00,CVX,93.9722457886268,94.34869050115242,92.59740124377326,93.69400024414062,15294200,1.1211624145507812,1.2111138005887145,1.751289257379156,89.8689796447754,
2021-11-01 04:00:00+00:00,CVX,94.13590251173316,94.1850020891187,93.33391361102446,93.72672271728516,11213800,0.03272247314453125,0.034924833030136604,0.8510884780942405,90.27038536071777,
2021-11-02 04:00:00+00:00,CVX,93.4403018772449,93.44848722166856,92.6464920450366,93.15387725830078,9189700,-0.572845458984375,-0.611186908468242,0.8019951766319622,90.59650192260742,
2021-11-03 04:00:00+00:00,CVX,91.87722043478456,92.69557995364056,91.63171632528034,92.4828109741211,10416000,-0.6710662841796875,-0.7203847053182,1.0638636283602239,90.92711906433105,
2021-11-04 04:00:00+00:00,CVX,93.4730328474444,93.50576798009244,92.4009837884718,92.89199829101562,9673000,0.40918731689453125,0.44244688562615764,1.104784191620638,91.24750671386718,
2021-11-05 04:00:00+00:00,CVX,93.51396003049766,94.15228584014775,93.23572072984088,93.89859008789062,8102100,1.006591796875,1.0836151825709628,0.9165651103068768,91.52124786376953,
2021-11-08 05:00:00+00:00,CVX,94.18500977560468,94.92153471443687,93.85767090820252,94.23411560058594,7695900,0.3355255126953125,0.3573275300313483,1.0638638062343517,91.84941024780274,
2021-11-09 05:00:00+00:00,CVX,94.3322975718354,95.02790814726552,93.66942836948498,94.92970275878906,10945900,0.695587158203125,0.7381479135978752,1.3584797777805449,92.2115322113037,
2021-11-10 05:00:00+00:00,CVX,94.73329256367671,95.10155182217622,93.01473895136712,93.41573333740234,10305100,-1.5139694213867188,-1.5948321519910658,2.086812870809098,92.47176895141601,
2021-11-11 05:00:00+00:00,CVX,92.96566449880372,93.84130916411164,92.94111470576722,93.4239501953125,7317500,0.00821685791015625,0.008796010711042968,0.9001944583444157,92.69068145751953,
2021-11-12 05:00:00+00:00,CVX,93.12932916648649,93.54668808587616,92.95746814839832,93.4812240600586,8682800,0.05727386474609375,0.061305334045891335,0.5892199374778357,92.87972297668458,
2021-11-15 05:00:00+00:00,CVX,94.07043433013938,95.70715354419028,93.51394954761857,95.60076904296876,11050400,2.1195449829101705,2.267348341040587,2.193203996571711,93.17678833007812,
2021-11-16 05:00:00+00:00,CVX,95.83811422274364,96.6319242073858,95.63352427798388,95.97723388671876,10566300,0.37646484375,0.3937885097773597,0.9983999294019128,93.40511169433594,
2021-11-17 05:00:00+00:00,CVX,95.09146440795736,96.46563912622996,94.91762337035516,95.54676055908205,11108000,-0.43047332763671875,-0.44851608053718683,1.5480157558748004,93.55217094421387,
2021-11-18 05:00:00+00:00,CVX,95.07489524506032,95.51363777088643,93.88284162969792,94.74376678466795,8368600,-0.8029937744140909,-0.8404196748434511,1.6307961411885117,93.71718406677246,
2021-11-19 05:00:00+00:00,CVX,93.13780280667844,93.66760580923544,91.97057642195912,92.64111328125,13532600,-2.1026535034179545,-2.219305369393676,1.6970293872763165,93.73369178771972,
2021-11-22 05:00:00+00:00,CVX,92.73217107400846,95.35635897622656,92.59144352752286,94.2967529296875,9947100,1.6556396484375,1.7871543095678621,2.7649154487037038,93.79001731872559,
2021-11-23 05:00:00+00:00,CVX,95.3563519751258,96.72224654423135,95.24873159921462,96.27523040771484,10366800,1.9784774780273438,2.0981395610754516,1.4735149450167313,93.93503761291504,
2021-11-24 05:00:00+00:00,CVX,96.6974261308847,97.68253164906376,96.58981205612795,97.01200103759766,8500900,0.7367706298828125,0.7652753743228269,1.0927195929358078,94.19995956420898,
2021-11-26 05:00:00+00:00,CVX,93.83317740466072,95.05835093284873,93.23714738098822,94.79344940185548,11861800,-2.2185516357421733,-2.286883696876185,1.8212035518605063,94.31099014282226,
2021-11-29 05:00:00+00:00,CVX,96.30835256851162,96.99544309192513,94.95901136935984,95.0749053955078,12003800,0.28145599365231533,0.29691502464388453,2.0364317225652826,94.38003540039062,
2021-11-30 05:00:00+00:00,CVX,93.91595885005135,95.91100345866776,93.07986713480824,93.43582916259766,24451200,-1.639076232910142,-1.7239840798070172,2.831136323859525,94.36549072265625,
2021-12-01 05:00:00+00:00,CVX,95.15768102614744,96.07655955440195,92.79012093010878,92.79840087890624,12302700,-0.6374282836914205,-0.6822096934380073,3.2864386242931687,94.34771690368652,
2021-12-02 05:00:00+00:00,CVX,93.75039627926208,95.7785480212549,92.65767668121993,95.31497192382812,11392400,2.516571044921889,2.7118689773607096,3.120871340034981,94.48932495117188,
2021-12-03 05:00:00+00:00,CVX,96.63948181608872,96.85471628735976,94.0318535759712,94.7106704711914,10445100,-0.6043014526367188,-0.634004753334716,2.8228627113885665,94.58025856018067,91.30764831542969
2021-12-06 05:00:00+00:00,CVX,95.99376930686007,97.22721629143804,95.24045825197682,96.19244384765624,9833900,1.4817733764648295,1.5645263296024892,1.9867580394612219,94.69495124816895,91.58495758056641
2021-12-07 05:00:00+00:00,CVX,97.05337838080058,98.22888471447816,97.05337838080058,97.61629486083984,11419600,1.423851013183608,1.4802108733598773,1.1755063336775748,94.86406021118164,91.85195404052735
2021-12-08 05:00:00+00:00,CVX,98.00537901928664,98.7255830007561,97.40107537599953,98.05504608154295,8827900,0.4387512207031108,0.4494651444501008,1.3245076247565777,95.02032737731933,92.12134201049804
2021-12-09 05:00:00+00:00,CVX,97.55836338574588,98.17922697069856,97.33485527409336,97.79843139648438,8334700,-0.25661468505857954,-0.26170472129010136,0.8443716966052079,95.23946228027344,92.38608856201172
2021-12-10 05:00:00+00:00,CVX,98.45240521270368,98.6759133169754,96.74710197672088,97.9639892578125,9090700,0.165557861328125,0.16928478193780627,1.9288113402545122,95.46646423339844,92.68491683959961
2021-12-13 05:00:00+00:00,CVX,97.23552074264347,97.55836932120091,95.70405840306954,95.92756652832033,8533000,-2.0364227294921733,-2.0787462259554412,1.8543109181313753,95.58878135681152,92.89587890625
2021-12-14 05:00:00+00:00,CVX,95.81165944918922,96.78848500194682,95.58815135436144,96.20901489257812,12245300,0.2814483642577983,0.2933967517821934,1.2003336475853814,95.61919364929199,93.1060870361328
2021-12-15 05:00:00+00:00,CVX,96.29178686375458,96.29178686375458,94.3298559839478,95.6626434326172,11069500,-0.5463714599609233,-0.5679004826844691,1.9619308798067863,95.60346412658691,93.286708984375
2021-12-16 05:00:00+00:00,CVX,96.18417844542596,97.83981449714102,95.96066404162426,96.55669403076172,11344700,0.894050598144517,0.9345869673508034,1.8791504555167649,95.65396080017089,93.50043350219727
2021-12-17 05:00:00+00:00,CVX,95.96066048195682,96.4076829572276,93.98217597880938,94.04012298583984,22727900,-2.516571044921875,-2.6063144250984105,2.425506978418227,95.6187786102295,93.6515510559082
2021-12-20 05:00:00+00:00,CVX,92.5997325628074,94.1311947745943,91.66430038962424,94.08152770996094,13464400,0.04140472412109375,0.04402878559328638,2.466894384970061,95.69079933166503,93.76470626831055
2021-12-21 05:00:00+00:00,CVX,94.7272185055086,96.08483958492673,94.61132448524732,95.58815002441406,11368200,1.506622314453125,1.6014007756100845,1.4735150996794033,95.75536918640137,93.92305191040039
2021-12-22 05:00:00+00:00,CVX,95.54674859529726,96.58980100605652,94.71065699281748,96.1344985961914,8345200,0.5463485717773438,0.5715651695715529,1.879144013239042,95.74833259582519,94.09199661254883
2021-12-23 05:00:00+00:00,CVX,96.4490677604094,97.61628774502675,96.35800728382404,96.36628723144533,7416600,0.23178863525392046,0.24110869525364453,1.258280461202716,95.71604690551757,94.2551023864746
2021-12-27 05:00:00+00:00,CVX,96.08484353424969,98.36134323627364,95.53848688995429,98.33650970458984,7745500,1.970222473144517,2.044514248445184,2.8228563463193552,95.8931999206543,94.44091857910156
2021-12-28 05:00:00+00:00,CVX,98.2288973961044,98.79180763306697,97.71564790765224,98.14611053466795,6516000,-0.1903991699218892,-0.19362002016733992,1.0761597254147262,96.0467601776123,94.60983291625976
2021-12-29 05:00:00+00:00,CVX,97.74875655768132,98.220612592093,97.0947795423124,97.6411361694336,6957400,-0.5049743652343608,-0.5145128650370645,1.12583304978061,96.2570255279541,94.76946640014648
2021-12-30 05:00:00+00:00,CVX,97.79015590941228,98.253738368709,97.13617881219564,97.21068572998048,6016000,-0.4304504394531108,-0.44084947834502897,1.1175595565133563,96.4776397705078,94.88546478271485
2021-12-31 05:00:00+00:00,CVX,97.16926559505828,97.75701556290352,96.96231111416562,97.1444320678711,5706600,-0.06625366210938921,-0.06815471119442362,0.7947044487379031,96.56911277770996,94.9762419128418
2022-01-03 05:00:00+00:00,CVX,97.20238987522308,99.08154030744072,97.094775806866,98.72557830810548,10717700,1.5811462402343892,1.6276241536207658,1.986764500574722,96.76985816955566,95.12188339233398
2022-01-04 05:00:00+00:00,CVX,99.2967686935856,100.97724457469218,99.05670702632064,100.52194213867188,16413100,1.796363830566392,1.819552603642638,1.9205375483715414,96.98633308410645,95.28610305786133
2022-01-05 05:00:00+00:00,CVX,101.19247216043468,102.51697971834282,101.0517446139773,101.17591857910156,15487100,0.6539764404296875,0.6505807851657996,1.4652351043655187,97.16431427001953,95.44621658325195
2022-01-06 05:00:00+00:00,CVX,102.33484966195152,102.91431965766924,100.69576746360104,102.03683471679688,13318500,0.8609161376953125,0.8509101274155828,2.218552194068195,97.36340370178223,95.61945678710937
2022-01-07 05:00:00+00:00,CVX,102.27692326895402,103.9242794307574,101.78022738312336,103.50209045410156,14164600,1.4652557373046875,1.436006655215749,2.144052047634034,97.64858665466309,95.85522735595703
2022-01-10 05:00:00+00:00,CVX,103.60142707751824,104.04844956884622,102.53354106752646,103.5683135986328,12626100,0.06622314453123579,0.06398242223002448,1.5149085013197663,97.92880287170411,96.07513687133789
2022-01-11 05:00:00+00:00,CVX,104.18917838002804,105.96070846949232,103.33652681458264,105.93587493896484,14609000,2.3675613403320455,2.2859900466345895,2.624181654909677,98.42921829223633,96.31997436523437
2022-01-12 05:00:00+00:00,CVX,105.9524311563724,106.31666680608662,104.69415049092676,105.40607452392578,12469200,-0.5298004150390625,-0.5001142581248397,1.6225163151598565,98.88907127380371,96.55356140136719
2022-01-13 05:00:00+00:00,CVX,105.24877838731057,106.04348921288228,104.67758195510274,104.96732330322266,9691300,-0.438751220703125,-0.4162485157376161,1.36590725777954,99.35430526733398,96.78983032226563
2022-01-14 05:00:00+00:00,CVX,104.93421344599766,106.954085109739,104.93421344599766,106.7554168701172,13281000,1.7880935668945455,1.7034763873412517,2.019871663741341,99.86424140930175,97.07528244018555
2022-01-18 05:00:00+00:00,CVX,107.3597252128419,107.61634678798848,105.85309661044008,107.10310363769533,12905500,0.347686767578125,0.32568536358312805,1.7632501775484002,100.51739044189453,97.35950454711914
2022-01-19 05:00:00+00:00,CVX,107.5749372333852,107.74049829271011,106.40771092317088,106.7140121459961,12064300,-0.38909149169923296,-0.36328685022558593,1.3327873695392327,101.14901466369629,97.61581298828125
2022-01-20 05:00:00+00:00,CVX,106.18422787476176,108.32827365457796,105.86137301545382,106.3332290649414,11370400,-0.3807830810546875,-0.3568257564280697,2.466900639124134,101.68626861572265,97.85779525756836
2022-01-21 05:00:00+00:00,CVX,105.7620318089022,106.29182851971652,104.49547125115396,105.05838775634766,13055700,-1.27484130859375,-1.1989114971907466,1.7963572685625593,102.13246307373046,98.06036895751953
2022-01-24 05:00:00+00:00,CVX,103.02193754090102,105.73718562170647,101.6891501854346,105.2818832397461,19513700,0.2234954833984375,0.21273454521000268,4.048035436271874,102.5782428741455,98.2976919555664
2022-01-25 05:00:00+00:00,CVX,105.2322318476186,109.88457152064048,103.7007634162281,109.76039123535156,19984500,4.478507995605469,4.253825879431772,6.183808104412378,103.1494369506836,98.62442077636719
2022-01-26 05:00:00+00:00,CVX,110.0170125102437,111.5153737737424,108.9325728984221,109.84317779541016,17266500,0.08278656005859375,0.07542480409084007,2.5828008753203022,103.7342903137207,98.95165985107423
2022-01-27 05:00:00+00:00,CVX,111.3001231583561,113.41106150091392,110.58819920133854,112.06171417236328,20654100,2.218536376953125,2.019730693776256,2.8228622995753767,104.45531921386718,99.28087875366211
2022-01-28 05:00:00+00:00,CVX,107.61634549141397,109.32164863739162,106.018662733008,108.1213150024414,24817800,-3.940399169921875,-3.5162760082904865,3.3029859043836183,105.00085067749023,99.52376037597656
2022-01-31 05:00:00+00:00,CVX,107.77362655503,109.1560810878848,107.06170257562276,108.71733856201172,16401800,0.5960235595703125,0.5512544492793703,2.0943785122620397,105.57949600219726,99.78717193603515
2022-02-01 05:00:00+00:00,CVX,108.30344376529646,112.36803367635795,108.03853590962156,111.58159637451172,16169700,2.8642578125,2.634591547571996,4.329497766736395,106.22229690551758,100.12392852783204
2022-02-02 05:00:00+00:00,CVX,111.21736349383995,112.4176971769911,109.9342429505399,112.0948486328125,10906700,0.5132522583007812,0.4599793110847017,2.483454226451201,106.8009422302246,100.51300323486328
2022-02-03 05:00:00+00:00,CVX,111.63128242987663,112.04519150431962,110.25710127116528,111.09319305419922,9447700,-1.0016555786132812,-0.8935785995789924,1.7880902331543354,107.29680595397949,100.84893203735352
2022-02-04 05:00:00+00:00,CVX,111.76369180434112,113.41105399733544,111.76369180434112,112.48390197753906,13034700,1.3907089233398438,1.2518399058539575,1.647362192994322,107.8191593170166,101.17310546875
2022-02-07 05:00:00+00:00,CVX,112.0368820830318,115.42265458064784,111.614699461697,114.69418334960938,18422500,2.2102813720703125,1.9649757282705682,3.8079551189508436,108.37876396179199,101.52674911499024
2022-02-08 05:00:00+00:00,CVX,114.38791298097412,114.59486753127824,111.7637307988982,112.94751739501952,11021600,-1.746665954589858,-1.5228897434717226,2.8311367323800454,108.84772415161133,101.88983047485351
2022-02-09 05:00:00+00:00,CVX,113.17928943641964,114.520350690199,112.66604626650438,114.06504821777344,10140800,1.1175308227539205,0.9894248661044047,1.8543044236946145,109.25418281555176,102.26963333129883
2022-02-10 05:00:00+00:00,CVX,113.87461965709748,114.89283205997069,112.07825646626512,112.6163330078125,11012700,-1.4487152099609375,-1.270078111215145,2.8145755937055696,109.6146957397461,102.65324340820312
2022-02-11 05:00:00+00:00,CVX,113.29521121308068,115.43098390835983,112.81507509105629,114.90945434570312,12821200,2.293121337890625,2.0362244770761206,2.6159088173035485,110.11180229187012,103.09546447753907
2022-02-14 05:00:00+00:00,CVX,114.18922615844188,114.28028665105232,111.79683245058686,113.1378936767578,15945000,-1.7715606689453267,-1.5417014022324205,2.4834542004654594,110.43092613220215,103.45192291259765
2022-02-15 05:00:00+00:00,CVX,111.3226784002854,112.79493042744946,110.5698122417997,112.30975341796876,11746800,-0.8281402587890341,-0.7319742589119493,2.2251181856497624,110.69125862121582,103.80390457153321
2022-02-16 05:00:00+00:00,CVX,112.8869266187876,113.89910848025852,111.89147851714202,112.34320068359376,11348800,0.033447265625,0.029781265301620508,2.0076299631165,110.9727180480957,104.12691970825195
2022-02-17 05:00:00+00:00,CVX,112.23443430596048,112.57740613057268,110.79563750603732,111.7659912109375,10073900,-0.5772094726562642,-0.5137911944327889,1.78176862453536,111.24435615539551,104.4099136352539
2022-02-18 05:00:00+00:00,CVX,111.10517299390942,112.01696508098892,110.46105724944188,111.60707092285156,10691800,-0.1589202880859375,-0.1421902014772991,1.5559078315470458,111.5717903137207,104.68095413208007
2022-02-22 05:00:00+00:00,CVX,114.60178586616568,114.60178586616568,109.18120861958828,110.75383758544922,19428700,-0.8532333374023438,-0.7644975630550666,5.420577246577409,111.84538803100585,104.94006225585937
2022-02-23 05:00:00+00:00,CVX,111.19719160990068,113.83220395407646,110.8876872075272,113.38885498046876,16134200,2.6350173950195455,2.3791657720090953,2.9445167465492688,112.02681121826171,105.2485595703125
2022-02-24 05:00:00+00:00,CVX,115.37972889477264,115.63068425341451,110.18501296224888,112.80329132080078,22108900,-0.585563659667983,-0.5164208244001101,5.445671291165638,112.17481689453125,105.58607406616211
2022-02-25 05:00:00+00:00,CVX,113.7317994706092,117.5295457233218,113.2884378398389,117.42916870117188,28028000,4.625877380371094,4.100835468723685,4.241107883482897,112.44318962097168,106.01047714233398
2022-02-28 05:00:00+00:00,CVX,116.50065110185984,120.45733642578124,115.98200666820372,120.45733642578124,24394300,3.028167724609361,2.5787185229210863,4.475329757577512,113.05999069213867,106.50637100219727
2022-03-01 05:00:00+00:00,CVX,121.30223002714108,125.44296199128274,121.04291414144454,125.24219512939452,31159900,4.784858703613281,3.972243489346483,4.400047849838202,113.88623352050782,107.08008102416993
2022-03-02 05:00:00+00:00,CVX,125.64369595037152,130.28632517891262,125.51822465937816,128.93954467773438,31329500,3.697349548339858,2.9521596491661084,4.768100519534457,114.75413093566894,107.7780694580078
2022-03-03 05:00:00+00:00,CVX,127.36692142997164,131.4323577771434,126.94030621504088,130.67950439453125,22492900,1.739959716796875,1.3494383907944218,4.492051562102532,115.68336372375488,108.51002899169922
2022-03-04 05:00:00+00:00,CVX,130.3197867151707,133.79966869311465,129.73423271987238,132.7122039794922,29034400,2.0326995849609375,1.5554846143463141,4.065435973242273,116.76431427001953,109.25251007080078
2022-03-07 05:00:00+00:00,CVX,133.75784407923936,135.59817491721932,130.26124101531764,135.5479736328125,34824700,2.8357696533203125,2.136781372238028,5.336933901901688,117.9175178527832,110.0407795715332
2022-03-08 05:00:00+00:00,CVX,137.44685858870457,145.55263678283555,137.27119876118454,142.6499481201172,57231000,7.1019744873046875,5.23945456133732,8.281438021651013,119.3153060913086,110.96645278930664
2022-03-09 05:00:00+00:00,CVX,136.15862785379085,142.01419319113103,134.853675335157,139.08641052246094,43430000,-3.56353759765625,-2.4980994697983316,7.160517855974035,120.62225074768067,111.78145080566406
2022-03-10 05:00:00+00:00,CVX,141.15259138044706,146.18836844397234,140.7761519641412,142.8925323486328,34913600,3.806121826171875,2.736515962900077,5.41221647983113,122.06362495422363,112.67637924194337
2022-03-11 05:00:00+00:00,CVX,138.768520098444,144.69936766570166,138.7601596009587,142.9594268798828,28423600,0.06689453125,0.04681457466706451,5.939208064742957,123.58077964782714,113.58274505615235
2022-03-14 04:00:00+00:00,CVX,139.03619923570952,140.8263284065462,137.43846360621075,139.4628143310547,25156200,-3.496612548828125,-2.4458775648044884,3.38786480033545,124.80844764709472,114.42778762817383
2022-03-15 04:00:00+00:00,CVX,133.09699897234617,134.00043057341844,129.8764329712308,132.40269470214844,28534400,-7.06011962890625,-5.062367099624887,4.123997602187643,125.77168769836426,115.13295288085938
2022-03-16 04:00:00+00:00,CVX,132.8293376047423,134.25977446289713,130.67115433178475,131.92591857910156,22299700,-0.476776123046875,-0.3600954830409009,3.5886201311123784,126.7524959564209,115.7969596862793
2022-03-17 04:00:00+00:00,CVX,133.79967002613196,134.66964691134524,132.10155704078903,134.20956420898438,15750700,2.2836456298828125,1.7310060483024525,2.568089870556207,127.84581413269044,116.47071212768554
2022-03-18 04:00:00+00:00,CVX,134.58598573812696,135.2886505126953,132.8209505393607,135.2886505126953,23214700,1.0790863037109375,0.8040308528463935,2.467699973334618,129.0219470977783,117.15296676635742
2022-03-21 04:00:00+00:00,CVX,136.367729095918,138.50919053873,136.11677379093786,137.72286987304688,13180600,2.4342193603515625,1.7992783216675967,2.39241674779214,130.32773704528807,117.86668746948243
2022-03-22 04:00:00+00:00,CVX,136.92821874552374,138.2415317992079,135.99969284830965,137.2628173828125,11063900,-0.460052490234375,-0.33404218969474986,2.2418389508982557,131.65318603515624,118.54190200805664
2022-03-23 04:00:00+00:00,CVX,138.86058006029734,139.9898730158342,137.97388201301524,138.74346923828125,10755000,1.48065185546875,1.0786984295531044,2.0159910028189643,132.92091674804686,119.24540512084961
2022-03-24 04:00:00+00:00,CVX,139.22023349860007,140.0316485222328,138.02403135364543,139.1114959716797,9024800,0.3680267333984375,0.26525697780150903,2.0076171685873874,134.23632698059083,119.90891754150391
2022-03-25 04:00:00+00:00,CVX,138.2081041691394,141.94730275153057,138.1579156401069,141.62942504882812,10254700,2.5179290771484375,1.810007907370248,3.789387111423679,135.44633979797362,120.63338455200196
2022-03-28 04:00:00+00:00,CVX,138.7768961522413,139.38755716831625,138.1327931424764,139.15333557128906,9992000,-2.4760894775390625,-1.7482874598166331,1.2547640258398474,136.38113975524902,121.31710479736329
2022-03-29 04:00:00+00:00,CVX,136.7776473771373,137.58906251613774,134.2597586786216,137.45523071289062,15102600,-1.6981048583984375,-1.2203120043274063,3.329303837516136,136.99179153442384,121.93110107421874
2022-03-30 04:00:00+00:00,CVX,138.22479830958275,139.15332412287742,136.90311211274138,138.42555236816406,9906000,0.9703216552734375,0.705918319907517,2.250212010136039,137.46609191894532,122.55755004882812
2022-03-31 04:00:00+00:00,CVX,136.74415135454458,138.99436300343987,136.11676949395817,136.2087860107422,10395900,-2.216766357421875,-1.6014141316381014,2.8775935094816987,137.74255599975587,123.14744552612305
2022-04-01 04:00:00+00:00,CVX,136.16697613863215,138.81870895757345,135.79054952496182,137.37155151367188,8795300,1.1627655029296875,0.8536640968505482,3.0281594326116306,137.97552337646485,123.76821197509766
2022-04-04 04:00:00+00:00,CVX,138.02406009495596,138.40048679693612,136.35104118471406,137.49705505371094,8718600,0.1255035400390625,0.09136064829737833,2.0494456122220583,138.07297744750977,124.41698532104492
2022-04-05 04:00:00+00:00,CVX,138.0491758972243,140.29938872485866,136.43471852371613,136.65220642089844,9538200,-0.8448486328125,-0.6144485294484858,3.8646702011425305,137.77309036254883,125.04439178466797
2022-04-06 04:00:00+00:00,CVX,137.88184606665737,139.70543043363807,137.46359136625404,137.8651123046875,9269000,1.2129058837890625,0.8875860226165821,2.241839067384035,137.71202545166017,125.60648620605468
2022-04-07 04:00:00+00:00,CVX,138.10768218475536,140.28259857477434,136.70234000838968,139.78070068359375,8018400,1.91558837890625,1.3894656500715863,3.580258566384657,137.5564338684082,126.20523666381835
2022-04-08 04:00:00+00:00,CVX,139.73890230186635,143.12676803328148,139.71380804019162,142.14804077148438,10801200,2.367340087890625,1.6936101166421524,3.4129599930898564,137.51586456298827,126.80696319580078
2022-04-11 04:00:00+00:00,CVX,141.01039411071162,141.1860539348433,137.94876667749892,138.49249267578125,10206100,-3.655548095703125,-2.571648596676579,3.237287257344377,137.46734848022462,127.41438674926758
2022-04-12 04:00:00+00:00,CVX,141.34497847150777,144.4484208492027,140.6590347137351,141.37843322753906,9528400,2.8859405517578125,2.0838245423988155,3.789386135467595,137.91613540649413,128.06760864257814
2022-04-13 04:00:00+00:00,CVX,142.9845246821202,143.94651800975555,140.77614069999504,143.60354614257812,7330700,2.2251129150390625,1.573870118830567,3.170377309760511,138.50001678466796,128.70804763793944
2022-04-14 04:00:00+00:00,CVX,142.78381340044035,144.66595983875487,142.675063077263,143.5366668701172,9421100,-0.0668792724609375,-0.04657215943297821,1.9908967614918822,138.96637191772462,129.33688400268554
2022-04-18 04:00:00+00:00,CVX,144.7161090394878,146.0043277465171,143.77084944505862,145.46060180664062,7639000,1.9239349365234375,1.3403787188846827,2.23347830145849,139.47496948242187,130.02423217773438
2022-04-19 04:00:00+00:00,CVX,144.78303287752516,145.29330406708783,143.06818623954445,143.73739624023438,6970200,-1.72320556640625,-1.1846545009465137,2.225117827543386,139.77569580078125,130.64930206298828
2022-04-20 04:00:00+00:00,CVX,143.56171054596626,145.20127425957793,143.42787876935714,144.32293701171875,7495000,0.585540771484375,0.4073684279807921,1.7733954902207927,140.12870178222656,131.24187713623047
2022-04-21 04:00:00+00:00,CVX,143.66212441152902,144.2476784202021,137.04533220322298,137.67271423339844,14594800,-6.6502227783203125,-4.607876555187018,7.202346216979123,140.0751640319824,131.73638107299806
2022-04-22 04:00:00+00:00,CVX,137.50538738919312,138.4171793604934,134.56087140964064,134.6361541748047,12160100,-3.03656005859375,-2.205636807193201,3.8563079508527665,139.85139694213868,132.14780319213867
2022-04-25 04:00:00+00:00,CVX,130.26958729693322,132.4696107996136,126.61404580830684,131.74185180664062,15449800,-2.8943023681640625,-2.1497215112117996,5.855564991306764,139.3570182800293,132.53031356811525
2022-04-26 04:00:00+00:00,CVX,132.85442588434103,134.1510052122983,130.82170145320129,130.93881225585938,9810600,-0.80303955078125,-0.6095553840854473,3.3293037590970016,138.9462921142578,132.85090072631837
2022-04-27 04:00:00+00:00,CVX,131.39887749104514,132.10154221353557,129.2574158049113,130.6962127685547,10396600,-0.2425994873046875,-0.18527698787326186,2.844126408624277,138.60834121704102,133.2020671081543
2022-04-28 04:00:00+00:00,CVX,131.70840414998997,136.35103393177957,129.60039686126262,135.33885192871094,9366400,4.64263916015625,3.552236948424614,6.7506370705169445,138.45400619506836,133.66264907836913
2022-04-29 04:00:00+00:00,CVX,134.91221651912485,135.8825703535122,130.73803059017635,131.055908203125,14713200,-4.2829437255859375,-3.1646076973092407,5.1445397633358425,138.1963623046875,134.03690322875977
2022-05-02 04:00:00+00:00,CVX,130.75476082995044,133.84148205203442,129.7844070216848,133.63235473632812,11559000,2.576446533203125,1.9659140656290486,4.057075030349608,138.0094024658203,134.47423049926758
2022-05-03 04:00:00+00:00,CVX,133.48178722058464,136.7107006737561,133.2224586310868,135.9243927001953,8827200,2.2920379638671875,1.7151819021595793,3.488242042669299,137.93076934814454,134.96057693481444
2022-05-04 04:00:00+00:00,CVX,137.998947143099,140.4415528895531,136.7441831303515,140.1905975341797,9183200,4.266204833984375,3.13866021339837,3.6973697592015924,138.1076889038086,135.54931213378907
2022-05-05 04:00:00+00:00,CVX,141.58754584606513,141.78831265375462,136.0582193966136,139.07801818847656,9807600,-1.112579345703125,-0.7936190909178964,5.7300932571410215,138.16833419799804,136.0630953979492
2022-05-06 04:00:00+00:00,CVX,140.75941682171782,143.01798927197828,138.37536032392612,142.7837677001953,10418100,3.70574951171875,2.6645113009136967,4.642628948052163,138.31848754882813,136.6627049255371
2022-05-09 04:00:00+00:00,CVX,140.32442458795043,140.32442458795043,132.5699803825202,133.21409606933594,14110700,-9.569671630859375,-6.702212572897592,7.754444205430218,137.8717903137207,136.9784034729004
2022-05-10 04:00:00+00:00,CVX,135.69018779066704,137.3464727359504,132.0597274972652,134.4939727783203,11636000,1.279876708984375,0.9607667257061303,5.286745238685228,137.67186431884767,137.25913619995117
2022-05-11 04:00:00+00:00,CVX,136.83621096090766,140.0818715595805,135.94113976450475,136.48487854003906,9105500,1.99090576171875,1.4802936671372224,4.140731795075737,137.42718658447265,137.48398986816406
2022-05-12 04:00:00+00:00,CVX,136.53504494885706,137.89855915224643,132.88786399763006,137.7814483642578,8936400,1.29656982421875,0.9499732410564343,5.010695154616371,137.13608169555664,137.66082794189452
2022-05-13 04:00:00+00:00,CVX,139.27879109156473,141.19439167114658,137.92365018167817,140.4248046875,9229900,2.6433563232421875,1.9185139615123248,3.2707414894684064,136.9804885864258,137.85573394775392
2022-05-16 04:00:00+00:00,CVX,141.37011900197763,146.36408221507082,141.2530081713575,144.72451782226562,13296300,4.299713134765625,3.0619327862582146,5.11107404371333,136.94368438720704,138.09598022460938
2022-05-17 04:00:00+00:00,CVX,146.25529883582757,146.9328694001707,144.38988646814744,145.57772827148438,12827600,0.85321044921875,0.5895410550039504,2.54298293202325,137.03570098876952,138.2965753173828
2022-05-18 04:00:00+00:00,CVX,146.85122721878108,146.8596693644704,139.82577910294705,141.7402801513672,13107500,-3.8374481201171875,-2.6360131908095386,7.033890261523339,136.90656814575195,138.2783819580078
2022-05-19 04:00:00+00:00,CVX,138.8474974518885,143.07288273336886,137.32939071721253,140.72825622558594,10958700,-1.01202392578125,-0.7139988186142254,5.743492016156324,137.05934524536133,138.3112188720703
2022-05-20 04:00:00+00:00,CVX,142.43186464286498,144.2535792745371,138.39201487390093,141.53787231445312,9615000,0.8096160888671875,0.5753045696589743,5.861564400636155,137.40443115234376,138.28412567138673
2022-05-23 04:00:00+00:00,CVX,142.89571502096777,145.8728967586286,142.62583662300247,144.82708740234375,10216400,3.289215087890625,2.3239116387047343,3.2470601356261284,138.0586929321289,138.32147888183593
2022-05-24 04:00:00+00:00,CVX,143.95840231767448,146.39580163153096,143.21621416869414,145.60301208496094,9782700,0.7759246826171875,0.5357593641730718,3.179587462836821,138.791902923584,138.44428283691406
2022-05-25 04:00:00+00:00,CVX,146.02473805549658,148.4284078960275,145.88136310933936,147.93923950195312,10174500,2.3362274169921875,1.6045186040718473,2.547044786688133,139.6540542602539,138.75501373291016
2022-05-26 04:00:00+00:00,CVX,148.85007109360086,150.06454323273138,147.6018432411586,148.9344024658203,11213900,0.9951629638671875,0.6726835741602155,2.4626999915727765,140.33383178710938,139.09518341064452
2022-05-27 04:00:00+00:00,CVX,148.87537773554772,150.4187847560602,148.1753616856459,150.3597412109375,10512300,1.4253387451171875,0.9570245165110736,2.243423070414309,141.2990234375,139.4181869506836
2022-05-31 04:00:00+00:00,CVX,151.77667733846647,152.62006849025605,146.30306413046625,147.30670166015625,20547600,-3.05303955078125,-2.030490027578713,6.317004359789792,141.9827407836914,139.6585479736328
2022-06-01 04:00:00+00:00,CVX,149.05249135307525,150.2332465024859,147.54282708977323,148.7067108154297,8824100,1.4000091552734375,0.9504042514666633,2.6904194127126857,142.62185668945312,139.87822479248047
2022-06-02 04:00:00+00:00,CVX,147.37414534631665,148.86693812394117,146.8343756307017,148.4368133544922,7441900,-0.2698974609375,-0.18149649027775494,2.0325624932394817,143.03416748046874,140.10170471191407
2022-06-03 04:00:00+00:00,CVX,148.43682406187233,150.33445391493603,148.43682406187233,149.7862548828125,8435300,1.3494415283203125,0.909101656000666,1.8976298530637052,143.56957931518554,140.3225604248047
2022-06-06 04:00:00+00:00,CVX,150.0392472001697,150.12359144413657,148.02354331296004,149.13682556152344,6734200,-0.6494293212890625,-0.43357070500037453,2.1000481311765213,143.88723220825196,140.52306701660157
2022-06-07 04:00:00+00:00,CVX,149.67661097363737,152.36703048760094,149.21274332138051,151.97906494140625,9668300,2.8422393798828125,1.9057931327030264,3.1542871662204277,144.82548065185546,140.7300598144531
2022-06-08 04:00:00+00:00,CVX,152.61159540709178,153.83450975546808,152.02122429433683,152.76341247558594,8715200,0.7843475341796875,0.5160891958916114,1.813285461131244,145.73895263671875,141.00226135253905
2022-06-09 04:00:00+00:00,CVX,151.83568738793016,152.3501564353545,149.60913556462882,149.71878051757812,9764600,-3.0446319580078125,-1.9930374090683434,2.7410208707256913,146.4006477355957,141.2475323486328
2022-06-10 04:00:00+00:00,CVX,148.74886114381013,150.604331571651,146.45483667768406,147.93077087402344,9529700,-1.7880096435546875,-1.1942453961844568,4.149494893966931,146.908113861084,141.43763671875
2022-06-13 04:00:00+00:00,CVX,144.73433100519563,145.06325298265872,138.3667263382364,141.12461853027344,14614900,-6.80615234375,-4.6009037224216565,6.696526644422335,146.94310455322267,141.53595336914063
2022-06-14 04:00:00+00:00,CVX,142.84513034181666,145.30783053114038,139.86796112488287,141.31016540527344,10269300,0.185546875,0.13147732616205499,5.439869406257515,146.77238693237305,141.61472564697266
2022-06-15 04:00:00+00:00,CVX,140.660764797098,141.56319943952943,136.57875501483534,138.53541564941406,11565300,-2.774749755859375,-1.9635882159655504,4.9844444246940895,146.42027130126954,141.63549285888672
2022-06-16 04:00:00+00:00,CVX,134.89196173887677,135.3979886291801,129.67136926829943,131.13043212890625,18125900,-7.4049835205078125,-5.345191686757778,5.726619360880676,145.8897789001465,141.52505737304688
2022-06-17 04:00:00+00:00,CVX,130.62439820497437,131.12199579117288,122.95796446879947,125.1423568725586,35575100,-5.988075256347656,-4.566503106205843,8.164031322373404,145.11048393249513,141.2706022644043
2022-06-21 04:00:00+00:00,CVX,128.23764414872167,131.58590849329534,127.72317496338307,130.37985229492188,13772000,5.237495422363281,4.185229967897275,3.862733529912262,144.55258293151854,141.08258529663087
2022-06-22 04:00:00+00:00,CVX,124.88093064756583,127.18338482636828,123.41342545022758,124.71224212646484,13735800,-5.667610168457031,-4.3469984577346965,3.7699593761407044,143.5468406677246,140.73386932373046
2022-06-23 04:00:00+00:00,CVX,125.48814339270322,125.85923749816598,118.20124554174323,120.12417602539062,15713700,-4.588066101074219,-3.678921991011652,7.657991956422748,142.27289886474608,140.36650299072267
2022-06-24 04:00:00+00:00,CVX,122.46037688590806,124.05438544262304,120.2675678952948,122.09772491455078,11108300,1.9735488891601562,1.6429239762219217,3.7868175473282406,140.98082313537597,139.98088882446288
2022-06-27 04:00:00+00:00,CVX,123.01697885280706,125.51342120712118,122.79770188437536,124.4591827392578,9242400,2.361457824707017,1.9340719299722142,2.7157193227458265,139.75706214904784,139.5980015563965
2022-06-28 04:00:00+00:00,CVX,127.25083554198464,128.355675669863,124.91463891739348,126.45804595947266,9183300,1.998863220214858,1.6060391657901851,3.4410367524695147,138.5619773864746,139.2564291381836
2022-06-29 04:00:00+00:00,CVX,127.88338486291484,128.28820895036952,123.21099139144046,123.96160888671876,9082900,-2.496437072753892,-1.9741227644415327,5.077217558929064,137.39472274780275,138.82644927978515
2022-06-30 04:00:00+00:00,CVX,121.91219429158495,124.75441837193416,120.95072888757976,122.10617065429688,10685000,-1.8554382324218892,-1.4967845682911873,3.8036894843544076,136.0646957397461,138.3938247680664
2022-07-01 04:00:00+00:00,CVX,123.6411386723186,123.94475997882228,120.15792936008566,123.56522369384766,7684600,1.4590530395507812,1.1949052465838106,3.786830618736616,134.82111625671388,137.978670501709
2022-07-05 04:00:00+00:00,CVX,121.1530944849888,121.90371185169305,117.57712539827354,120.31814575195312,11513100,-3.2470779418945312,-2.627825082840196,4.326586453419509,133.3477108001709,137.63157913208008
2022-07-06 04:00:00+00:00,CVX,119.4747702787899,120.82418813619608,115.37588956817306,118.73258209228516,12421200,-1.5855636596679688,-1.3178092545880427,5.44829856802302,131.82749862670897,137.31350769042967
2022-07-07 04:00:00+00:00,CVX,121.5326559039397,122.5447225938726,120.67239342638996,121.04348754882812,12741800,2.3109054565429688,1.9463111269211852,1.872329167482647,130.28071975708008,137.09954040527344
2022-07-08 04:00:00+00:00,CVX,122.19050542442122,122.67123165451142,118.99404598171576,120.41094970703124,7915500,-0.6325378417968892,-0.5225707343748942,3.677185672795659,128.66309661865233,136.88898315429688
2022-07-11 04:00:00+00:00,CVX,119.6856307536354,120.47842042459855,118.01570715640922,119.3482666015625,7056800,-1.0626831054687358,-0.8825469013028497,2.462713268189333,127.14457092285156,136.66202423095703
2022-07-12 04:00:00+00:00,CVX,116.8096643154233,117.75425820476326,115.76385474570652,117.16388702392578,8653900,-2.1843795776367188,-1.8302566428795686,1.9904034590567363,125.60622673034668,136.29852493286134
2022-07-13 04:00:00+00:00,CVX,116.05902393682278,118.69039946463596,115.66262917857864,116.3795166015625,9414600,-0.7843704223632812,-0.6694643224009034,3.0277702860573186,124.36897163391113,136.00499710083008
2022-07-14 04:00:00+00:00,CVX,113.2758347548502,114.83611313685137,111.78302919214298,114.65056610107422,10150200,-1.7289505004882812,-1.4856140934212059,3.0530839447083906,123.03599166870117,135.625361328125
2022-07-15 04:00:00+00:00,CVX,117.19762652832551,117.19762652832551,115.06383532207174,116.0927734375,7051900,1.4422073364257812,1.2579155825138688,2.1337912062537754,121.91385955810547,135.2287289428711
2022-07-18 04:00:00+00:00,CVX,118.54703193213874,119.87959120058063,117.29881690781174,117.72051239013672,7943900,1.6277389526367188,1.402101874595174,2.5807742927688935,121.243363571167,134.77932723999024
2022-07-19 04:00:00+00:00,CVX,117.81328653106588,122.30011979467304,117.58556736605696,121.9627685546875,9152100,4.242256164550781,3.6036677707378173,4.714552428616074,121.08438415527344,134.43702224731445
2022-07-20 04:00:00+00:00,CVX,121.87000825840798,124.19776295281112,120.87481298406664,123.57366180419922,7856600,1.6108932495117188,1.3208073813029353,3.3229499687444815,120.7440746307373,134.05282012939452
2022-07-21 04:00:00+00:00,CVX,120.70611317055044,122.6880871249946,119.33982389845497,122.62904357910156,6724200,-0.9446182250976562,-0.7644171187501048,3.348263226539629,120.63991470336914,133.84111907958984
2022-07-22 04:00:00+00:00,CVX,122.76399258369656,123.3881065600527,120.95913634842378,121.60855102539062,5889500,-1.0204925537109375,-0.8321785149149163,2.428970211628922,120.71413345336914,133.58341064453126
2022-07-25 04:00:00+00:00,CVX,122.88208122003093,125.33635242008413,121.6001231392103,125.2267074584961,6210900,3.6181564331054688,2.9752483707745414,3.736229280873829,120.8705825805664,133.3582472229004
2022-07-26 04:00:00+00:00,CVX,126.0869534977758,127.08214869268517,123.5820812181562,124.24836730957033,6112800,-0.978340148925767,-0.7812551881155372,3.5000674745289615,120.86004180908203,133.08758560180664
2022-07-27 04:00:00+00:00,CVX,125.10859581593854,126.67730331440592,123.6917053626767,125.88451385498048,6223000,1.6361465454101562,1.3168354488986012,2.9855979517292184,120.83136520385742,132.79677978515625
2022-07-28 04:00:00+00:00,CVX,127.09058241608048,127.74842631772364,124.84715943400283,126.83756256103516,6574300,0.9530487060546733,0.7570817703221211,2.901266883720808,120.97516288757325,132.43904067993165
2022-07-29 04:00:00+00:00,CVX,132.024428900596,138.87277295664617,131.48465914501273,138.13058471679688,17143700,11.293022155761719,8.903531357540428,7.3881138116334455,121.77638359069825,132.29009780883788
2022-08-01 04:00:00+00:00,CVX,135.9377510725988,136.51126362711886,134.22566842414736,135.3726806640625,8017800,-2.757904052734375,-1.9965918904844893,2.285595202971507,122.36675643920898,132.1627458190918
2022-08-02 04:00:00+00:00,CVX,135.69315816101303,136.18232641568108,133.50877887052215,134.21722412109375,5928300,-1.15545654296875,-0.8535374621383984,2.6735475451589252,123.06171035766602,132.03252517700196
2022-08-03 04:00:00+00:00,CVX,134.36059666572746,134.90880844953972,130.17738518136284,131.02920532226562,8751400,-3.188018798828125,-2.3752680177261176,4.731423268176883,123.67654151916504,131.8223518371582
2022-08-04 04:00:00+00:00,CVX,130.995481064841,131.09668385495286,127.12430704445129,127.47010040283205,10640000,-3.5591049194335795,-2.7162684156406103,3.972376810501572,123.99787216186523,131.47521209716797
2022-08-05 04:00:00+00:00,CVX,126.20504874607649,130.73405501642617,125.68215036124536,129.57861328125,7170200,2.1085128784179545,1.654123493866111,5.051904655180806,124.45625534057618,131.15472412109375
2022-08-08 04:00:00+00:00,CVX,129.53641723598523,130.70873018076293,129.1653231465664,129.38461303710938,5966900,-0.194000244140625,-0.14971625272724998,1.5434070341965196,124.95807266235352,130.78363159179688
2022-08-09 04:00:00+00:00,CVX,131.51842268753683,133.0871307973319,130.3882815947619,131.07142639160156,5842200,1.6868133544921875,1.3037202144032367,2.6988492025699884,125.6534496307373,130.4263720703125
2022-08-10 04:00:00+00:00,CVX,131.56896420030904,131.96535890403206,128.97974827893196,131.4171600341797,6145800,0.345733642578125,0.2637749905499476,2.985610625100094,126.40533180236817,130.04752044677736
2022-08-11 04:00:00+00:00,CVX,133.34853939246292,135.9208842822512,132.93527320717754,134.62205505371094,7888600,3.20489501953125,2.4387188238565782,2.985611075073649,127.40390625,129.79382751464843
2022-08-12 04:00:00+00:00,CVX,133.4666094561533,134.86664143382492,132.53044504567694,134.8160400390625,7244700,0.1939849853515625,0.14409599175571053,2.3361963881479824,128.34006958007814,129.5160140991211
2022-08-15 04:00:00+00:00,CVX,130.87740482829844,133.0786557794876,129.409912773589,132.25213623046875,8975200,-2.56390380859375,-1.9017794973438362,3.668743005898591,129.06665077209473,129.19232055664062
2022-08-16 04:00:00+00:00,CVX,132.75818595718786,133.18831075231208,131.41719729963063,131.914794921875,7218400,-0.33734130859375,-0.25507437400170696,1.7711134526814476,129.5642520904541,128.83489135742187
2022-08-17 04:00:00+00:00,CVX,132.10032498230328,134.38590718721304,131.15571839328638,133.00274658203125,6741100,1.08795166015625,0.8247381658748498,3.230188793926658,130.03570632934571,128.51220977783203
2022-08-18 04:00:00+00:00,CVX,133.7431603421323,135.87931466336906,133.69209916866242,135.3346405029297,6477500,2.3318939208984375,1.7532674932094094,2.187215494706635,130.6709861755371,128.1793212890625
2022-08-19 04:00:00+00:00,CVX,134.85807425639544,135.9474227551508,134.14317875291476,134.2027587890625,6834200,-1.1318817138671875,-0.836357720137948,1.8042440022360324,131.3006965637207,127.80810821533203
2022-08-22 04:00:00+00:00,CVX,133.35168140239102,134.24529088766695,131.4197847797174,133.5303955078125,9147000,-0.67236328125,-0.501005558542067,2.8255061079495647,131.71588096618652,127.48434051513672
2022-08-23 04:00:00+00:00,CVX,135.40275803096745,138.16016593101705,135.07084733981114,137.8623046875,10354800,4.3319091796875,3.244137159343663,3.0893185912059096,132.396577835083,127.28297119140625
2022-08-24 04:00:00+00:00,CVX,137.58144807598953,139.01973199206944,136.7388996022348,138.88356018066406,9468100,1.0212554931640625,0.7407793562417275,2.280832389834643,133.0465301513672,127.23815002441407
2022-08-25 04:00:00+00:00,CVX,139.5048200041167,140.33884958624392,138.38994094324033,140.10055541992188,8050700,1.2169952392578125,0.8762701918605176,1.9489086430035911,133.7096797943115,127.21395782470704
2022-08-26 04:00:00+00:00,CVX,139.72608797993124,141.38565424474191,138.26228653907455,139.07078552246094,7765800,-1.0297698974609375,-0.7350219950052472,3.1233677056673628,133.75668983459474,127.22466522216797
2022-08-29 04:00:00+00:00,CVX,139.47928498405045,141.9813866370242,139.2665214147303,140.10906982421875,8462600,1.0382843017578125,0.7465869253971524,2.714865222293895,133.99350929260254,127.40423797607421
2022-08-30 04:00:00+00:00,CVX,138.1431066688592,138.34735134019246,135.11334318818172,136.69630432128906,8814300,-3.4127655029296875,-2.4357919920611537,3.2340081520107447,134.1174633026123,127.63531692504883
2022-08-31 04:00:00+00:00,CVX,134.1346673264108,137.36867622948168,132.89212234766256,134.51763916015625,13582700,-2.1786651611328125,-1.5937996070560234,4.476553881819115,134.29188499450683,127.71807266235352
2022-09-01 04:00:00+00:00,CVX,133.1729329412369,133.51336234988705,130.40700730296788,132.37294006347656,8244400,-2.1446990966796875,-1.5943627245243452,3.1063550469191625,134.53702697753906,127.87128662109374
2022-09-02 04:00:00+00:00,CVX,134.67083888459504,135.42827670215067,133.37723269542357,134.33892822265625,7526600,1.9659881591796875,1.4851888597752216,2.0510440067270963,134.77504272460936,128.15558166503905
2022-09-06 04:00:00+00:00,CVX,136.07505995535936,136.16017057255704,132.5176595166755,133.71763610839844,8550000,-0.6212921142578125,-0.462481071181442,3.6425110558815277,134.99169387817383,128.38797988891602
2022-09-07 04:00:00+00:00,CVX,131.11339436969075,132.61125791734617,129.88787437108368,132.0070037841797,9442100,-1.71063232421875,-1.2792869916067207,2.7233835462624825,135.03847274780273,128.53893630981446
2022-09-08 04:00:00+00:00,CVX,132.41552851786443,133.08786865200958,130.53470588509938,132.72190856933594,9232500,0.71490478515625,0.5415657992852152,2.553162766910191,135.10371017456055,128.66421356201172
2022-09-09 04:00:00+00:00,CVX,134.81550021341073,136.72185332836025,134.0665683547911,136.1431427001953,8261100,3.421234130859375,2.5777463327179895,2.6552849735691666,135.17976455688478,128.90784423828126
2022-09-12 04:00:00+00:00,CVX,138.56015044251313,140.02396489786415,137.23250779371995,138.29632568359375,8920800,2.1531829833984375,1.581558160545793,2.7914571041442002,135.35377883911133,129.2316473388672
2022-09-13 04:00:00+00:00,CVX,137.36865803925684,138.43247576215663,135.09634494146965,135.6665496826172,10308300,-2.6297760009765625,-1.901551605205476,3.336130820686975,135.52449951171874,129.47367385864257
2022-09-14 04:00:00+00:00,CVX,136.9686566567186,139.20693322149364,136.4665378260526,138.9516143798828,11160800,3.285064697265625,2.421425697749968,2.7403953954410554,135.87634048461913,129.84634323120116
2022-09-15 04:00:00+00:00,CVX,136.7473654891224,137.61544430045348,135.8112137780501,136.69630432128906,9665000,-2.25531005859375,-1.6230902164460659,1.8042305224033726,136.06101837158204,130.20561767578124
2022-09-16 04:00:00+00:00,CVX,136.611227336385,137.1388767984283,132.4325479901748,133.14743041992188,43741600,-3.5488739013671875,-2.596173992404338,4.706328808253488,135.95165786743163,130.44769653320313
2022-09-19 04:00:00+00:00,CVX,130.15170937786445,133.5729508139792,130.04108116509846,133.5303955078125,6813800,0.382965087890625,0.28762484314028836,3.531869648880729,135.91803970336915,130.71008544921875
2022-09-20 04:00:00+00:00,CVX,132.79851937399306,133.48788432817594,131.35172952920695,133.00277709960938,8955200,-0.527618408203125,-0.39512981759441956,2.136154798968988,135.89165878295898,130.9831756591797
2022-09-21 04:00:00+00:00,CVX,134.7303869460612,135.13038345485413,131.8708443438695,131.92190551757812,6877000,-1.08087158203125,-0.812668431142427,3.2595391109846332,135.5946388244629,131.27833602905272
2022-09-22 04:00:00+00:00,CVX,134.12615645769878,134.70486712070485,131.69214075670212,131.81979370117188,6981100,-0.10211181640625,-0.0774032303472505,3.012726364002731,135.24145050048827,131.58714157104492
2022-09-23 04:00:00+00:00,CVX,127.44537706504046,127.8113241682134,122.26245967200416,123.2071304321289,13919700,-8.612663269042969,-6.533664654769067,5.548864496209248,134.39677925109862,131.75827285766601
2022-09-26 04:00:00+00:00,CVX,122.18584370653504,123.44540014190568,119.90501195951012,119.96459197998048,9444000,-3.2425384521484233,-2.6317782426842906,3.54038818239556,133.44146957397462,131.8357092285156
2022-09-27 04:00:00+00:00,CVX,121.09650029513506,122.3560699015675,119.5390824868228,120.0156707763672,10121000,0.05107879638671875,0.04257822707824932,2.8169874147446876,132.43679962158203,131.88161239624023
2022-09-28 04:00:00+00:00,CVX,120.91777551262652,124.62837213595915,120.33905193633498,124.0666732788086,8279800,4.051002502441392,3.3753946265816293,4.289320199624171,131.805318069458,131.92369049072266
2022-09-29 04:00:00+00:00,CVX,122.98584801062192,123.75180464605305,121.0794947549162,123.2071304321289,8197600,-0.8595428466796875,-0.6928072011313513,2.672309891136848,131.23979263305665,131.91635986328126
2022-09-30 04:00:00+00:00,CVX,122.57735328173597,123.52202410108728,121.26673533626852,122.2709732055664,9402700,-0.9361572265625,-0.7598239024633413,2.255288764818758,130.73469429016114,131.90919845581055
2022-10-03 04:00:00+00:00,CVX,126.78155750178598,129.6496062782471,126.21135269084296,129.13046264648438,9597400,6.859489440917969,5.610071843777309,3.438253587404134,130.47427101135253,132.05963668823242
2022-10-04 04:00:00+00:00,CVX,131.4282736937831,134.36442062182542,130.74744082716035,134.1516571044922,9520200,5.0211944580078125,3.8884662496363465,3.6169797946650704,130.49597206115723,132.23813568115236
2022-10-05 04:00:00+00:00,CVX,132.62830998103306,135.9389109628099,131.74321914958597,134.9176483154297,10633100,0.7659912109375,0.5709890041394328,4.195691813223931,130.64150428771973,132.45152130126954
2022-10-06 04:00:00+00:00,CVX,133.9048789434547,137.8197338739685,133.78573186223338,137.37718200683594,9498300,2.45953369140625,1.8229888543980666,4.034002011735112,130.87426795959473,132.68137466430665
2022-10-07 04:00:00+00:00,CVX,138.30482482189973,139.51332032766467,135.3686901859303,136.1942138671875,9972500,-1.1829681396484375,-0.8611096270627949,4.144630141734382,130.87682151794434,132.86850769042968
2022-10-10 04:00:00+00:00,CVX,137.01975048956982,137.41974707336195,133.1389447273862,133.73468017578125,5904500,-2.45953369140625,-1.8059017498384455,4.280802345975758,130.64873924255372,132.78058959960939
2022-10-11 04:00:00+00:00,CVX,131.70067322356752,136.10912894371964,131.15599890706108,133.76022338867188,7533300,0.025543212890625,0.019099916982678877,4.953130036658564,130.55342292785645,132.74834045410157
2022-10-12 04:00:00+00:00,CVX,132.88362055073463,135.15593401903357,132.35597102967853,134.1602020263672,4942000,0.3999786376953125,0.29902659218286054,2.7999629893550377,130.31385231018066,132.74720001220703
2022-10-13 04:00:00+00:00,CVX,133.062352848874,141.26651626540158,133.062352848874,140.66226196289062,10227500,6.5020599365234375,4.8464893748785265,8.204163416527564,130.51215019226075,132.93986114501953
2022-10-14 04:00:00+00:00,CVX,139.6069485359699,140.81545712923904,136.10911467120434,136.287841796875,7327900,-4.374420166015625,-3.1098747489000877,4.7063424580346975,130.6691707611084,133.1162159729004
2022-10-17 04:00:00+00:00,CVX,138.96866868791844,140.34738566058425,137.10487044108635,137.28358459472656,5890400,0.9957427978515625,0.7306174818848765,3.2425152194979034,130.8568302154541,133.27031539916993
2022-10-18 04:00:00+00:00,CVX,138.17715574554933,138.98565461092005,135.2835767580996,138.48353576660156,5631200,1.199951171875,0.8740674825889583,3.7020778528204517,131.1308681488037,133.45229385375976
2022-10-19 04:00:00+00:00,CVX,139.22394465632638,144.006877788355,139.22394465632638,142.9770965576172,9766800,4.493560791015625,3.2448339552717753,4.7829331320286315,131.68362770080566,133.69040725708007
2022-10-20 04:00:00+00:00,CVX,144.08348373952174,146.22814403526695,142.92604946725285,143.79412841796875,8871500,0.8170318603515625,0.5714424757690573,3.3020945680140983,132.2823444366455,133.93794662475585
2022-10-21 04:00:00+00:00,CVX,143.95583717988248,147.94728413341596,143.70053126537567,147.39410400390625,7971300,3.5999755859375,2.5035622980886796,4.246752868040289,133.49169311523437,134.19338760375976
2022-10-24 04:00:00+00:00,CVX,146.44942323851583,148.65365072478903,146.04942668481434,147.34303283691406,7007700,-0.0510711669921875,-0.0346493961460137,2.604224039974696,134.86061515808106,134.4439274597168
2022-10-25 04:00:00+00:00,CVX,147.28345630733384,148.93450374085896,146.5260184934655,148.8749237060547,7280600,1.531890869140625,1.0396764880197473,2.4084852473934575,136.30357780456544,134.77638320922853
2022-10-26 04:00:00+00:00,CVX,149.206854216682,151.89617608140614,149.07918827311025,150.7132110595703,6865300,1.838287353515625,1.2347864286031296,2.8169878082958917,137.63590469360352,135.15235153198242
2022-10-27 04:00:00+00:00,CVX,153.09617556355855,154.38126303313953,151.04513134200667,151.40257263183594,9177400,0.689361572265625,0.4573995653195606,3.336131691132863,139.04567680358886,135.5203480529785
2022-10-28 04:00:00+00:00,CVX,154.44080491036783,155.6237697151189,150.23659513366715,153.1727294921875,10773900,1.7701568603515625,1.1691722469313826,5.387174581451745,140.59076461791992,135.87710983276367
2022-10-31 04:00:00+00:00,CVX,151.53872787809408,156.45782073533934,151.53872787809408,153.95571899414062,13281000,0.782989501953125,0.5111807464350582,4.919092857245261,141.83202743530273,136.27216903686522
2022-11-01 04:00:00+00:00,CVX,156.48333583610471,157.0195041521625,154.80675797781768,155.0791015625,9185600,1.123382568359375,0.7296790114059482,2.2127461743448293,142.87839965820314,136.70314315795898
2022-11-02 04:00:00+00:00,CVX,153.9812175343987,155.65779520967502,151.71742341760677,151.9131622314453,8087500,-3.1659393310546875,-2.041499659951762,3.940371792068248,143.7281753540039,136.9841603088379
2022-11-03 04:00:00+00:00,CVX,151.46212422354952,155.05357415741238,150.9855359266296,154.15145874023438,6607800,2.2382965087890625,1.4734052506779838,4.068038230782776,144.56688919067383,137.28951828002928
2022-11-04 04:00:00+00:00,CVX,157.30886781696665,157.785456129388,153.70040603088617,156.10037231445312,7491900,1.94891357421875,1.2642848729073286,4.085050098501824,145.56219711303712,137.60951461791993
2022-11-07 05:00:00+00:00,CVX,155.31739325198328,158.61948774076905,154.98548262968157,157.96417236328125,7578000,1.863800048828125,1.193975402617009,3.6340051110874754,146.7736717224121,137.98738235473633
2022-11-08 05:00:00+00:00,CVX,157.71736326674923,158.50883740275546,156.47481847847914,157.734375,6308200,-0.22979736328125,-0.14547435652229046,2.0340189242763245,147.9723793029785,138.33988845825195
2022-11-09 05:00:00+00:00,CVX,156.26206475677722,156.4322730023711,150.8238288485926,151.42807006835938,8021700,-6.306304931640625,-3.998053646607236,5.608444153778493,148.8357727050781,138.63452377319337
2022-11-10 05:00:00+00:00,CVX,155.087586146054,155.17269675110117,151.52166736309283,154.29611206054688,6981500,2.8680419921875,1.89399626561495,3.6510293880083395,149.51746520996093,139.03009323120116
2022-11-11 05:00:00+00:00,CVX,156.6365475593687,159.23226578893335,156.50037575380438,158.68759155273438,8428300,4.3914794921875,2.84613749079059,2.73189003512897,150.6374526977539,139.55638626098633
2022-11-14 05:00:00+00:00,CVX,158.5599024777095,161.42795091383036,158.44926127857636,158.76416015625,9722400,0.076568603515625,0.04825115988364992,2.9786896352539998,151.71148147583008,140.0448908996582
2022-11-15 05:00:00+00:00,CVX,159.2492841941873,160.37268215805148,157.67484145436146,160.040771484375,7747300,1.276611328125,0.8040928927968372,2.6978407036900194,152.78934326171876,140.57135360717774
2022-11-16 05:00:00+00:00,CVX,158.75563169132496,159.84499292486157,156.32161636015957,157.43650817871094,7941100,-2.6042633056640625,-1.6272499073264668,3.523376564702005,153.51231384277344,141.07994369506835
2022-11-17 05:00:00+00:00,CVX,155.6697856352952,158.00256079792487,154.6063234579122,157.8824920654297,6550500,0.44598388671875,0.2832785685341177,3.396237340012675,154.21673202514648,141.58315536499023
2022-11-18 05:00:00+00:00,CVX,155.19809896900864,157.2993083784904,154.07458277018176,156.93910217285156,7661500,-0.943389892578125,-0.597526603638332,3.2247256083086313,154.69398193359376,141.99907455444335
2022-11-21 05:00:00+00:00,CVX,154.1431762297725,155.83272306421435,150.78982372414498,155.43821716308594,8432900,-1.500885009765625,-0.9563486658108689,5.0428993400693685,155.09874114990234,142.3419123840332
2022-11-22 05:00:00+00:00,CVX,157.59088015033385,160.00083927130842,157.01626463390824,159.4262237548828,9018000,3.988006591796875,2.565653842782223,2.9845746374001862,155.62630615234374,142.8171058654785
2022-11-23 05:00:00+00:00,CVX,157.12777333120053,158.79157910121927,156.5874575143974,158.01113891601562,5831200,-1.4150848388671875,-0.8876110877736654,2.2041215868218558,155.991202545166,143.19829635620118
2022-11-25 05:00:00+00:00,CVX,158.56857949875587,158.92021397603745,157.2135108266652,157.54798889160156,2796400,-0.4631500244140625,-0.2931122625856375,1.706703149372231,156.2984733581543,143.61533004760742
2022-11-28 05:00:00+00:00,CVX,154.61489369729213,155.63548445735083,152.62518142192147,152.96823120117188,9365500,-4.5797576904296875,-2.90689695415961,3.0103030354293594,156.28824844360352,144.0117460632324
2022-11-29 05:00:00+00:00,CVX,154.5977483215224,155.96140204471425,154.0745888645774,155.2581329345703,6985400,2.2899017333984375,1.4969786310642164,1.8868131801368406,156.353369140625,144.44630081176757
2022-11-30 05:00:00+00:00,CVX,156.8190407843954,157.23927483407277,154.04886190722172,157.2135467529297,10936700,1.955413818359375,1.259459830798959,3.190412926851053,156.4600914001465,144.930516204834
2022-12-01 05:00:00+00:00,CVX,158.02827808941998,158.27700028822326,155.60974718954444,156.51026916503906,5217400,-0.703277587890625,-0.44733905087445125,2.6672530986788274,156.68994674682617,145.4222834777832
2022-12-02 05:00:00+00:00,CVX,155.68695173250848,157.48799591845324,154.31472634450188,155.2581329345703,6852300,-1.25213623046875,-0.8000345518212493,3.173269573951359,156.74528045654296,145.89105026245116
2022-12-05 05:00:00+00:00,CVX,156.66463443801086,156.90477188171448,149.76923496529005,151.42446899414062,8162200,-3.8336639404296875,-2.4692194012440494,7.135536916424428,156.51148529052733,146.4553970336914
2022-12-06 05:00:00+00:00,CVX,150.5239323785737,152.71091032251638,146.75890479067937,147.52220153808594,8765000,-3.9022674560546875,-2.5770388907262354,5.952005531837017,155.98938674926757,147.00654922485353
2022-12-07 05:00:00+00:00,CVX,146.70743847608682,149.7263255192761,146.52734196658102,147.9595947265625,6936300,0.4373931884765625,0.2964931270793336,3.1989835526950685,155.5006477355957,147.5654277038574
2022-12-08 05:00:00+00:00,CVX,151.15858409792145,151.28722446680604,147.53935340621658,148.83438110351562,8076600,0.874786376953125,0.5912332880944726,3.7478710605894605,155.3709632873535,148.06078186035157
2022-12-09 05:00:00+00:00,CVX,147.770958865631,148.5342557946431,144.0230737114048,144.08311462402344,10754300,-4.7512664794921875,-3.1923178262068586,4.511182083238282,154.86031341552734,148.47830154418946
2022-12-12 05:00:00+00:00,CVX,144.88070006782138,146.24435367127018,143.8343943323191,145.58396911621094,9364900,1.5008544921875,1.0416588342804012,2.4099593389510687,154.20513229370118,148.94456146240233
2022-12-13 05:00:00+00:00,CVX,148.86010322359218,149.62339984986082,147.92526867874156,148.82579040527344,7838800,3.2418212890625,2.2267707830350147,1.6981311711192575,153.70821380615234,149.33846801757812
2022-12-14 05:00:00+00:00,CVX,149.649176835294,150.0179546904726,146.88758295073345,147.7966766357422,7045500,-1.02911376953125,-0.6914888654236839,3.130371739739161,153.09600906372071,149.61136840820313
2022-12-15 05:00:00+00:00,CVX,146.31297334128948,146.97334484187488,144.13456660492452,146.69032287597656,7272900,-1.106353759765625,-0.7485647072378532,2.838778236950361,152.55869979858397,149.84682189941407
2022-12-16 05:00:00+00:00,CVX,144.53763883118987,145.92700731663663,143.31122355556886,144.70059204101562,23876000,-1.9897308349609375,-1.356415880714379,2.6157837610677745,151.89960479736328,149.99329010009765
2022-12-19 05:00:00+00:00,CVX,145.89271805191748,146.50164644501334,144.29751175217746,145.69546508789062,7131600,0.994873046875,0.6875390299667883,2.204134692835879,151.33742294311523,150.18331512451172
2022-12-20 05:00:00+00:00,CVX,145.63541320688802,148.61998786694878,145.45531667093664,148.0882568359375,6199100,2.392791748046875,1.642324108443205,3.1646711960121365,150.9699249267578,150.47038665771484
2022-12-21 05:00:00+00:00,CVX,150.24951649750108,150.9099010401462,148.50851341039922,149.8292694091797,5479400,1.7410125732421875,1.1756587662254736,2.401387629746978,150.49007720947264,150.791767578125
2022-12-22 05:00:00+00:00,CVX,150.22381622237234,150.2667007228335,144.36614941251045,147.58229064941406,5755000,-2.246978759765625,-1.4996927960912565,5.9005513103230385,149.96863479614257,151.06020935058595
2022-12-23 05:00:00+00:00,CVX,149.31467404059688,152.29924847772364,148.96303957180248,152.14486694335938,6079100,4.5625762939453125,3.091547281092044,3.336208905921154,149.69847869873047,151.2898614501953
2022-12-27 05:00:00+00:00,CVX,152.96820045020317,154.57197812988454,152.14486282440225,154.05740356445312,5168000,1.91253662109375,1.2570497181516815,2.427115305482289,149.75293731689453,151.64525268554686
2022-12-28 05:00:00+00:00,CVX,153.397061358852,153.7744239959543,150.8841763907906,151.78469848632812,4494400,-2.272705078125,-1.475232624684708,2.890247605163694,149.57926559448242,151.9352749633789
2022-12-29 05:00:00+00:00,CVX,151.50164814736763,153.68862623098147,151.50164814736763,152.9339141845703,4142100,1.1492156982421875,0.7571354093678373,2.1869780836138375,149.36528396606445,152.22428253173828
2022-12-30 05:00:00+00:00,CVX,152.68519100307108,154.3318533024647,152.40216908007253,153.93734741210938,5005100,1.0034332275390625,0.656122111886881,1.9296842223921828,149.23663787841798,152.44348754882813
2023-01-03 05:00:00+00:00,CVX,152.69375793759585,153.5170956050497,147.09338672585184,149.2203369140625,7565400,-4.717010498046875,-3.064240470130264,6.4237088791978465,148.93474807739258,152.55201171875
2023-01-04 05:00:00+00:00,CVX,146.61313724420583,149.47764353390505,146.5273813407091,147.63372802734375,7684500,-1.58660888671875,-1.0632658520483673,2.950262193195954,148.74521102905274,152.55680419921876
2023-01-05 05:00:00+00:00,CVX,147.08479032966872,151.1071111794639,146.86180935284756,150.2923583984375,6088200,2.65863037109375,1.8008285820712677,4.245301826616355,148.88371887207032,152.61579071044923
2023-01-06 05:00:00+00:00,CVX,151.8189879868018,153.85158459476068,150.6869002494769,151.42446899414062,7191200,1.132110595703125,0.7532722273888348,3.1646843452837743,149.0569625854492,152.66678161621093
2023-01-09 05:00:00+00:00,CVX,152.88244591598453,152.9424868185337,149.55482153514458,150.2409210205078,8385600,-1.1835479736328125,-0.7816094594847889,3.3876652833891114,149.12728958129884,152.6573358154297
2023-01-10 05:00:00+00:00,CVX,151.28725039094795,151.5531290097155,148.9887881629688,150.97850036621094,8307000,0.737579345703125,0.4909310597227101,2.5643408467466884,149.4720588684082,152.6488543701172
2023-01-11 05:00:00+00:00,CVX,152.5651341235978,152.77954349827746,149.48621864396023,150.25808715820312,6962600,-0.7204132080078125,-0.4771627789787236,3.293324854317234,149.7057647705078,152.5905615234375
2023-01-12 05:00:00+00:00,CVX,150.93561596445684,152.9767841483225,150.85841865003707,151.8704376220703,6891400,1.6123504638671875,1.0730540328052873,2.118365498285442,149.85799713134764,152.5488558959961
2023-01-13 05:00:00+00:00,CVX,151.879013841215,152.6508954030068,150.6697418882975,152.2821044921875,5726300,0.4116668701171875,0.2710645182584015,1.9811535147093196,150.08226852416993,152.49291595458985
2023-01-17 05:00:00+00:00,CVX,153.03682357886498,155.50682354034768,152.81382947392038,154.79498291015625,10697700,2.51287841796875,1.6501468943763253,2.6929940664273033,150.4875015258789,152.55055236816406
2023-01-18 05:00:00+00:00,CVX,155.07802848998148,156.41594097774134,151.75039059934042,151.9990997314453,8899200,-2.7958831787109375,-1.806184623137097,4.665550378400923,150.8524269104004,152.50750518798827
2023-01-19 05:00:00+00:00,CVX,151.46735209976998,154.33185807097698,151.08141786066878,153.51710510253906,5907200,1.51800537109375,0.998693659222849,3.2504402103081986,151.2435089111328,152.45583984375
2023-01-20 05:00:00+00:00,CVX,153.35416243302373,155.5411407202743,152.24781579334942,155.14662170410156,10477900,1.6295166015625,1.0614560510856963,3.293324926924896,151.596427154541,152.3994888305664
2023-01-23 05:00:00+00:00,CVX,155.41249914685162,156.5617302709807,154.40048007875313,154.9407958984375,8381300,-0.2058258056640625,-0.13266534804516894,2.1612501922275555,151.8520034790039,152.34361724853517
2023-01-24 05:00:00+00:00,CVX,155.30955939027464,156.09001259400677,153.25980645164887,155.08657836914062,5989000,0.145782470703125,0.09408914537827329,2.830206142357895,152.22721786499022,152.41678741455078
2023-01-25 05:00:00+00:00,CVX,153.76582042210828,154.4004768783202,151.24437718436914,153.58572387695312,6727500,-1.5008544921875,-0.9677526630416322,3.156099693951063,152.29926071166992,152.40257965087892
2023-01-26 05:00:00+00:00,CVX,158.65438085708684,161.07291203108142,157.35933973410982,161.05575561523438,14307800,7.47003173828125,4.863753967306206,3.7135722969715914,152.649178314209,152.44994293212892
2023-01-27 05:00:00+00:00,CVX,158.0025674932214,158.0025674932214,152.59087646431723,153.90306091308594,19654700,-7.1526947021484375,-4.441129517430209,5.411691028904158,152.75509643554688,152.35272094726562
2023-01-30 05:00:00+00:00,CVX,152.65947681623172,152.95107042893855,148.94590482666916,149.40045166015625,11476000,-4.5026092529296875,-2.925613841736685,4.005165602269386,152.57842330932618,152.13991455078124
2023-01-31 05:00:00+00:00,CVX,148.15684492846074,149.76920725487233,147.01618573865966,149.2460479736328,14481300,-0.1544036865234375,-0.10334887532646997,2.7530215162126694,152.34385833740234,151.97610534667967
2023-02-01 05:00:00+00:00,CVX,148.63715801988337,148.93733638956218,145.40386087214117,146.9647674560547,11526400,-2.281280517578125,-1.528536633667621,3.53347551742101,152.23107986450196,151.7577508544922
2023-02-02 05:00:00+00:00,CVX,146.7675261660374,147.02480697593504,143.0711102167149,144.94932556152344,10463400,-2.01544189453125,-1.3713775957451158,3.953696759220122,152.09685974121095,151.51795532226564
2023-02-03 05:00:00+00:00,CVX,145.67829464394129,147.12770399707628,144.50333555042155,145.32666015625,8404900,0.3773345947265625,0.26032173193273334,2.624368446654728,151.84857482910155,151.31572418212892
2023-02-06 05:00:00+00:00,CVX,145.42104195669194,145.90131696044548,143.54281335618168,145.48965454101562,7659500,0.162994384765625,0.11215724946158634,2.3585036042638023,151.5518341064453,151.03699279785155
2023-02-07 05:00:00+00:00,CVX,145.85842820769295,149.56341571517305,145.46390916635636,149.30612182617188,10256500,3.81646728515625,2.623188086600581,4.0995065488166915,151.5050941467285,150.86289245605468
2023-02-08 05:00:00+00:00,CVX,147.92532311082297,149.28897678090038,145.34383875892826,145.7983856201172,9784700,-3.5077362060546875,-2.349358595047113,3.9451380219721273,151.24608840942383,150.627900390625
2023-02-09 05:00:00+00:00,CVX,145.99562986449263,146.3644207992865,144.08310187877686,144.46046447753906,10123400,-1.337921142578125,-0.9176515479836111,2.281318920509648,150.95620727539062,150.45774505615233
2023-02-10 05:00:00+00:00,CVX,146.4844807812712,148.13971479750128,146.46732436784913,147.4879150390625,11602400,3.0274505615234375,2.095694882660548,1.672390429652154,150.73708114624023,150.30234069824218
2023-02-13 05:00:00+00:00,CVX,146.93045991130245,147.42787813545706,145.60111919496862,146.66458129882812,9442900,-0.823333740234375,-0.5582381037906092,1.8267589404884461,150.45620498657226,150.09136138916017
2023-02-14 05:00:00+00:00,CVX,146.2100231449163,148.8086634707766,145.78120443653663,147.7880859375,8077300,1.123504638671875,0.766036781834023,3.0274590342399677,150.10586013793946,149.91691772460936
2023-02-15 05:00:00+00:00,CVX,146.56813260419182,146.67196788951514,144.92422134444732,146.23069763183594,8885700,-1.5573883056640625,-1.0537982786533173,1.7477465450678267,149.81744003295898,149.73636901855468
2023-02-16 05:00:00+00:00,CVX,145.52123415164849,145.92788827315806,143.97248423299757,144.1195831298828,6727500,-2.111114501953125,-1.4436876361407114,1.955404040160488,149.34756393432616,149.59027130126952
2023-02-17 05:00:00+00:00,CVX,142.52755835563505,142.622732997884,140.03573598054953,140.9009552001953,9612100,-3.2186279296875,-2.233303663379893,2.586997017334454,148.63528060913086,149.45784637451172
2023-02-21 05:00:00+00:00,CVX,140.3212145594128,141.67961476012047,139.04069410430222,139.30026245117188,7259700,-1.6006927490234375,-1.1360410912396812,2.6389206558182536,147.85325393676757,149.28465972900392
2023-02-22 05:00:00+00:00,CVX,138.67734335318863,139.87135016888865,137.49199717958396,138.7379150390625,6205900,-0.562347412109375,-0.40369443834069596,2.3793529893046923,147.03582077026368,149.08273040771485
2023-02-23 05:00:00+00:00,CVX,140.3818264544238,140.89230265482135,138.9196037768457,140.10494995117188,6445500,1.367034912109375,0.985336208724541,1.9726988779756596,146.3617820739746,149.00316711425782
2023-02-24 05:00:00+00:00,CVX,139.10127439923303,140.68462689091572,137.69961052009037,140.52023315429688,5330200,0.415283203125,0.29640865884448253,2.985016370825349,145.33500595092772,148.90189239501953
2023-02-27 05:00:00+00:00,CVX,141.03939583885423,141.35087532046032,140.09630995367428,140.87501525878906,6386800,0.3547821044921875,0.2524775945273561,1.2545653667860392,144.6836036682129,148.74287689208984
2023-02-28 05:00:00+00:00,CVX,142.17284968708736,142.17284968708736,138.67735612580472,139.101318359375,10854200,-1.7736968994140625,-1.2590571125445926,3.495493561282643,144.16864700317382,148.5689697265625
2023-03-01 05:00:00+00:00,CVX,139.2310688539023,141.54120248011532,138.9455449402539,140.20877075195312,7470400,1.107452392578125,0.7961480204788263,2.5956575398614063,143.71678314208984,148.43933868408203
2023-03-02 05:00:00+00:00,CVX,140.14819571743843,141.45468509730003,139.81076077342183,140.6500244140625,5582000,0.441253662109375,0.31471188267531147,1.6439243238781955,143.40104598999022,148.35832733154297
2023-03-03 05:00:00+00:00,CVX,139.18779112086742,143.2629788536082,138.7984451698631,142.72654724121094,6007500,2.0765228271484375,1.4763757317491244,4.464533683745088,143.2899070739746,148.29894897460937
2023-03-06 05:00:00+00:00,CVX,142.19011535086057,144.31856031984722,141.7315502465442,143.77346801757812,7703600,1.0469207763671875,0.7335151004514096,2.58701007330302,143.212247467041,148.21265319824218
2023-03-07 05:00:00+00:00,CVX,143.36685083778806,144.1455562131239,141.53258994858842,141.92193603515625,7393000,-1.851531982421875,-1.2878120058949283,2.612966264535487,143.03386154174805,148.05450653076173
2023-03-08 05:00:00+00:00,CVX,141.2297389036584,143.01208850212305,139.62909116235105,141.0220947265625,5435800,-0.89984130859375,-0.6340396232833556,3.382997339772004,142.6196601867676,147.9233026123047
2023-03-09 05:00:00+00:00,CVX,141.7142609739187,143.1851443211401,138.59947946719956,138.8763427734375,6214700,-2.145751953125,-1.5215714652980772,4.5856648539405285,142.2735580444336,147.65793212890625
2023-03-10 05:00:00+00:00,CVX,139.24838349855915,142.47564749531125,137.28433217085964,138.14955139160156,7385800,-0.7267913818359375,-0.5233370690223449,5.191315324451608,141.95801239013673,147.33977508544922
2023-03-13 04:00:00+00:00,CVX,135.35490305232807,139.25703715941458,133.07072473560945,137.31895446777344,10106100,-0.830596923828125,-0.6012302721662088,6.186312423805134,141.44956436157227,147.05046020507814
2023-03-14 04:00:00+00:00,CVX,136.92963313760282,141.91330590047514,136.6008587055313,139.09268188476562,10035200,1.7737274169921875,1.2916843300088354,5.312447194943843,141.07096939086915,146.77363555908204
2023-03-15 04:00:00+00:00,CVX,134.6194611497672,136.66137912622057,131.52197462264402,133.0707244873047,14063100,-6.0219573974609375,-4.329456672961385,5.139404503576543,140.33510131835936,146.35630310058593
2023-03-16 04:00:00+00:00,CVX,129.92131324277997,134.5156249056967,129.70500845110064,133.49465942382812,12849600,0.4239349365234375,0.3185786642079025,4.810616454596072,139.69829940795898,146.04178955078126
2023-03-17 04:00:00+00:00,CVX,132.91500545602304,134.43780011190262,130.30205226641303,131.80752563476562,33161800,-1.6871337890625,-1.2638211868132299,4.13574784548959,139.08269653320312,145.7252655029297
2023-03-20 04:00:00+00:00,CVX,131.28838574277697,134.78386602316968,130.8990264829453,133.74560546875,8469200,1.938079833984375,1.470386326312445,3.884839540224391,138.72492904663085,145.39433044433594
2023-03-21 04:00:00+00:00,CVX,135.97784260978207,138.06302389649082,135.38083929346996,137.8380584716797,9753500,4.0924530029296875,3.05987848242677,2.6821846030208576,138.65181884765624,145.1226022338867
2023-03-22 04:00:00+00:00,CVX,138.32258174053595,138.48697549192786,134.91361616597746,135.03475952148438,6315000,-2.8032989501953125,-2.0337626496467864,3.573359325950406,138.46666107177734,144.81847900390625
2023-03-23 04:00:00+00:00,CVX,135.85674340145127,137.3622165918757,132.49968816378887,133.69369506835938,7859400,-1.341064453125,-0.9931253685178998,4.862528428086819,138.1460983276367,144.47278289794923
2023-03-24 04:00:00+00:00,CVX,131.5998471100251,135.53658395341256,131.36623422673088,135.02610778808594,6600100,1.3324127197265625,0.9966159728364676,4.170349726681678,137.87139205932618,144.16814331054687
2023-03-27 04:00:00+00:00,CVX,136.18550487954855,137.1199432552562,134.7059873529934,136.4018096923828,7006800,1.375701904296875,1.0188414128443624,2.4139559022628134,137.64773178100586,143.85877075195313
2023-03-28 04:00:00+00:00,CVX,136.0816497822924,138.5994403614241,135.56251307654748,137.99378967285156,5605400,1.59197998046875,1.1671252632637463,3.0369272848766116,137.59235534667968,143.5730044555664
2023-03-29 04:00:00+00:00,CVX,138.97149609292768,139.57716006162266,137.85536919482317,139.1791534423828,7569700,1.18536376953125,0.858997910225856,1.7217908667994948,137.54087448120117,143.26068786621093
2023-03-30 04:00:00+00:00,CVX,140.38184527800192,141.03940725809912,139.80214987406092,140.5029754638672,6322400,1.323822021484375,0.9511640132459975,1.2372573840382017,137.5335220336914,143.03076538085938
2023-03-31 04:00:00+00:00,CVX,140.77115231968642,141.65367954463164,140.29527914926516,141.16915893554688,7041400,0.6661834716796875,0.4741418959138155,1.3584003953664876,137.4556526184082,142.78380645751952
2023-04-03 04:00:00+00:00,CVX,146.9142287432855,148.0390163892239,146.152831591783,147.04400634765625,12868200,5.874847412109375,4.16156578136988,1.886184797440876,137.61917953491212,142.62175415039061
2023-04-04 04:00:00+00:00,CVX,148.07360304758166,148.07360304758166,145.11455517392312,146.2566375732422,7521400,-0.7873687744140625,-0.5354647183323347,2.959047873658534,137.8359146118164,142.4480709838867
2023-04-05 04:00:00+00:00,CVX,146.4469993240037,147.46796486107488,145.1318756250678,146.9834442138672,6478100,0.726806640625,0.4969392519098781,2.3360892360070693,138.13398208618165,142.28600830078125
2023-04-06 04:00:00+00:00,CVX,146.5248687163043,146.57677975308854,144.60408114210884,145.05398559570312,5803200,-1.9294586181640625,-1.3127047256809576,1.9726986109797053,138.44286422729493,142.11537353515624
2023-04-10 04:00:00+00:00,CVX,145.78078144504173,146.81038115859005,144.75981596813105,145.60772705078125,5923500,0.553741455078125,0.3817485281800703,2.0505651904589968,138.8157730102539,141.8064129638672
2023-04-11 04:00:00+00:00,CVX,146.28259119772358,147.38140988622288,145.41737214726714,146.41236877441406,5469600,0.8046417236328125,0.55260921925675,1.9640377389557386,139.27044372558595,141.65659912109376
2023-04-12 04:00:00+00:00,CVX,147.47664357365167,148.0563389853597,146.62873226123395,146.9315643310547,6157900,0.519195556640625,0.35461181386975404,1.4276067241257522,139.6623878479004,141.6072213745117
2023-04-13 04:00:00+00:00,CVX,147.30356868937915,149.22435636811247,146.9315307707132,148.89556884765625,6856600,1.9640045166015625,1.33667978391383,2.2928255973992577,140.45363006591796,141.6002117919922
2023-04-14 04:00:00+00:00,CVX,149.25032107698522,149.57910861768428,148.1428414898072,149.1984100341797,4930700,0.3028411865234375,0.20339167167109373,1.4362671278770733,141.23881759643555,141.6448846435547
2023-04-17 04:00:00+00:00,CVX,149.15514359703272,149.28492120158066,147.27761943878522,147.88327026367188,7006000,-1.3151397705078125,-0.8814703656738199,2.0073017627954357,142.04260482788087,141.70356353759766
2023-04-18 04:00:00+00:00,CVX,147.7967540764016,149.15514139197992,147.19975069991142,147.5371856689453,8045600,-0.3460845947265625,-0.23402552168984014,1.9553906920685051,142.73218383789063,141.74777404785155
2023-04-19 04:00:00+00:00,CVX,146.62005807756324,147.72753764751633,146.30857862337658,147.6756134033203,5506800,0.138427734375,0.09382565740789772,1.4189590241397525,143.22406158447265,141.79149322509767
2023-04-20 04:00:00+00:00,CVX,146.01440519610023,147.13919293332572,145.37415135964486,146.95750427246094,5851100,-0.718109130859375,-0.48627468971341736,1.7650415736808611,143.8201988220215,141.74452087402344
2023-04-21 04:00:00+00:00,CVX,146.9401934622787,147.59775536924866,146.08362161321895,146.3258819580078,7179000,-0.631622314453125,-0.4297992930541894,1.5141337560297075,144.4518081665039,141.75507080078125
2023-04-24 04:00:00+00:00,CVX,146.30853980976173,149.14645710518133,145.85862222813833,148.3677520751953,7177600,2.0418701171875,1.3954264890564394,3.2878348770429966,145.11889038085937,141.83321655273437
2023-04-25 04:00:00+00:00,CVX,147.36412188127093,147.4333277906024,145.72884512556047,146.21337890625,5807200,-2.1543731689453125,-1.4520494776071313,1.7044826650419225,145.60946884155274,141.8077258300781
2023-04-26 04:00:00+00:00,CVX,145.53853348471364,146.17878726989505,142.96017065606048,143.6090850830078,5927400,-2.6042938232421875,-1.7811597288316716,3.2186166138345698,145.89023361206054,141.74661590576173
2023-04-27 04:00:00+00:00,CVX,143.99843129909854,144.8290475757139,142.8217458107067,144.44834899902344,6417200,0.839263916015625,0.5844086504210422,2.007301765007213,146.15369338989257,141.67982116699218
2023-04-28 04:00:00+00:00,CVX,142.32857672103307,146.17015257588574,141.93923067135455,145.85867309570312,10036300,1.4103240966796875,0.9763518284928496,4.230921904531186,146.42147827148438,141.67238067626954
2023-05-01 04:00:00+00:00,CVX,145.10593391036593,145.98844808651577,143.93788258013407,144.69927978515625,6099800,-1.159393310546875,-0.7948744397161422,2.0505655063817017,146.59798431396484,141.683974609375
2023-05-02 04:00:00+00:00,CVX,143.03806626260564,143.089977310159,137.09400047596105,138.46969604492188,10701700,-6.229583740234375,-4.305193328870615,5.995976834197933,146.1692687988281,141.63534942626953
2023-05-03 04:00:00+00:00,CVX,136.83441958498244,138.0630425422119,135.61447047188813,135.6923370361328,7538100,-2.7773590087890625,-2.0057522245791937,2.4485720703237632,145.64105377197265,141.56319091796874
2023-05-04 04:00:00+00:00,CVX,135.93461072277967,136.8776966326823,134.47238792919148,135.16456604003906,7500400,-0.52777099609375,-0.388946795096623,2.4053087034908174,145.05010986328125,141.49172393798827
2023-05-05 04:00:00+00:00,CVX,137.82945320690865,139.4041456514379,137.37953542181444,138.61680603027344,5802000,3.452239990234375,2.5541013383727718,2.0246102296234483,144.72825088500977,141.4619610595703
2023-05-08 04:00:00+00:00,CVX,139.79349225413432,140.4250986628566,138.0197900028137,138.0717010498047,5028200,-0.54510498046875,-0.39324595341614366,2.4053086600429197,144.35144958496093,141.41299041748047
2023-05-09 04:00:00+00:00,CVX,136.799808893725,138.79846314292314,136.62676769333763,137.67367553710938,5019800,-0.3980255126953125,-0.2882745049629931,2.1716954495855134,143.9145149230957,141.34896362304687
2023-05-10 04:00:00+00:00,CVX,138.8157717297891,138.8157717297891,134.87037425690312,135.9172821044922,6161200,-1.7563934326171875,-1.275765628951886,3.945397472885986,143.3638008117676,141.28528289794923
2023-05-11 04:00:00+00:00,CVX,134.43778496463884,135.2510932547198,133.1486033982127,135.16456604003906,6666100,-0.752716064453125,-0.553804529341928,2.102489856507077,142.67725067138673,141.18439880371093
2023-05-12 04:00:00+00:00,CVX,135.83942291729505,136.64407048669275,134.59350507882294,135.51063537597656,4898900,0.3460693359375,0.25603554694577646,2.0505654078698115,141.99286193847655,141.08161102294923
2023-05-15 04:00:00+00:00,CVX,136.0384372142561,136.84309808974862,135.1732178482899,136.01248168945312,5096700,0.5018463134765625,0.3703372152924933,1.6698802414587135,141.39932250976562,140.94732971191405
2023-05-16 04:00:00+00:00,CVX,135.38951131720435,135.85673712881157,132.66407582422434,132.81980895996094,7007700,-3.1926727294921875,-2.3473380456227377,3.192661304587233,140.6634536743164,140.7282565307617
2023-05-17 04:00:00+00:00,CVX,133.9272837800235,135.33759540203977,133.20916341036917,134.72329711914062,6169600,1.9034881591796875,1.43313574540187,2.1284319916705954,140.0158378601074,140.5842837524414
2023-05-18 04:00:00+00:00,CVX,133.56125813943376,134.75822494341148,132.39051435381575,134.55726623535156,7477700,-0.1660308837890625,-0.12323843562278558,2.367710589595731,139.39582595825195,140.45498718261717
2023-05-19 04:00:00+00:00,CVX,135.32613217014162,136.6803572245212,134.53981482578178,135.62318420410156,8100900,1.06591796875,0.7921667841301216,2.140542398739427,138.86069107055664,140.38992401123048
2023-05-22 04:00:00+00:00,CVX,134.3650686934116,135.27371571649954,132.87979516001485,133.1855926513672,11661000,-2.437591552734375,-1.7973265906115254,2.3939205564846873,138.10158309936523,140.29064483642577
2023-05-23 04:00:00+00:00,CVX,134.6708484059997,137.7637113947293,134.40873820965487,137.03855895996094,10436200,3.85296630859375,2.892930257613857,3.354973185074442,137.6428421020508,140.28503692626953
2023-05-24 04:00:00+00:00,CVX,137.99960629753207,138.54130423636258,136.54927482396693,137.40550231933594,7064000,0.366943359375,0.26776650466837637,1.9920294123956523,137.3326629638672,140.25129333496093
2023-05-25 04:00:00+00:00,CVX,135.14266530669448,135.972683329783,134.11171519809378,135.03782653808594,7037700,-2.36767578125,-1.7231302540908655,1.8609681316892193,136.8621368408203,140.29063537597656
2023-05-26 04:00:00+00:00,CVX,135.67561374763403,135.97267913532988,134.07676924974945,134.6184539794922,7736200,-0.41937255859375,-0.31055932203963854,1.895909885580437,136.30012588500978,140.31311126708985
2023-05-30 04:00:00+00:00,CVX,132.51284307028897,133.9020099309,132.1109522795174,133.77969360351562,7814800,-0.8387603759765625,-0.6230649299421742,1.7910576513826015,135.75414657592773,140.35255462646484
2023-05-31 04:00:00+00:00,CVX,132.39925386707267,133.16810694247013,131.36830390822544,131.595458984375,13346400,-2.184234619140625,-1.6327101373202924,1.7998030342446896,135.4104347229004,140.30955169677733
2023-06-01 04:00:00+00:00,CVX,132.18960334451828,134.3214139749438,130.82664594643825,132.94097900390625,9887700,1.34552001953125,1.022466907228936,3.494768028505547,135.27286682128906,140.21161010742188
2023-06-02 04:00:00+00:00,CVX,135.05530570288445,136.95121566931022,134.2078234293533,136.52310180664062,9464300,3.582122802734375,2.694521154857088,2.743392239956904,135.34079360961914,140.241376953125
2023-06-05 04:00:00+00:00,CVX,138.43648479781973,138.43648479781973,135.63194114473774,135.86782836914062,6443800,-0.6552734375,-0.4799725678867661,2.8045436530819927,135.2033447265625,140.28485961914063
2023-06-06 04:00:00+00:00,CVX,133.96316761695718,136.43571705361342,133.84958341491415,136.11244201660156,6176400,0.2446136474609375,0.18003794599288359,2.586133638699266,135.10538177490236,140.30658630371093
2023-06-07 04:00:00+00:00,CVX,136.77645801517298,139.97417329762095,136.7327707575808,139.6421661376953,9900000,3.52972412109375,2.5932413442874225,3.2414025400401556,135.20380630493165,140.3713934326172
2023-06-08 04:00:00+00:00,CVX,139.93048862048406,140.21880852813442,137.24824826631487,139.12669372558594,7142200,-0.515472412109375,-0.3691380808294564,2.970560261819543,135.36427688598633,140.39405151367188
2023-06-09 04:00:00+00:00,CVX,139.1616419840522,140.13144050692802,138.58500214202223,138.79469299316406,6669500,-0.332000732421875,-0.23863194296610546,1.5464383649057822,135.54578323364257,140.3863623046875
2023-06-12 04:00:00+00:00,CVX,137.22206146661918,139.20534601167918,136.4968955169896,137.4579620361328,7159600,-1.33673095703125,-0.9630994731888554,2.708450494689572,135.64314956665038,140.32546203613282
2023-06-13 04:00:00+00:00,CVX,138.4976370522889,140.29744014659326,138.27921408780574,138.4888916015625,7660800,1.0309295654296875,0.7499962535154614,2.018226058787519,135.76697006225587,140.27185668945313
2023-06-14 04:00:00+00:00,CVX,139.77321407380165,140.46343807941764,136.42697279281808,137.2482452392578,7721100,-1.2406463623046875,-0.895845398108952,4.036465286599565,135.9883918762207,140.07594146728516
2023-06-15 04:00:00+00:00,CVX,137.4492118758473,139.60721853745284,137.4492118758473,138.28794860839844,7705400,1.039703369140625,0.75753490860897,2.1580066616055262,136.1666244506836,139.91656768798828
2023-06-16 04:00:00+00:00,CVX,138.54130641770993,139.12667828714152,137.39675903320312,137.39675903320312,22908100,-0.8911895751953125,-0.6444448588350693,1.729919253938391,136.30859909057617,139.724833984375
2023-06-20 04:00:00+00:00,CVX,136.42698676456996,136.79394909941607,133.01086151961462,134.2689666748047,10438700,-3.1277923583984375,-2.276467349308131,3.783087579801446,136.24088821411132,139.50913360595703
2023-06-21 04:00:00+00:00,CVX,133.38654825689528,136.26100223479597,133.23802222533985,135.31741333007812,7328200,1.0484466552734375,0.7808555329190447,3.02298000945612,136.34747924804688,139.30332733154296
2023-06-22 04:00:00+00:00,CVX,133.98064811308222,134.19032562115268,132.77494911575954,133.36032104492188,7088600,-1.95709228515625,-1.4462974402136508,1.4153765053931409,136.16356735229493,139.04228637695311
2023-06-23 04:00:00+00:00,CVX,131.93618053581804,132.53902994970505,131.16734089521034,132.23324584960938,15172700,-1.1270751953125,-0.8451353344694268,1.3716890544947091,135.9049545288086,138.74832000732422
2023-06-26 04:00:00+00:00,CVX,132.46914341445907,135.39601620998272,132.39924647228324,134.55726623535156,7371800,2.3240203857421875,1.7575159490415437,2.9967697376994806,135.88092651367188,138.46155395507813
2023-06-27 04:00:00+00:00,CVX,134.11172975812738,135.16890300513504,133.51762556287082,134.137939453125,6581700,-0.4193267822265625,-0.3116344393420789,1.6512774422642167,135.8569007873535,138.16034454345703
2023-06-28 04:00:00+00:00,CVX,134.05929559751397,135.4397304850516,132.96718065466598,135.35235595703125,5773800,1.21441650390625,0.9053490077880921,2.472549830385617,135.9355339050293,137.90972625732422
2023-06-29 04:00:00+00:00,CVX,135.79792883893427,136.5318401842673,134.9329823695657,136.50563049316406,5633500,1.1532745361328125,0.8520535368434334,1.5988578147016028,136.18104248046876,137.68909515380858
2023-06-30 04:00:00+00:00,CVX,137.57152472769187,137.97341551353313,136.8201492025542,137.4754180908203,6346600,0.96978759765625,0.7104377996369982,1.1532663109789212,136.40776443481445,137.4850912475586
2023-07-03 04:00:00+00:00,CVX,137.32688061684584,138.13068886244733,136.9075122554519,137.3531036376953,3272600,-0.122314453125,-0.08897187207984603,1.2231766069954233,136.4492645263672,137.29300323486328
2023-07-05 04:00:00+00:00,CVX,137.78120361269924,137.78120361269924,135.52707701482524,136.5667724609375,6318700,-0.7863311767578125,-0.572488830563278,2.2541265978740057,136.48421173095704,137.0978210449219
2023-07-06 04:00:00+00:00,CVX,135.59698086842505,136.14741103415648,132.47790770273463,133.5700225830078,9203000,-2.9967498779296875,-2.194347734758728,3.6695033314218506,136.35709075927736,136.8018664550781
2023-07-07 04:00:00+00:00,CVX,132.9235026994629,136.28722229159288,132.76624453579078,134.74078369140625,6602200,1.1707611083984375,0.8765148689488855,3.5209777558021074,136.11202163696288,136.57241455078125
2023-07-10 04:00:00+00:00,CVX,134.48739104118684,136.11245854799867,134.47865892130724,135.6406707763672,5167900,0.8998870849609375,0.6678654081617497,1.6337996266914274,135.93772048950194,136.41304626464844
2023-07-11 04:00:00+00:00,CVX,136.29594022785122,138.40154096554198,135.99888817306385,138.14816284179688,5060500,2.5074920654296875,1.8486284763099103,2.4026527924781362,135.9053939819336,136.2870425415039
2023-07-12 04:00:00+00:00,CVX,139.10923201456205,140.08776272312576,138.331646719761,139.47618103027344,6464000,1.3280181884765625,0.9612999269468236,1.7561160033647525,136.0063049316406,136.15939270019533
2023-07-13 04:00:00+00:00,CVX,139.6509385160528,140.31495302733026,136.7939750203135,137.615234375,8143900,-1.8609466552734375,-1.3342397544348628,3.5209780070167653,135.9626220703125,136.01771179199218
2023-07-14 04:00:00+00:00,CVX,137.17835147103307,137.18709692161005,133.9369621991095,134.1815948486328,7065700,-3.4336395263671875,-2.4951013177876513,3.2501347225005475,135.80928955078124,135.9319497680664
2023-07-17 04:00:00+00:00,CVX,133.9806513280946,134.67086202785453,133.36032424504882,134.0592803955078,4351700,-0.122314453125,-0.09115590946953134,1.31053778280571,135.5978561401367,135.8992886352539
2023-07-18 04:00:00+00:00,CVX,133.38655024139982,136.35711091114737,133.12443998649837,134.33013916015625,6798300,0.2708587646484375,0.2020440239939747,3.2326709246489997,135.44452514648438,135.88260009765625
2023-07-19 04:00:00+00:00,CVX,134.40000698853967,136.103703278937,133.91947384727928,135.15138244628906,5653100,0.8212432861328125,0.6113618963452971,2.1842294316577124,135.4886459350586,135.81329162597658
2023-07-20 04:00:00+00:00,CVX,136.43570825222395,137.33560969725954,136.04254962706403,136.6453857421875,5866600,1.4940032958984375,1.1054295330587438,1.2930600701955086,135.55504455566407,135.78476531982423
2023-07-21 04:00:00+00:00,CVX,137.632678179298,138.7684802680504,137.22204193696845,138.6461639404297,8760100,2.0007781982421875,1.4642120459282149,1.5464383310819585,135.81933670043946,135.8042150878906
2023-07-24 04:00:00+00:00,CVX,140.20136972948217,143.32044353573357,139.79946550515157,141.380859375,9722100,2.7346954345703125,1.9724277663717427,3.5209780305820004,136.27671737670897,135.91348663330078
2023-07-25 04:00:00+00:00,CVX,141.4594493851018,142.8573483338818,140.36733458223642,142.02734375,6767600,0.646484375,0.4572644259328351,2.490013751645364,136.6502212524414,136.0507421875
2023-07-26 04:00:00+00:00,CVX,140.55953503607353,141.61669460321357,140.27121515463216,140.96142578125,6056400,-1.06591796875,-0.7505019389972167,1.3454794485814148,136.99139556884765,136.15975799560547
2023-07-27 04:00:00+00:00,CVX,141.61671726757808,141.94872445658052,139.1092257736378,139.49365234375,6470100,-1.4677734375,-1.0412589326229904,2.8394986829427182,137.1984603881836,136.2293814086914
2023-07-28 04:00:00+00:00,CVX,138.40153023201785,138.9170052279627,136.7415077052487,138.8034210205078,6542300,-0.6902313232421875,-0.4948119944133911,2.1754975227140108,137.31334991455077,136.34905364990234
2023-07-31 04:00:00+00:00,CVX,140.7779641307785,143.26797776420304,140.33237278021832,142.9884033203125,13056300,4.1849822998046875,3.015042618572328,2.9356049839847174,137.5889991760254,136.5143557739258
2023-08-01 04:00:00+00:00,CVX,142.97094539036428,142.97094539036428,140.27124055457378,141.80020141601562,7531400,-1.188201904296875,-0.830977811281064,2.6997048357904987,137.8113540649414,136.65921447753905
2023-08-02 04:00:00+00:00,CVX,140.81292809448766,140.85661535769836,138.09574563314524,139.5548095703125,7067100,-2.245391845703125,-1.5834898845563439,2.7608697245531175,137.96075592041015,136.73784698486327
2023-08-03 04:00:00+00:00,CVX,139.71208650258697,141.27598926729246,138.78597514490292,139.5023956298828,6680700,-0.0524139404296875,-0.03755796062570038,2.490014122389539,138.25737457275392,136.8641830444336
2023-08-04 04:00:00+00:00,CVX,140.36732493195566,142.42923807126778,138.9519351793444,139.18783569335938,10185400,-0.3145599365234375,-0.225487121639123,3.4773028919233866,138.47972717285157,136.90716857910155
2023-08-07 04:00:00+00:00,CVX,140.67312598468487,140.99640104841507,138.98690704118837,139.69459533691406,13927400,0.5067596435546875,0.36408328431165593,2.0094940072266922,138.68242340087892,136.95295043945313
2023-08-08 04:00:00+00:00,CVX,137.99087315616958,139.60719484825924,136.48812232290584,139.48487854003906,6451300,-0.209716796875,-0.15012520446421318,3.1190725253534026,138.749259185791,137.0418914794922
2023-08-09 04:00:00+00:00,CVX,140.54208794819456,141.04883088019076,139.18786275614207,139.66839599609375,10531500,0.1835174560546875,0.1315679935886438,1.8609681240486964,138.75886993408204,137.14289031982423
2023-08-10 04:00:00+00:00,CVX,140.07900798156217,141.9574400201478,139.45868093732273,140.51585388183594,8647100,0.8474578857421875,0.6067642430474418,2.4987590828250745,138.90390090942384,137.27761352539062
2023-08-11 04:00:00+00:00,CVX,140.22754908236251,143.43399673574544,139.94796127698183,143.41651916503906,6682600,2.900665283203125,2.06429751737649,3.4860354587636095,139.36564712524415,137.5140347290039
2023-08-14 04:00:00+00:00,CVX,143.08455140827542,143.50391986135645,142.07106542613707,143.31170654296875,6060100,-0.1048126220703125,-0.07308267044865424,1.432854435219383,139.8282684326172,137.72144927978516
2023-08-15 04:00:00+00:00,CVX,142.76124165654278,142.76998710711007,139.0043774009597,139.12669372558594,7876500,-4.1850128173828125,-2.9202169999476113,3.7656097061503715,140.06809616088867,137.77352111816407
2023-08-16 04:00:00+00:00,CVX,140.2450117128248,141.38954583977954,138.45394085341275,138.59373474121094,7920500,-0.532958984375,-0.38307457045317905,2.9356049863667977,140.24021377563477,137.82803924560548
2023-08-17 04:00:00+00:00,CVX,140.41085356199335,143.02184167838217,140.22562249775842,140.9136505126953,8270500,2.319915771484375,1.673896569578881,2.7962191806237513,140.45362701416016,137.92406341552734
2023-08-18 04:00:00+00:00,CVX,139.70517111911963,142.29851328040567,139.5111105859893,141.9280242919922,5999200,1.014373779296875,0.7198548725451559,2.787402694416386,140.6177200317383,137.96978057861327
2023-08-21 04:00:00+00:00,CVX,142.19265700844372,142.9600831208942,140.64900220400426,141.4517059326172,6802300,-0.476318359375,-0.3356055731425278,2.3110809168899493,140.62126235961915,138.0162808227539
2023-08-22 04:00:00+00:00,CVX,141.56639264840334,142.2367750839622,140.22561431768278,140.287353515625,6080800,-1.1643524169921875,-0.8231448389507956,2.011160766279403,140.53426284790038,138.04613403320312
2023-08-23 04:00:00+00:00,CVX,139.49347643037817,140.61373260674569,138.22326682246575,140.47259521484375,4975600,0.18524169921875,0.13204447484149728,2.3904657842799395,140.50982131958008,138.10642669677733
2023-08-24 04:00:00+00:00,CVX,139.13181786733475,141.03713229229996,138.98186443475916,139.3170623779297,5989600,-1.1555328369140625,-0.8226037506794515,2.055267857540798,140.50099182128906,138.12299011230468
2023-08-25 04:00:00+00:00,CVX,140.31378599334627,141.05473690151933,139.06120881956963,140.35787963867188,5291800,1.0408172607421875,0.7470852765461888,1.9935280819497052,140.57871475219727,138.18518280029298
2023-08-28 04:00:00+00:00,CVX,140.71960021369026,142.72194520302355,140.44615488775577,141.31942749023438,4386100,0.9615478515625,0.685068664500954,2.275790315267784,140.49526596069336,138.2458123779297
2023-08-29 04:00:00+00:00,CVX,141.9368583039613,141.97213592037886,140.34028033392963,141.098876953125,5374800,-0.220550537109375,-0.1560652636557136,1.631855586449234,140.46019973754883,138.31985473632812
2023-08-30 04:00:00+00:00,CVX,141.6545518766183,142.2367333644136,141.07237038882303,141.2928924560547,5534900,0.1940155029296875,0.13750322264729498,1.1643629755905636,140.54710388183594,138.46033325195313
2023-08-31 04:00:00+00:00,CVX,142.02506347621852,142.22795352061323,141.0724062881987,142.10446166992188,7003700,0.8115692138671875,0.5743878547320502,1.1555472324145342,140.67720718383788,138.59607421875
2023-09-01 04:00:00+00:00,CVX,143.46286918192874,145.27115324944333,143.46286918192874,144.92713928222656,6663000,2.8226776123046875,1.9863398932970622,1.8082840675145917,140.96417236328125,138.8274105834961
2023-09-05 04:00:00+00:00,CVX,145.7915567597327,147.80271705679837,145.72098807883222,146.83242797851562,9755800,1.9052886962890625,1.3146528012112135,2.0817289779661508,141.32106399536133,139.1193942260742
2023-09-06 04:00:00+00:00,CVX,146.6736398132325,147.69686546013725,146.0561807020311,146.9823760986328,7195500,0.1499481201171875,0.10212193735510411,1.640684758106147,141.69593887329103,139.36789642333986
2023-09-07 04:00:00+00:00,CVX,147.43223983442712,148.10262210565995,146.6736433482113,146.99119567871094,7925900,0.008819580078125,0.006000433733777122,1.4289787574486468,142.06207885742188,139.62496154785157
2023-09-08 04:00:00+00:00,CVX,147.67921903955883,148.62305996498864,147.05294389466908,147.49398803710938,7434400,0.5027923583984375,0.3420561048414372,1.570116070319557,142.41098556518554,139.86779418945312
2023-09-11 04:00:00+00:00,CVX,148.2614343853037,148.71129466783822,143.66574744967747,144.4508056640625,7155100,-3.043182373046875,-2.0632585867033537,5.045547218160749,142.46269989013672,140.0266976928711
2023-09-12 04:00:00+00:00,CVX,145.80924070378666,147.47638753287032,145.63282568486414,147.1411895751953,7521100,2.6903839111328125,1.8624914542807236,1.8435618480061748,142.65417404174804,140.22001312255858
2023-09-13 04:00:00+00:00,CVX,147.6704212577834,147.97032808141472,146.05619788174317,146.60308837890625,5759500,-0.5381011962890625,-0.3657039866556633,1.914130199671547,143.02799377441406,140.4050128173828
2023-09-14 04:00:00+00:00,CVX,147.92625569286295,148.63192926556982,147.41464268914058,147.5116729736328,8822800,0.9085845947265625,0.6197581543290864,1.2172865764292453,143.47389068603516,140.6239108276367
2023-09-15 04:00:00+00:00,CVX,146.61192183869028,148.5172225917625,146.3208310456762,146.8677215576172,17439700,-0.643951416015625,-0.4365426837310227,2.1963915460863177,143.77159423828124,140.8898648071289
2023-09-18 04:00:00+00:00,CVX,148.0761902684926,148.50841847334672,146.7795191135325,147.50283813476562,7027600,0.6351165771484375,0.43244122698484766,1.7288993598142213,144.05033493041992,141.1451058959961
2023-09-19 04:00:00+00:00,CVX,148.79950033010178,149.03766797636246,146.80597185183314,147.4851837158203,6615100,-0.0176544189453125,-0.011968867289990914,2.2316961245293214,144.35200881958008,141.38199615478516
2023-09-20 04:00:00+00:00,CVX,147.37052201067755,148.64071805717174,146.95593936744908,147.0353240966797,5939100,-0.449859619140625,-0.3050202113911493,1.6847786897226626,144.6894073486328,141.5597393798828
2023-09-21 04:00:00+00:00,CVX,147.41462835321974,148.07619473962006,145.58871212574823,145.7122039794922,7150000,-1.3231201171875,-0.899865474719197,2.4874826138718333,144.95138778686524,141.68445983886718
2023-09-22 04:00:00+00:00,CVX,146.62953791153714,147.6792251676386,146.37373822053073,146.67364501953125,5963000,0.9614410400390625,0.6598219049479104,1.3054869471078803,145.3192169189453,141.86562805175782
2023-09-25 04:00:00+00:00,CVX,146.71776398993367,148.8788778603788,146.4178571666851,148.817138671875,5510000,2.14349365234375,1.461403411675155,2.4610206936936834,145.74217987060547,142.15833892822266
2023-09-26 04:00:00+00:00,CVX,147.69689768111988,148.55252458601606,147.2911310568961,148.0144500732422,5659200,-0.8026885986328125,-0.5393791372394596,1.261393529119971,146.07693099975586,142.43744232177735
2023-09-27 04:00:00+00:00,CVX,149.39930476611784,151.03998969297757,148.9053374263494,150.8723907470703,9124400,2.857940673828125,1.930852475831868,2.1346522666281658,146.56560668945312,142.76828735351563
2023-09-28 04:00:00+00:00,CVX,150.4401862517845,151.45458257473865,149.4522380456815,150.4754638671875,7151800,-0.3969268798828125,-0.2630878174047391,2.0023445290571544,147.02473526000978,143.0747689819336
2023-09-29 04:00:00+00:00,CVX,150.38724628580172,150.3960623237665,148.0320720276138,148.73773193359375,7396100,-1.73773193359375,-1.1548274309541307,2.363990296152707,147.35639877319335,143.31661590576172
2023-10-02 04:00:00+00:00,CVX,148.49076172945288,148.6936517574261,145.74746619864374,146.9029998779297,6839600,-1.8347320556640625,-1.2335350497903241,2.9461855587823607,147.4551918029785,143.48175262451173
2023-10-03 04:00:00+00:00,CVX,146.3561048440884,147.62631428608466,145.994445371931,147.24700927734375,6168600,0.3440093994140625,0.2341745231206449,1.6318689141536709,147.4759208679199,143.5990756225586
2023-10-04 04:00:00+00:00,CVX,145.2799590843624,145.5269427634981,142.44846281298447,143.81568908691406,9664700,-3.4313201904296875,-2.330315710498887,3.078479950513639,147.31758651733398,143.63484252929686
2023-10-05 04:00:00+00:00,CVX,142.3867194040865,145.32407562829627,142.36025782671902,144.5742950439453,8073000,0.75860595703125,0.52748483969145,2.9638178015772496,147.1967414855957,143.70709991455078
2023-10-06 04:00:00+00:00,CVX,144.93591085358773,144.98883399236797,140.24320860056778,143.10116577148438,10190400,-1.4731292724609375,-1.0189427325328904,4.745625391800189,146.97710037231445,143.77925018310546
2023-10-09 04:00:00+00:00,CVX,146.7618912313194,148.35846928774146,145.50049765760753,147.06179809570312,8183500,3.96063232421875,2.7677149259170974,2.8579716301339317,147.10764999389647,143.94441772460937
2023-10-10 04:00:00+00:00,CVX,147.10588990590293,147.66159645923517,146.14440329662423,146.9029998779297,6512900,-0.1587982177734375,-0.107980603956781,1.517193162610937,147.0957405090332,144.02270965576173
2023-10-11 04:00:00+00:00,CVX,145.6063540654718,145.61517010494896,141.5575576514869,142.10446166992188,12570700,-4.7985382080078125,-3.266467132730577,4.05761245346207,146.87080917358398,144.02879486083984
2023-10-12 04:00:00+00:00,CVX,144.00975467742214,144.00975467742214,141.92802540895113,142.2191162109375,7397000,0.114654541015625,0.08068328022095006,2.0817292684710083,146.6061813354492,144.08208099365234
2023-10-13 04:00:00+00:00,CVX,144.14205629826367,145.40343614135315,143.16293771994677,144.7154083251953,8042800,2.4962921142578125,1.7552437258542275,2.240498421406386,146.49856567382812,144.1863412475586
2023-10-16 04:00:00+00:00,CVX,145.8444920109646,146.25907463341667,144.5301889164512,145.8974151611328,5446000,1.1820068359375,0.8167802237626143,1.7288857169654648,146.41829452514648,144.32053283691405
2023-10-17 04:00:00+00:00,CVX,145.39464896130292,148.3672828970047,145.23586603242856,147.82920837402344,7538300,1.931793212890625,1.3240763798022748,3.1314168645761526,146.43549575805665,144.48322509765626
2023-10-18 04:00:00+00:00,CVX,148.6054128215371,149.69037763150476,147.82035479487777,149.00234985351562,6893500,1.1731414794921875,0.793578949921736,1.8700228366269869,146.53384704589843,144.6735745239258
2023-10-19 04:00:00+00:00,CVX,148.80833509452458,150.10500633457718,147.75864757071025,149.1611785888672,6580200,0.1588287353515625,0.10659478559076341,2.346358763866931,146.7062957763672,144.86343017578125
2023-10-20 04:00:00+00:00,CVX,148.5524993991434,149.1611425024834,146.51487750333536,147.15879821777344,7458300,-2.00238037109375,-1.3424272924343894,2.6462649991480305,146.7305534362793,144.9962890625
2023-10-23 04:00:00+00:00,CVX,144.04502835304874,145.04177902291565,141.35465622900114,141.73394775390625,16232400,-5.4248504638671875,-3.686392203230149,3.6871227939145115,146.37639389038085,144.96263763427734
2023-10-24 04:00:00+00:00,CVX,141.91921340065906,142.08681236349625,138.0203839783909,138.1791534423828,17689900,-3.5547943115234375,-2.5080754243123615,4.066428385105354,145.8846290588379,144.85998657226563
2023-10-25 04:00:00+00:00,CVX,138.43494510267712,138.84952769585962,136.87364498493872,137.49110412597656,10502400,-0.68804931640625,-0.4979400287708047,1.9758827109208994,145.2155647277832,144.82727478027343
2023-10-26 04:00:00+00:00,CVX,136.7325425253179,136.88249596502024,135.51526946785089,136.50320434570312,10830400,-0.9878997802734375,-0.7185190536896591,1.367226497169355,144.51695175170897,144.78546417236328
2023-10-27 04:00:00+00:00,CVX,132.94836665598578,133.41587243800873,126.98545383082435,127.3294677734375,24524300,-9.173736572265625,-6.720528368720602,6.430418607184379,143.44653854370117,144.5137805175781
2023-10-30 04:00:00+00:00,CVX,128.48499678691496,129.17302464722064,127.30300158686173,128.86428833007812,13857100,1.534820556640625,1.2053930511761735,1.8700230603589176,142.5446029663086,144.25250579833985
2023-10-31 04:00:00+00:00,CVX,128.87313482618467,129.24361037986048,127.22362018387288,128.5467529296875,14261300,-0.317535400390625,-0.24641070424202827,2.019990195987603,141.60959014892578,143.99440673828124
2023-11-01 04:00:00+00:00,CVX,128.767266785928,128.79372836237704,126.86196598359084,127.00308990478516,10819600,-1.5436630249023438,-1.2008572676640794,1.9317623787862033,140.76896018981932,143.72872146606446
2023-11-02 04:00:00+00:00,CVX,127.4970529922331,131.4311732271632,126.87077775785606,131.21946716308594,11099100,4.216377258300781,3.319901320087415,4.560395469307153,140.10121879577636,143.5436589050293
2023-11-03 04:00:00+00:00,CVX,130.8137213159644,131.04305947011838,128.91722305111574,130.205078125,13160000,-1.0143890380859375,-0.7730476735019809,2.1258364190026384,139.45641441345214,143.3614192199707
2023-11-06 05:00:00+00:00,CVX,131.19300132006612,131.72225973324305,129.39354694254544,129.6669921875,10634200,-0.5380859375,-0.41326033150829167,2.328712790697608,138.586674118042,143.14760147094728
2023-11-07 05:00:00+00:00,CVX,128.04395153406483,128.4408886102399,126.3503434720109,127.38238525390624,15054600,-2.284606933593764,-1.7619032377107935,2.090545138229004,137.61064338684082,142.8688606262207
2023-11-08 05:00:00+00:00,CVX,126.91488315078176,127.59408152707556,125.47707475338945,125.60938262939452,12654100,-1.7730026245117188,-1.3918742540247275,2.1170067736861142,136.78588943481446,142.5590707397461
2023-11-09 05:00:00+00:00,CVX,126.1827625718626,126.9413592199758,125.06250640857397,125.20364379882812,10359500,-0.40573883056639204,-0.32301634007987357,1.8788528114018277,135.93511581420898,142.23728576660156
2023-11-10 05:00:00+00:00,CVX,126.39445030501042,126.52677165060254,125.01839445230424,126.09454345703124,11988200,0.8908996582031108,0.7115604875163051,1.5083771982983052,135.0040725708008,141.91708740234375
2023-11-13 05:00:00+00:00,CVX,126.27094854425944,127.28535827574686,126.00633279305475,127.0207290649414,8747700,0.9261856079101705,0.73451680185177,1.2790254826921057,134.06023826599122,141.55895919799804
2023-11-14 05:00:00+00:00,CVX,127.44412546467896,128.34385938160932,126.89723497576075,127.9469223022461,11224400,0.9261932373046875,0.7291669982709248,1.446624405848567,133.06612396240234,141.18124908447265
2023-11-15 05:00:00+00:00,CVX,127.77936071332144,129.34947741310555,127.38242351791166,128.39682006835938,10052100,0.44989776611328125,0.35162843936995536,1.9670538951938852,132.03584747314454,140.8095379638672
2023-11-16 05:00:00+00:00,CVX,127.47872400837792,127.91546941453588,125.4464814797613,126.36455535888672,14031300,-2.0322647094726562,-1.5827998765005735,2.4689879347745745,130.8960163116455,140.39700515747072
2023-11-17 05:00:00+00:00,CVX,127.41631322994331,129.41290817675628,126.92607634560416,128.76223754882812,11075600,2.3976821899414062,1.897432538049748,2.4868318311521165,129.97618827819824,140.0223701477051
2023-11-20 05:00:00+00:00,CVX,128.91375166042565,129.8585643370202,128.59287060038514,128.69091796875,8062400,-0.071319580078125,-0.055388583979121275,1.2656937366350576,129.32403678894042,139.70717239379883
2023-11-21 05:00:00+00:00,CVX,128.2007056974742,128.61963420617013,127.19349286584038,128.38787841796875,6783300,-0.30303955078125,-0.23547858354295848,1.4261413403297496,128.83447303771973,139.3321061706543
2023-11-22 05:00:00+00:00,CVX,126.33780827555287,128.6998402203137,125.42864290783578,128.6463623046875,7216100,0.25848388671875,0.20133044482382179,3.2711973124779092,128.39223594665526,138.97297164916992
2023-11-24 05:00:00+00:00,CVX,128.6196261765942,130.08141483886308,128.53048724812902,129.1544189453125,3861000,0.508056640625,0.3949249955639722,1.5509275907340623,128.02479667663573,138.6058265686035
2023-11-27 05:00:00+00:00,CVX,128.931576817714,129.08311570636175,127.32718501548428,128.673095703125,9850800,-0.4813232421875,-0.3726726860126317,1.7559306908774772,128.09197807312012,138.24193405151368
2023-11-28 05:00:00+00:00,CVX,129.04749507679853,130.59842305169778,128.40573271481912,129.6981658935547,9746500,1.0250701904296875,0.7966468707605534,2.1926903368786554,128.13367195129393,137.88584060668944
2023-11-29 05:00:00+00:00,CVX,130.48250982200307,130.5716487484232,127.51436310132888,128.27200317382812,16417100,-1.4261627197265625,-1.0996013011448702,3.057285647094318,128.11993446350098,137.5015769958496
2023-11-30 05:00:00+00:00,CVX,129.22572993444936,130.14380379297236,126.59629470079538,127.99569702148438,16276000,-0.27630615234375,-0.215406437497756,3.5475090921769805,128.16956481933593,137.1207844543457
2023-12-01 05:00:00+00:00,CVX,127.89764850652408,130.5894700869656,127.10436099693725,129.07420349121094,11906500,1.0785064697265625,0.8426115055614192,3.4851090900283594,128.0623016357422,136.7880244445801
2023-12-04 05:00:00+00:00,CVX,128.3522285184639,129.86749516277968,127.68372732826356,129.127685546875,11842800,0.0534820556640625,0.04143512353163015,2.183767834516118,128.00843200683593,136.43710525512697
2023-12-05 05:00:00+00:00,CVX,129.02962076782572,129.3059459804395,127.1310868920582,127.33609008789062,9597600,-1.791595458984375,-1.3874603663782126,2.1748590883812966,127.89188690185547,136.00748428344727
2023-12-06 05:00:00+00:00,CVX,126.48043912009749,128.37898714331027,125.9902157194106,127.04198455810548,18079700,-0.29410552978514204,-0.23096792871694083,2.3887714238996693,127.87486686706544,135.58803497314454
2023-12-07 05:00:00+00:00,CVX,127.91546042129052,128.36112784975384,125.66930637433266,126.94390869140624,14786700,-0.09807586669924717,-0.07719957070915218,2.691821475421179,127.94159317016602,135.10946533203125
2023-12-08 05:00:00+00:00,CVX,127.91545420922348,128.94940585721142,127.56783417593148,128.62852478027344,10821700,1.6846160888672017,1.3270554737387252,1.3815716812799366,128.1128372192383,134.67252655029296
2023-12-11 05:00:00+00:00,CVX,129.10094523100148,129.60009060499644,128.19179341437837,128.66419982910156,9849600,0.035675048828125,0.0277349436208274,1.4082971906180717,128.2413200378418,134.27105590820312
2023-12-12 05:00:00+00:00,CVX,127.61243637654307,127.98679546223332,126.34674224853516,127.01524353027344,9863900,-1.648956298828125,-1.2815968241502662,1.6400532136981525,128.2410457611084,133.87330078125
2023-12-13 05:00:00+00:00,CVX,126.7210758171659,128.95832142663306,126.25757788029831,128.89593505859375,10641300,1.8806915283203125,1.4806817481494372,2.700743546334749,128.2884963989258,133.506279296875
2023-12-14 05:00:00+00:00,CVX,130.00119828316815,133.63783264160156,130.00119828316815,133.63783264160156,14960500,4.7418975830078125,3.6788573517483103,3.6366343584334118,128.5505470275879,133.30272216796874
2023-12-15 05:00:00+00:00,CVX,131.31144116503458,133.53977802759064,131.31144116503458,133.120849609375,30850900,-0.5169830322265625,-0.3868537988138687,2.2283368625560627,128.88836174011232,133.07365325927734
2023-12-18 05:00:00+00:00,CVX,134.44005189597203,135.58986799507548,133.09414102017,133.41500854492188,11561700,0.294158935546875,0.22097134777163685,2.495726974905466,129.121000289917,132.8799301147461
2023-12-19 05:00:00+00:00,CVX,133.66461196310613,135.33140417783773,133.24568339565587,135.16204833984375,8738100,1.747039794921875,1.3094777071753771,2.085720782181852,129.44455680847167,132.6419351196289
2023-12-20 05:00:00+00:00,CVX,135.61659601051204,136.4277140122409,133.75370938291218,133.92306518554688,9370000,-1.238983154296875,-0.9166649732783361,2.6740046293287207,129.7213161468506,132.38233642578126
2023-12-21 05:00:00+00:00,CVX,134.39547047492317,134.41330098049858,133.00499025523686,134.3330841064453,7264700,0.4100189208984375,0.30616004818166953,1.408310725261714,130.0056522369385,132.2269088745117
2023-12-22 05:00:00+00:00,CVX,135.2511621710746,135.83052441386548,134.3687357267694,134.63613891601562,6396100,0.3030548095703125,0.22559953237593078,1.4617886870960888,130.27973823547364,132.07524932861327
2023-12-26 05:00:00+00:00,CVX,135.54532277100836,136.38316626368876,135.39378384927656,135.84837341308594,5165600,1.2122344970703125,0.9003782393273152,0.989382414412205,130.63850212097168,131.8979086303711
2023-12-27 05:00:00+00:00,CVX,135.72356053129135,136.3474922020784,134.89461205384612,135.40267944335938,5337200,-0.4456939697265625,-0.32808193320894574,1.452880148232282,130.92372779846193,131.68801391601562
2023-12-28 05:00:00+00:00,CVX,134.75199579823396,135.5007274071116,133.16542085677943,133.49522399902344,8148000,-1.9074554443359375,-1.4087279898577276,2.3353065503321773,131.18488883972168,131.40133422851562
2023-12-29 05:00:00+00:00,CVX,133.72696452442923,133.90522877171435,132.51474860192414,132.95150756835938,7658600,-0.5437164306640625,-0.40729279623369363,1.3904801697902087,131.43267936706542,131.0803173828125
2024-01-02 05:00:00+00:00,CVX,133.69131431536604,135.019394490413,133.02281320152952,133.23672485351562,8879700,0.28521728515625,0.2145273042576168,1.9965812888834762,131.64080543518065,130.76182830810546
2024-01-03 05:00:00+00:00,CVX,133.15652691803595,136.54360242989964,132.523673122646,135.7770538330078,10255300,2.5403289794921875,1.9066282080147934,4.019929307253648,131.9732738494873,130.53419342041016
2024-01-04 05:00:00+00:00,CVX,136.96254888709393,137.577572255967,134.2261437185007,134.28854370117188,8220300,-1.4885101318359375,-1.0962899030543483,3.3514285374662904,132.32089653015137,130.38528533935548
2024-01-05 05:00:00+00:00,CVX,135.46507346073474,135.5096429255989,133.54870887779634,134.0567626953125,7455400,-0.231781005859375,-0.17259924001793436,1.9609340478025672,132.67163543701173,130.30283752441406
2024-01-08 05:00:00+00:00,CVX,132.2919039426521,133.43281135167055,130.65185124227423,133.25454711914062,10038200,-0.802215576171875,-0.5984148505772668,2.780960109396318,132.98716735839844,130.21810638427735
2024-01-09 05:00:00+00:00,CVX,133.6556660143719,133.6556660143719,129.76944529240183,129.86749267578125,11784700,-3.387054443359375,-2.541792769241158,3.886220721970062,133.04911575317382,130.0853921508789
2024-01-10 05:00:00+00:00,CVX,130.1527148208784,130.1527148208784,128.45026204271312,128.79788208007812,8490400,-1.069610595703125,-0.8236168833823942,1.7024527781652807,133.05579986572266,130.1147604370117
2024-01-11 05:00:00+00:00,CVX,129.74275209415447,130.28646712090327,128.90489481352228,129.49317932128906,8612500,0.6952972412109375,0.5398359274096265,1.381572307380992,133.17969665527343,130.12733825683594
2024-01-12 05:00:00+00:00,CVX,131.7660368357774,132.3632295728109,130.2864176720098,131.2668914794922,9386900,1.773712158203125,1.369734041205617,2.07681190080109,133.29824447631836,130.18174102783203
2024-01-16 05:00:00+00:00,CVX,130.58945423389994,130.6518541970757,127.97784984658465,128.07589721679688,9380400,-3.1909942626953125,-2.4309208717674613,2.674004350491046,133.02014770507813,130.20319717407227
2024-01-17 05:00:00+00:00,CVX,126.94390889545843,128.37005010910966,126.60519729706088,127.56784057617188,8167000,-0.508056640625,-0.39668403787560536,1.7648528120487725,132.74249725341798,130.130164642334
2024-01-18 05:00:00+00:00,CVX,127.46088727777278,127.63024308033631,124.44817104444073,126.40911865234376,11187800,-1.1587219238281108,-0.9083182082526675,3.1820720358955867,132.39220275878907,130.05424545288085
2024-01-19 05:00:00+00:00,CVX,126.3288882915538,126.79238623572316,125.68712609214724,126.78347778320312,11192500,0.3743591308593608,0.2961488339215057,1.1052601435759186,131.97327423095703,129.99657516479493
2024-01-22 05:00:00+00:00,CVX,126.4893108617011,127.15781188839514,125.6068846102172,127.00628662109376,9184600,0.2228088378906392,0.17573964824630917,1.5509272781779515,131.62743530273437,129.98905319213867
2024-01-23 05:00:00+00:00,CVX,126.56067018655762,127.75505590393216,126.4804396945538,126.64979553222656,6767200,-0.3564910888672017,-0.28068775046604655,1.2746162093783653,131.24327087402344,130.0098614501953
2024-01-24 05:00:00+00:00,CVX,127.19346178627806,129.22570385922248,126.76562492899724,129.17222595214844,8100000,2.522430419921875,1.9916577119779344,2.4600789302252366,130.97007522583007,130.08923309326173
2024-01-25 05:00:00+00:00,CVX,130.3309862694579,132.53258449469044,129.44855984859157,132.42562866210938,9773600,3.2534027099609375,2.5186549863793095,3.084024646098868,130.79893798828124,130.21585479736328
2024-01-26 05:00:00+00:00,CVX,131.94430302818571,133.04064113759657,131.00839867106814,132.93368530273438,9151900,0.508056640625,0.3836543165834927,2.03224246652843,130.67548828125,130.33411392211914
2024-01-29 05:00:00+00:00,CVX,132.88909643965565,133.00497431096863,131.12425741859403,132.88018798828125,10494800,-0.053497314453125,-0.04024361043726277,1.8807168923746076,130.64473648071288,130.43277923583983
2024-01-30 05:00:00+00:00,CVX,132.0780131324532,133.97656102548655,131.65909819711794,133.8072052001953,9902900,0.9270172119140625,0.6976338805268822,2.3174628283686047,130.6875213623047,130.54098693847655
2024-01-31 05:00:00+00:00,CVX,134.0300269509123,134.03894900451377,131.32928324380572,131.4095001220703,10428000,-2.397705078125,-1.7919102895376127,2.7096657607080488,130.5961601257324,130.64188583374025
2024-02-01 05:00:00+00:00,CVX,132.08690694585164,132.82671646617845,130.59837945339518,131.8195037841797,8641100,0.410003662109375,0.31200458241489315,2.228337012783271,130.398282623291,130.70303115844726
2024-02-02 05:00:00+00:00,CVX,134.46677666891475,136.71294431003076,133.29913018584716,135.6968231201172,12839100,3.8773193359375,2.941385170350519,3.4138141241836024,130.46869659423828,130.84314926147462
2024-02-05 05:00:00+00:00,CVX,135.14420003761785,136.8288225400009,134.4043904010264,135.7770538330078,8277800,0.080230712890625,0.05912497510689452,2.4244321389745096,130.55471115112306,130.99093276977538
2024-02-06 05:00:00+00:00,CVX,135.92858616583254,136.8555685724292,135.31356284575827,135.79489135742188,6198200,0.0178375244140625,0.013137362986248569,1.5420057266709364,130.6817283630371,131.13390335083008
2024-02-07 05:00:00+00:00,CVX,136.392072933224,137.06948257451933,134.7430978949778,135.59878540039062,6252000,-0.19610595703125,-0.14441335389788756,2.326384679541519,130.9682929992676,131.26279067993164
2024-02-08 05:00:00+00:00,CVX,135.4383289264681,137.53297128263458,135.17092574898228,137.3190460205078,9237000,1.7202606201171875,1.2686401393918523,2.3620455336522923,131.39435119628905,131.4357096862793
2024-02-09 05:00:00+00:00,CVX,137.63994433175793,138.4421539645697,134.57374986115414,134.62722778320312,9194500,-2.6918182373046875,-1.9602657572371118,3.868404103415571,131.65105361938475,131.53429092407225
2024-02-12 05:00:00+00:00,CVX,135.1441944354435,136.02662089085206,134.9391912147414,135.55421447753906,6713000,0.9269866943359375,0.6885581093808879,1.087429676110645,131.86541976928712,131.6799351501465
2024-02-13 05:00:00+00:00,CVX,136.0355486228265,136.4366602689346,133.34372661094454,134.2350616455078,6987100,-1.31915283203125,-0.973155159443484,3.092933657990045,132.17337799072266,131.80472244262694
2024-02-14 05:00:00+00:00,CVX,134.8411433585526,135.6611698391804,133.77154419254646,134.60047912597656,5995100,0.36541748046875,0.272222082658069,1.889625646633931,132.5250099182129,131.91524795532226
2024-02-15 05:00:00+00:00,CVX,135.07804188754642,139.7455307178013,134.86178232336198,139.17787170410156,8950300,4.577392578125,3.4007253227092082,4.883748394439323,133.16344757080077,132.1162516784668
2024-02-16 05:00:00+00:00,CVX,139.99783096996896,140.35826358801836,138.84447409040794,139.3310546875,7570200,0.1531829833984375,0.11006274310911834,1.5137894976104178,133.79082641601562,132.356150970459
2024-02-20 05:00:00+00:00,CVX,140.08794261298942,140.2140905920782,138.61020325119276,138.7633819580078,6977900,-0.5676727294921875,-0.4074272822849112,1.60388734088545,134.37868118286133,132.59057891845703
2024-02-21 05:00:00+00:00,CVX,139.27700965034418,140.17807067803892,138.85350986739965,140.06092834472656,6628900,1.29754638671875,0.9350783819260133,1.3245608106392694,135.04923782348632,132.85291931152344
2024-02-22 05:00:00+00:00,CVX,139.50229156578806,141.13321002081395,138.61023609217034,140.0519256591797,8874900,-0.009002685546875,-0.0064276923288142385,2.5229739286436086,135.59322280883788,133.08138732910157
2024-02-23 05:00:00+00:00,CVX,139.54730836638714,139.5923641648175,138.0875939911194,139.35809326171875,6561600,-0.6938323974609375,-0.4954108229467624,1.5047701736980912,135.93984603881836,133.2952651977539
2024-02-26 05:00:00+00:00,CVX,139.24996120895628,140.16004162046207,138.61021559698858,139.1688690185547,6900800,-0.1892242431640625,-0.13578274410563917,1.5498260234734857,136.25160522460936,133.53833770751953
2024-02-27 05:00:00+00:00,CVX,138.04256630231558,138.65529503771978,135.06906173870894,137.10546875,15093800,-2.0634002685546875,-1.4826593641998898,3.5862332990108428,136.4628692626953,133.70252838134766
2024-02-28 05:00:00+00:00,CVX,137.28564897038777,138.63724041585007,136.76303196158378,137.2676239013672,6715900,0.1621551513671875,0.11827037451208611,1.8742084542662951,136.6358901977539,133.77512420654296
2024-02-29 05:00:00+00:00,CVX,137.78122366868666,138.07857541158566,136.49269944945763,136.9702606201172,9334400,-0.29736328125,-0.21663031150278567,1.5858759621280285,136.91392822265624,133.8521124267578
2024-03-01 05:00:00+00:00,CVX,137.90739118521344,139.07877325529486,137.18653962292487,137.69113159179688,7459100,0.7208709716796875,0.5262974374262264,1.8922336323699938,137.2075096130371,133.9376348876953
2024-03-04 05:00:00+00:00,CVX,137.41179973352465,137.4928919221081,133.0596735412529,134.14996337890625,12503200,-3.541168212890625,-2.5718201106726846,4.433218380855209,137.13016662597656,133.91739318847655
2024-03-05 05:00:00+00:00,CVX,134.10491718235843,135.7178104057712,133.62735592770602,134.7897186279297,6985500,0.6397552490234375,0.47689558230921136,2.090454478065169,137.08079986572267,133.93472625732423
2024-03-06 05:00:00+00:00,CVX,135.90699452559147,137.33067215999276,133.4831389090708,133.6543426513672,14692100,-1.1353759765625,-0.842331290635423,3.8475332509219697,136.97377243041993,133.92115142822266
2024-03-07 05:00:00+00:00,CVX,133.807527434562,135.83491421387353,133.76247164520242,134.59144592285156,8739300,0.937103271484375,0.7011394114808445,2.072442568671107,136.92340545654298,133.92025756835938
2024-03-08 05:00:00+00:00,CVX,134.59146028008212,135.15012737936146,133.70842446064432,135.05101013183594,7528400,0.459564208984375,0.3414512756240162,1.4417029187171408,136.81000366210938,133.9043103027344
2024-03-11 04:00:00+00:00,CVX,135.6096665733739,137.03334445705926,134.7896978477978,136.9612579345703,7577100,1.910247802734375,1.4144639132055437,2.2436466092614467,136.92670516967775,133.9354818725586
2024-03-12 04:00:00+00:00,CVX,136.80806013498483,137.4748500631155,135.87094922252572,136.86212158203125,6432900,-0.0991363525390625,-0.07238277016002881,1.6039008405897732,136.99210052490236,134.00281982421876
2024-03-13 04:00:00+00:00,CVX,138.0785767809531,139.55631610180163,137.9974708509232,138.6642608642578,8065600,1.8021392822265625,1.3167553311282054,1.55884525087842,137.21356048583985,134.1170748901367
2024-03-14 04:00:00+00:00,CVX,138.55614031350106,140.32221200185117,137.64605999279053,140.29518127441406,9047200,1.63092041015625,1.176164932471524,2.676152009060644,137.49829559326173,134.25824401855468
2024-03-15 04:00:00+00:00,CVX,139.83565168620214,141.502606202061,139.14183090170033,140.1600341796875,20387200,-0.1351470947265625,-0.09633053216718812,2.3607753003606717,137.54740371704102,134.3459036254883
2024-03-18 04:00:00+00:00,CVX,140.59254317667626,141.16922165213705,139.61039001128356,140.0338897705078,7242700,-0.1261444091796875,-0.0900002699899205,1.558831640853498,137.5825454711914,134.460810546875
2024-03-19 04:00:00+00:00,CVX,139.93476746906663,141.32239527437386,139.67345209559454,141.12416076660156,7736700,1.09027099609375,0.7785765273538692,1.6489431787793194,137.7005844116211,134.6021585083008
2024-03-20 04:00:00+00:00,CVX,140.3492482148076,140.9529573996628,138.9706260652385,139.25897216796875,8449100,-1.8651885986328125,-1.3216649711154438,1.982331334424316,137.6604866027832,134.72224700927734
2024-03-21 04:00:00+00:00,CVX,139.6193917464337,140.28618180051225,139.13282488201355,139.53829956054688,7899100,0.279327392578125,0.2005812539253915,1.1533569184987016,137.63480529785156,134.91566314697266
2024-03-22 04:00:00+00:00,CVX,139.73653722015487,139.91674666477692,138.90756277561397,139.35809326171875,5974700,-0.180206298828125,-0.12914468600782048,1.009183889162955,137.63480529785156,135.12686737060548
2024-03-25 04:00:00+00:00,CVX,140.09695834547375,141.74590160082784,139.9077432377853,140.989013671875,6058700,1.63092041015625,1.1703090735414534,1.8381583630425382,137.72581253051757,135.35678405761718
2024-03-26 04:00:00+00:00,CVX,141.03405623003303,141.34041363692782,139.34906299391525,139.90773010253906,6677900,-1.0812835693359375,-0.7669275365330352,1.9913506430125665,137.86592559814454,135.52960083007812
2024-03-27 04:00:00+00:00,CVX,139.5473097412179,140.9619820810921,139.52929842094775,140.88088989257812,7416900,0.9731597900390625,0.6955725672382895,1.4326836601443347,138.04658889770508,135.78570068359375
2024-03-28 04:00:00+00:00,CVX,141.60171019509963,142.53882119922386,140.8988838165553,142.1333465576172,8331600,1.2524566650390625,0.889018138651787,1.6399373826685633,138.30474319458008,136.07701080322266
2024-04-01 04:00:00+00:00,CVX,142.61091738196637,143.80031066121202,141.41250469398867,143.3407745361328,6285700,1.207427978515625,0.8495036581905646,2.3878059672233576,138.58722534179688,136.41564392089845
2024-04-02 04:00:00+00:00,CVX,144.21480213751994,145.26904175775377,143.28671049537138,143.9715118408203,8815400,0.6307373046875,0.4400264382054875,1.982331262382388,139.07830276489258,136.75940460205078
2024-04-03 04:00:00+00:00,CVX,144.25986571680826,145.02575928611574,143.91745815105952,144.56622314453125,7819700,0.5947113037109375,0.41307568150599216,1.108301135056223,139.56712799072267,137.11060333251953
2024-04-04 04:00:00+00:00,CVX,144.89057536509344,145.92678975667113,144.0075396553692,144.7914581298828,9269700,0.2252349853515625,0.15580056008406284,1.919250101301941,140.12398376464844,137.47343658447267
2024-04-05 04:00:00+00:00,CVX,145.36815989712537,146.1250477702648,144.04359924458214,145.6114501953125,7432800,0.8199920654296875,0.5663262709144856,2.0814485256826742,140.67498397827148,137.80222106933593
2024-04-08 04:00:00+00:00,CVX,145.65651127665384,146.42241865850772,144.46711785615997,145.31411743164062,7253200,-0.297332763671875,-0.20419600469129273,1.9553008023477503,141.18813934326172,138.05999084472657
2024-04-09 04:00:00+00:00,CVX,145.83669391573108,146.44940865149343,144.5842199714202,145.9718475341797,6576200,0.6577301025390625,0.4526264303593708,1.8651886800732314,141.6386688232422,138.32075408935546
2024-04-10 04:00:00+00:00,CVX,146.16109646254927,146.66568837299036,145.07981236977733,146.57557678222656,7525800,0.603729248046875,0.4135929346962053,1.5858760032130306,142.12434158325195,138.59466186523437
2024-04-11 04:00:00+00:00,CVX,147.43157313325108,147.43157313325108,143.98952780645914,145.87274169921875,7682500,-0.7028350830078125,-0.47950354242988213,3.4420453267919413,142.484765625,138.83597259521486
2024-04-12 04:00:00+00:00,CVX,146.2331715393295,147.65684945140947,142.4036626062285,143.23265075683594,11071000,-2.6400909423828125,-1.8098589987610825,5.253186845180977,142.6316390991211,139.07243560791017
2024-04-15 04:00:00+00:00,CVX,144.1156983091406,144.61128460816715,141.7909592829703,141.99819946289062,7236900,-1.2344512939453125,-0.8618504841057639,2.8203253251968476,142.72354736328126,139.27600952148438
2024-04-16 04:00:00+00:00,CVX,141.7368807574209,142.19641686167998,140.0428818843828,140.8177947998047,5541900,-1.1804046630859375,-0.8312814300116655,2.15353497729717,142.7627426147461,139.37842895507814
2024-04-17 04:00:00+00:00,CVX,140.55649406120205,142.1063199016378,140.24111724808736,140.92591857910156,6733900,0.108123779296875,0.07678275281230995,1.8652026535504262,142.7528305053711,139.48140625
2024-04-18 04:00:00+00:00,CVX,141.59271547950118,142.40366482539125,140.91691977489322,141.9801788330078,4979200,1.05426025390625,0.748095357146461,1.4867450504980297,142.88889083862304,139.6051119995117
2024-04-19 04:00:00+00:00,CVX,143.0434126853943,144.84553442001342,142.50277066536947,144.16973876953125,7734700,2.1895599365234375,1.5421588805707431,2.342763754643954,143.12046279907227,139.77653106689453
2024-04-22 04:00:00+00:00,CVX,144.1246741152571,146.60259134801083,142.76407723894718,145.89976501464844,6779200,1.7300262451171875,1.1999926336017097,3.8385141090636523,143.44754638671876,139.94814544677735
2024-04-23 04:00:00+00:00,CVX,145.35015129502963,146.73779296875,144.71040566874694,146.73779296875,5597600,0.8380279541015625,0.574386088981993,2.0273873000030562,143.7349853515625,140.1903567504883
2024-04-24 04:00:00+00:00,CVX,145.86374054814206,147.62981218427186,145.4762772178363,147.38653564453125,7610300,0.64874267578125,0.44211014944146587,2.153534966435558,144.10892562866212,140.42700317382813
2024-04-25 04:00:00+00:00,CVX,147.50367495257288,149.21569900920727,146.57558327282172,148.92735290527344,9702600,1.5408172607421875,1.045426065552113,2.640115736385553,144.51124877929686,140.72084899902345
2024-04-26 04:00:00+00:00,CVX,148.88227106379736,150.45912745245985,147.1432303318674,149.4769744873047,9736400,0.54962158203125,0.3690534823249214,3.315897120592467,144.87843017578126,141.01837890625
2024-04-29 04:00:00+00:00,CVX,149.49499971970602,150.5762699233187,148.39570445045572,149.87344360351562,6364000,0.3964691162109375,0.2652375842973731,2.1805654728629804,145.2050636291504,141.2322903442383
2024-04-30 04:00:00+00:00,CVX,149.54910155994355,149.6842552159882,145.02577129994495,145.31411743164062,8457300,-4.559326171875,-3.0421174440593446,4.658483916043252,145.2721939086914,141.3519515991211
2024-05-01 04:00:00+00:00,CVX,144.8725793454226,145.4762885357993,143.17858034913635,143.83636474609375,7713700,-1.477752685546875,-1.0169367654467854,2.297708186662959,145.23570098876954,141.4534112548828
2024-05-02 04:00:00+00:00,CVX,144.53919753829743,145.77364670199657,144.07064197105043,144.82752990722656,8597100,0.9911651611328125,0.6890921936760996,1.7030047309461338,145.2375045776367,141.5487432861328
2024-05-03 04:00:00+00:00,CVX,144.76442723074425,144.76442723074425,141.5025778799267,144.39498901367188,11664500,-0.4325408935546875,-0.2986593045063768,3.261849350817556,145.1766815185547,141.63560455322266
2024-05-06 04:00:00+00:00,CVX,144.8275303920365,147.79202877563282,144.8275303920365,146.24220275878906,8430300,1.8472137451171875,1.2792782891809962,2.9644983835963217,145.22308578491212,141.77328674316405
2024-05-07 04:00:00+00:00,CVX,146.25119430421466,147.0080821698763,145.98989268955708,146.57557678222656,6869900,0.3333740234375,0.22796020379107773,1.0181894803192222,145.25327224731444,141.9214208984375
2024-05-08 04:00:00+00:00,CVX,145.92681241858511,146.94501565213605,145.5573741436916,146.45843505859375,6706400,-0.1171417236328125,-0.0799189921025234,1.3876415084444602,145.2474151611328,142.10848022460937
2024-05-09 04:00:00+00:00,CVX,146.89094927953943,149.13458208311135,146.6296339234709,149.0805206298828,6683300,2.6220855712890625,1.790327453819951,2.5049481596404632,145.407804107666,142.34473815917968
2024-05-10 04:00:00+00:00,CVX,149.61214591990498,149.95455346192193,148.69307370043552,149.41392517089844,5490900,0.333404541015625,0.22364058000801101,1.261479761486413,145.71686782836915,142.5936114501953
2024-05-13 04:00:00+00:00,CVX,150.00863793160448,150.39610132792896,146.854924294923,148.25157165527344,6848300,-1.162353515625,-0.7779418914907077,3.5411770330059653,146.02953643798827,142.80482025146483
2024-05-14 04:00:00+00:00,CVX,148.0803321958569,148.85524505278346,146.8909390602818,147.4225616455078,4924000,-0.829010009765625,-0.5591913802393322,1.9643059925016644,146.35977478027343,143.07027221679687
2024-05-15 04:00:00+00:00,CVX,146.9900857976996,147.59379501972973,144.32293917960405,146.91799926757812,7603100,-0.5045623779296875,-0.34225587474389085,3.2708558401256767,146.65937881469728,143.31283782958985
2024-05-16 04:00:00+00:00,CVX,147.01810251479603,147.44587870602737,146.06243200485503,146.6176300048828,6409400,-0.3003692626953125,-0.20444687798141237,1.3834467011723461,146.89125137329103,143.57210357666017
2024-05-17 04:00:00+00:00,CVX,147.21833404919977,148.3287300136505,146.70864683035717,148.05567932128906,5497900,1.43804931640625,0.9808160971899182,1.6200831832933318,147.0855484008789,143.84138824462892
2024-05-20 04:00:00+00:00,CVX,148.1012010972855,148.35604472565663,146.59944300953154,146.66314697265625,4913800,-1.3925323486328125,-0.9405463910715284,1.7566017161250898,147.12371749877929,144.07363098144532
2024-05-21 04:00:00+00:00,CVX,146.1534493268172,146.95439432358464,145.38891849604929,145.59825134277344,4783300,-1.0648956298828125,-0.726082626661051,1.5654758275353515,147.06674041748047,144.24637084960938
2024-05-22 04:00:00+00:00,CVX,145.18868814083967,145.18868814083967,142.458208873308,143.41387939453125,6260500,-2.1843719482421875,-1.5002734772546433,2.7304792675316776,146.86810760498048,144.37740600585937
2024-05-23 04:00:00+00:00,CVX,143.73245270972717,144.35136867623638,142.28530177194654,142.8404998779297,6718400,-0.5733795166015625,-0.3998075493266584,2.0660669042898405,146.5637649536133,144.46093078613282
2024-05-24 04:00:00+00:00,CVX,143.87806742279253,144.68810911501703,143.16814386726708,143.5777130126953,4477700,0.737213134765625,0.5161093215129142,1.5199652477499512,146.2688018798828,144.52658142089842
2024-05-28 04:00:00+00:00,CVX,143.91445523361654,145.09766568626742,143.75972974266045,144.75180053710938,6928300,1.1740875244140625,0.8177366109113571,1.3379359436069649,146.0127197265625,144.61841674804688
2024-05-29 04:00:00+00:00,CVX,143.8234349047909,144.2512110606149,142.38538096001102,142.80404663085938,5909600,-1.94775390625,-1.3455818159240573,1.8658301006038869,145.88721618652343,144.67381988525392
2024-05-30 04:00:00+00:00,CVX,142.75858573184198,144.22394372493957,142.72217155863203,144.04190063476562,6369600,1.23785400390625,0.866819976821831,1.5017721663075463,145.89749298095703,144.7321746826172
2024-05-31 04:00:00+00:00,CVX,144.3786484238798,147.97377672944194,144.26941980793708,147.71893310546875,10334200,3.677032470703125,2.55275198015239,3.7043569215048535,146.04206314086915,144.90137390136718
2024-06-03 04:00:00+00:00,CVX,146.9817249672639,147.1546436797097,142.40362185242077,143.31378173828125,9009900,-4.4051513671875,-2.9821169667142766,4.751021827288923,145.9880027770996,144.97688354492186
2024-06-04 04:00:00+00:00,CVX,141.73008736868437,142.30349249573135,140.2647295124039,142.10325622558594,6360500,-1.2105255126953125,-0.8446679014485592,2.0387629833274445,145.78105545043945,145.0317868041992
2024-06-05 04:00:00+00:00,CVX,142.1305293852374,142.91326721281436,140.64696476266,141.05653381347656,7058500,-1.046722412109375,-0.7365928409463929,2.2663024501543703,145.50510330200194,145.03313720703125
2024-06-06 04:00:00+00:00,CVX,140.61968183275357,142.00312854587904,139.60940395144743,141.92120361328125,5215100,0.8646697998046875,0.6129952129321881,2.3937245944316032,145.27824172973632,145.07340667724608
2024-06-07 04:00:00+00:00,CVX,141.72101503065187,143.5231278825178,141.19312058153176,142.05776977539062,5887700,0.136566162109375,0.09622675021943028,2.33000730098604,144.9271041870117,145.09694427490234
2024-06-10 04:00:00+00:00,CVX,142.3580928751492,143.9872727518,142.27618182900196,142.658447265625,7074700,0.600677490234375,0.4228402932019204,1.7110909227980358,144.58933029174804,145.1074462890625
2024-06-11 04:00:00+00:00,CVX,142.13966563647392,142.66756002913104,140.60149322971984,142.43092346191406,5132000,-0.2275238037109375,-0.15948849021698575,2.066066799411203,144.29829788208008,145.0892492675781
2024-06-12 04:00:00+00:00,CVX,143.34107949761236,143.46850132084725,138.70835531528255,140.36485290527344,10017400,-2.066070556640625,-1.4505772387223836,4.760146005564707,143.94541244506837,145.0171160888672
2024-06-13 04:00:00+00:00,CVX,139.9552661992323,140.24651009241387,138.55361243149397,139.1088104248047,6163000,-1.25604248046875,-0.8948411617802909,1.692897660919897,143.5549530029297,144.90796783447266
2024-06-14 04:00:00+00:00,CVX,139.3727701352785,139.5183851437632,138.31698146813272,138.8630828857422,6159100,-0.2457275390625,-0.17664412362675685,1.2014036756304733,143.16722564697267,144.78940032958985
2024-06-17 04:00:00+00:00,CVX,138.79937093230114,140.10089279352235,138.28057317473807,139.42738342285156,6321400,0.564300537109375,0.40637189192587186,1.820319618784282,142.73581085205078,144.66571899414063
2024-06-18 04:00:00+00:00,CVX,139.755045845626,141.93942390076245,139.10882625021665,139.5548095703125,6942900,0.1274261474609375,0.0913924828342294,2.8305976505457977,142.3803939819336,144.55053283691407
2024-06-20 04:00:00+00:00,CVX,139.90066707713322,143.2682555140137,139.48198746410205,142.5674285888672,8336000,3.0126190185546875,2.158735358409003,3.786268049911655,142.22885284423828,144.48244445800782
2024-06-21 04:00:00+00:00,CVX,142.7130672216017,143.50490184676215,141.27501299241186,141.32962036132812,21289800,-1.2378082275390625,-0.8682265225591124,2.2298888543502926,142.12463989257813,144.37752532958984
2024-06-24 04:00:00+00:00,CVX,142.23066388609325,145.2068761827531,142.1578494416579,144.99754333496094,7971600,3.6679229736328125,2.595296700192984,3.04902674109519,142.23249206542968,144.36002136230468
2024-06-25 04:00:00+00:00,CVX,144.82460229828877,145.04304561882364,143.50487355390155,144.22390747070312,5985400,-0.7736358642578125,-0.5335510150476286,1.5381720649220938,142.2648017883301,144.37984649658202
2024-06-26 04:00:00+00:00,CVX,144.2239326673358,144.2239326673358,141.7937937016232,141.93942260742188,8637800,-2.28448486328125,-1.5839848630819442,2.4301389657125867,142.1241828918457,144.37867095947266
2024-06-27 04:00:00+00:00,CVX,142.62203535610834,142.84047870389608,141.65726820726735,142.27618408203125,5568700,0.336761474609375,0.23725718227050052,1.1832104966287318,142.0977897644043,144.40783874511717
2024-06-28 04:00:00+00:00,CVX,143.36836878770984,144.3331359079016,142.13964756078738,142.3671875,11283400,0.09100341796875,0.06396250964693095,2.1934883471142257,142.01405410766603,144.43666412353517
2024-07-01 04:00:00+00:00,CVX,143.04072317513567,144.44236321204284,141.9667273468063,142.45822143554688,5584100,0.091033935546875,0.06394305959500635,2.4756358652365407,141.75101852416992,144.44622497558595
2024-07-02 04:00:00+00:00,CVX,143.5139987586182,143.55041292993326,141.48434617782556,142.6675567626953,7216800,0.2093353271484375,0.14694506574557398,2.0660667521077016,141.7187072753906,144.4161813354492
2024-07-03 04:00:00+00:00,CVX,142.84048215872508,143.5686127810258,142.49461698834654,142.6311492919922,3264200,-0.036407470703125,-0.02551909595233104,1.0739957926792556,141.74510192871094,144.35080902099608
2024-07-05 04:00:00+00:00,CVX,142.4855251174596,142.4855251174596,139.8733569440845,140.44676208496094,6183100,-2.18438720703125,-1.53149379912757,2.612168173375096,141.71461334228516,144.2249884033203
2024-07-08 04:00:00+00:00,CVX,139.54567908958322,141.32958416095647,139.54567908958322,140.46493530273438,4990700,0.0181732177734375,0.01293957760482023,1.7839050713732547,141.6417999267578,144.08655639648438
2024-07-09 04:00:00+00:00,CVX,139.25444365613683,140.85631983840673,138.6628453657132,139.23623657226562,5301600,-1.22869873046875,-0.874736978179369,2.193474472693538,141.50072326660157,143.89273406982423
2024-07-10 04:00:00+00:00,CVX,138.79936015973877,141.47523201374045,138.61733098957538,141.19308471679688,5416600,1.95684814453125,1.4054158548846063,2.8579010241650735,141.42745513916014,143.72705627441405
2024-07-11 04:00:00+00:00,CVX,141.07474959260918,142.60381118004955,140.36482615730694,141.31138610839844,8322500,0.1183013916015625,0.0837869587160478,2.238985022742611,141.37147827148436,143.55581512451172
2024-07-12 04:00:00+00:00,CVX,142.13055310653235,142.38539673125925,140.6742919184335,141.61175537109375,6446300,0.3003692626953125,0.21255842927256907,1.711104812825738,141.4338233947754,143.4817678833008
2024-07-15 04:00:00+00:00,CVX,142.84957346852073,145.18869074927284,142.32167913409495,143.84164428710938,5661200,2.229888916015625,1.574649583413601,2.867011615177887,141.67046508789062,143.4818734741211
2024-07-16 04:00:00+00:00,CVX,142.90418640592227,144.087396933508,142.12144841579047,143.59591674804688,6924200,-0.2457275390625,-0.17083198699537894,1.9659485177175213,141.90710678100587,143.4572412109375
2024-07-17 04:00:00+00:00,CVX,144.260323863382,146.97259609534592,144.06918420056834,146.74505615234375,7296600,3.149139404296875,2.1930563734777753,2.9034118947775767,142.27299041748046,143.50424255371092
2024-07-18 04:00:00+00:00,CVX,146.74504068283125,149.5210304724068,145.84399149180808,147.41856384277344,6577700,0.6735076904296875,0.45896448445288396,3.6770389805987236,142.66617813110352,143.52776977539062
2024-07-19 04:00:00+00:00,CVX,147.8827469772893,148.08298322612876,144.17840414962944,144.85191345214844,6427700,-2.566650390625,-1.7410632173587182,3.904579076499317,142.78040237426757,143.49329650878906
2024-07-22 04:00:00+00:00,CVX,144.0054943273911,144.69721082213658,142.75857976188365,142.88600158691406,5577300,-1.965911865234375,-1.3571873635509935,1.9386310602529306,142.85822143554688,143.42184783935548
2024-07-23 04:00:00+00:00,CVX,142.30347556074514,142.53101548720113,140.01896581084873,140.2465057373047,6238700,-2.639495849609375,-1.8472739248734826,2.5120496763524045,142.62066955566405,143.24516754150392
2024-07-24 04:00:00+00:00,CVX,140.79262359669312,141.71188000752383,139.6367167463683,141.13848876953125,5971700,0.8919830322265625,0.6360108778020734,2.0751632611555237,142.46639862060547,143.07965881347656
2024-07-25 04:00:00+00:00,CVX,141.41152109873929,144.04188231717382,140.72890126120848,143.38656616210938,5432100,2.248077392578125,1.5928166811032485,3.312981055965338,142.53875579833985,142.98235870361327
2024-07-26 04:00:00+00:00,CVX,143.5594735606782,144.75178044568153,142.94966827933806,143.6595916748047,5232500,0.2730255126953125,0.1904121982994056,1.802112166343477,142.60792617797853,142.90709930419922
2024-07-29 04:00:00+00:00,CVX,144.03279455649056,144.03279455649056,140.94735325705383,142.53103637695312,5072000,-1.1285552978515625,-0.7855760166757375,3.0854412994367237,142.61611862182616,142.81936004638672
2024-07-30 04:00:00+00:00,CVX,142.40360959639335,145.70748025392015,142.38540251162058,145.2342071533203,5740900,2.7031707763671875,1.8965488816190756,3.3220777422995695,142.75491790771486,142.79169158935548
2024-07-31 04:00:00+00:00,CVX,147.16375617226785,147.16375617226785,145.6710944946335,146.05335998535156,6209200,0.81915283203125,0.5640219670607571,1.492661677634345,142.92420806884766,142.75164520263672
2024-08-01 04:00:00+00:00,CVX,144.45146834603773,145.17048847922396,138.37159364442854,138.90858459472656,16689900,-7.144775390625,-4.891893888193732,6.798894834795419,142.7380798339844,142.59655395507812
2024-08-02 04:00:00+00:00,CVX,137.55246832816383,138.38070327147489,133.81171063267848,135.20425415039062,13278600,-3.7043304443359375,-2.6667397520056313,4.568992638796402,142.47595443725587,142.38867401123048
2024-08-05 04:00:00+00:00,CVX,132.4464494811146,132.67398941650578,130.5260118708957,131.66371154785156,13037200,-3.5405426025390625,-2.6186621307054736,2.1479775456100754,142.03589324951173,142.1536706542969
2024-08-06 04:00:00+00:00,CVX,131.5089928389675,132.05508037930136,130.26206448493585,130.3621826171875,9692700,-1.3015289306640625,-0.9885251717144827,1.7930158943655101,141.59219055175782,141.90410430908204
2024-08-07 04:00:00+00:00,CVX,131.5909050777022,132.63758328876656,129.4975347676371,129.61585998535156,8867900,-0.7463226318359375,-0.5724993375015308,3.140048521129472,141.01332931518556,141.62486724853517
2024-08-08 04:00:00+00:00,CVX,130.2165471380089,131.80932651751303,129.88888911013643,131.50897216796875,7531100,1.8931121826171875,1.4605559711837302,1.9204374073765962,140.52320861816406,141.36001068115235
2024-08-09 04:00:00+00:00,CVX,131.25415724310406,132.98345539191357,130.32579031339534,131.96408081054688,7653100,0.455108642578125,0.34606661057074994,2.657665078518221,140.04082489013672,141.1432113647461
2024-08-12 04:00:00+00:00,CVX,132.7377026024083,133.55685475951165,127.1402253579161,131.9913787841797,8442200,0.0272979736328125,0.020685912003592932,6.416629401595557,139.44831161499025,140.90220092773438
2024-08-13 04:00:00+00:00,CVX,131.1358199642705,131.56359616275628,130.1983565219555,131.19952392578125,7794800,-0.7918548583984375,-0.5999292269635359,1.3652396408007803,138.82849197387696,140.57181274414063
2024-08-14 04:00:00+00:00,CVX,131.41796217409615,132.19160349573727,130.54420272715956,131.6728057861328,5874200,0.4732818603515625,0.36073443423414453,1.647400768577711,138.07487945556642,140.33899322509765
2024-08-15 04:00:00+00:00,CVX,132.51015081912067,134.2667663073062,132.41003269401233,133.6114501953125,6304200,1.9386444091796875,1.4723195101716824,1.8567336132938692,137.38452377319337,140.1691571044922
2024-08-16 04:00:00+00:00,CVX,132.92884947240245,134.3577932216498,132.5556805991067,134.03924560546875,6874400,0.42779541015625,0.3201787043931592,1.8021126225431203,136.84389038085936,140.02881134033203
2024-08-19 04:00:00+00:00,CVX,134.37975450440837,135.9627512202568,134.26931744533,135.1344451904297,5967400,1.0951995849609375,0.8170738204425154,1.6934337749268025,136.45631256103516,139.893076171875
2024-08-20 04:00:00+00:00,CVX,134.67425359642834,134.8399091623433,133.0452369814256,133.16488647460938,7497600,-1.9695587158203125,-1.4574808910080894,1.7946721809177006,136.10223159790038,139.71521850585938
2024-08-21 04:00:00+00:00,CVX,133.8459297919905,134.95955477877823,133.03603475405768,133.7447052001953,5985000,0.5798187255859375,0.43541412525176515,1.9235200247205455,135.7325424194336,139.5369436645508
2024-08-22 04:00:00+00:00,CVX,133.77233302827153,134.67426842094895,133.5698557298422,134.12205505371094,4027000,0.377349853515625,0.28214190083322155,1.1044126911067451,135.26931686401366,139.3707662963867
2024-08-23 04:00:00+00:00,CVX,134.85832202527823,136.2940597913882,134.66505719550003,135.8614959716797,4824100,1.73944091796875,1.29690893661909,1.6290025958881813,134.87941207885743,139.28069915771485
2024-08-26 04:00:00+00:00,CVX,137.10396578740202,138.13474897173882,135.79707595201285,136.67140197753906,5780300,0.809906005859375,0.5961262240393728,2.337673019725969,134.58643035888673,139.23195098876954
2024-08-27 04:00:00+00:00,CVX,136.8278542176215,137.63776328669564,135.05159296965414,135.24485778808594,5100000,-1.426544189453125,-1.0437766561343764,2.586170317041507,134.086962890625,139.1595864868164
2024-08-28 04:00:00+00:00,CVX,134.7755143109977,135.41975391180773,133.8919756846225,134.3705596923828,5614400,-0.874298095703125,-0.646455702643467,1.5277782271852232,133.50282287597656,139.05845001220703
2024-08-29 04:00:00+00:00,CVX,134.79391990947772,136.37690256254157,133.85516278871617,135.6774444580078,4466700,1.306884765625,0.9725975456356561,2.521739773825402,133.3412658691406,138.98090270996093
2024-08-30 04:00:00+00:00,CVX,134.57302711931052,136.28487167196488,134.09444314669506,136.16522216796875,6414800,0.4877777099609375,0.3595127487177274,2.190428525269823,133.38931427001953,138.85285858154296
2024-09-03 04:00:00+00:00,CVX,133.95640622590008,134.15888353454173,132.7875624975361,133.13729858398438,7944700,-3.027923583984375,-2.2237128804073247,1.3713210370056288,133.46299362182617,138.6890121459961
2024-09-04 04:00:00+00:00,CVX,133.1188992159403,133.93800692855646,130.38546935671496,130.7536163330078,9820700,-2.3836822509765625,-1.7903940340752156,3.5525375718414978,133.4825653076172,138.40413360595704
2024-09-05 04:00:00+00:00,CVX,131.76595665298342,131.76595665298342,129.40067434926837,129.70437622070312,9371100,-1.0492401123046875,-0.8024559027357547,2.3652823037150483,133.48699111938475,138.11374298095703
2024-09-06 04:00:00+00:00,CVX,129.8332484797508,130.7904023730332,126.88812933008732,127.5231704711914,7836400,-2.1812057495117188,-1.681674753826512,3.902273042945879,133.2877010345459,137.82541793823242
2024-09-09 04:00:00+00:00,CVX,127.59679471415298,130.70756931790174,127.5047544781704,129.12457275390625,9892300,1.6014022827148438,1.2557735796543845,3.202814839731346,133.14572563171387,137.56238571166992
2024-09-10 04:00:00+00:00,CVX,129.67676680812266,129.84243641753395,126.17025022652324,127.21944427490234,8202500,-1.9051284790039062,-1.4754189991666555,3.6721861910107094,132.90712890625,137.25943084716798
2024-09-11 04:00:00+00:00,CVX,127.20105479915117,127.44953816254716,124.58726091165524,126.8973388671875,9534000,-0.32210540771484375,-0.2531888183844089,2.862277250891921,132.6920196533203,136.94821319580078
2024-09-12 04:00:00+00:00,CVX,127.21944955091288,128.3606838788903,126.47397138606512,128.12139892578125,6591500,1.22406005859375,0.9646065626914835,1.8867124928251968,132.51444931030272,136.6572900390625
2024-09-13 04:00:00+00:00,CVX,128.72882033845818,130.25659842268436,128.5815756173155,129.40988159179688,5900700,1.288482666015625,1.0056732730197693,1.6750228053688545,132.30437088012695,136.39286468505858
2024-09-16 04:00:00+00:00,CVX,130.4038702689882,131.76597886894018,129.8332600534752,130.77200317382812,6864300,1.36212158203125,1.0525638114157632,1.9327188154649946,132.14100875854493,136.19936950683595
2024-09-17 04:00:00+00:00,CVX,130.50511921106877,132.65872636521257,130.4499006753273,131.98687744140625,7338800,1.214874267578125,0.9290018032095615,2.208825689885259,131.98363037109374,136.02980834960937
2024-09-18 04:00:00+00:00,CVX,131.9040361908302,134.00242459531225,131.78438668000723,132.49305725097656,6180300,0.5061798095703125,0.38350767847736833,2.2180379153050183,131.9500389099121,135.8949447631836
2024-09-19 04:00:00+00:00,CVX,134.1956861534244,135.08842315062245,133.38577694935947,133.44100952148438,7247400,0.9479522705078125,0.7154731652935897,1.7026462012629793,131.93485412597656,135.73990325927736
2024-09-20 04:00:00+00:00,CVX,133.66188154334893,134.28772429397182,132.0144679400095,134.07603454589844,23162900,0.6350250244140625,0.47588445762756226,2.2732563539623243,131.93255310058595,135.59519622802733
2024-09-23 04:00:00+00:00,CVX,134.60067727039137,136.59782751460023,134.32457050834154,135.7879180908203,6960600,1.711883544921875,1.2768005488227985,2.2732570062586888,131.92887420654296,135.47871948242187
2024-09-24 04:00:00+00:00,CVX,137.021150007261,137.22362729954398,135.2080668266894,135.70504760742188,6014200,-0.0828704833984375,-0.06102934971210505,2.015560472854588,131.88055648803712,135.31598754882813
2024-09-25 04:00:00+00:00,CVX,135.24487077559326,135.66823620509228,132.06967920614022,132.5022430419922,7888400,-3.2028045654296875,-2.3601219128525086,3.5985569989520627,131.74342575073243,135.09411407470702
2024-09-26 04:00:00+00:00,CVX,129.6767741259795,131.8119840534857,129.42829076289192,130.67996215820312,8046200,-1.8222808837890625,-1.3752830457455345,2.383693290593783,131.55889587402345,134.7728121948242
2024-09-27 04:00:00+00:00,CVX,131.5910909575105,134.15886462639958,131.46224305593182,133.9011688232422,8049200,3.2212066650390625,2.4649583699293043,2.696621570467755,131.47008209228517,134.5024642944336
2024-09-30 04:00:00+00:00,CVX,133.79073186622875,135.73266304445818,132.78755780915915,135.53939819335938,7491700,1.6382293701171875,1.2234615907496416,2.9451052352990246,131.43879089355468,134.31621398925782
2024-10-01 04:00:00+00:00,CVX,134.6926666493041,138.5305084660013,133.86434667611036,137.77581787109375,9489100,2.236419677734375,1.6500144663058824,4.6661617898909356,131.67071685791015,134.21401031494142
2024-10-02 04:00:00+00:00,CVX,139.59810305757006,140.15031638772746,137.37086696777362,138.92625427246094,8105400,1.1504364013671875,0.8350060403514048,2.779449419953835,132.0793487548828,134.18760528564454
2024-10-03 04:00:00+00:00,CVX,139.2575805853344,140.04907887514895,138.07034017229682,139.20236206054688,6553300,0.2761077880859375,0.19874413913474331,1.9787387028521266,132.554248046875,134.14888275146484
2024-10-04 04:00:00+00:00,CVX,140.3344106649513,140.35282152450824,138.18080352803346,138.73301696777344,7892400,-0.4693450927734375,-0.33716747749531484,2.1720179964747786,133.1147403717041,134.05581176757812
2024-10-07 04:00:00+00:00,CVX,139.43246925422565,140.58290216886448,138.68699097247898,139.08273315429688,5895900,0.3497161865234375,0.2520785564727346,1.895911196385498,133.61264839172364,133.96427459716796
2024-10-08 04:00:00+00:00,CVX,137.31567282486048,137.68381979145548,135.96276256478697,136.90151977539062,5892700,-2.18121337890625,-1.5682848110889713,1.7210572266685062,134.09675216674805,133.85168426513673
2024-10-09 04:00:00+00:00,CVX,135.7602721812501,138.3924630548107,135.62222585916646,137.7298126220703,4973500,0.8282928466796875,0.6050282334620016,2.7702371956442278,134.63837585449218,133.70159637451172
2024-10-10 04:00:00+00:00,CVX,138.6777618612906,139.47847262317748,137.91388685590496,138.62254333496094,4420900,0.892730712890625,0.6481753629769882,1.5645857672725185,135.16343307495117,133.5529800415039
2024-10-11 04:00:00+00:00,CVX,138.4016566210941,140.19632878015616,138.28200712936746,139.3588104248047,5051300,0.73626708984375,0.5311308479347909,1.9143216507887075,135.66087951660157,133.56198455810548
2024-10-14 04:00:00+00:00,CVX,138.53050865846703,139.80057681640656,138.21758028947394,139.6901397705078,4214700,0.331329345703125,0.2377527080585251,1.582996526932618,136.10678634643554,133.65170227050783
2024-10-15 04:00:00+00:00,CVX,136.9475459349217,138.0151511200247,135.8063113532559,135.9627685546875,6704600,-3.7273712158203125,-2.6683137563924597,2.2088397667688184,136.30558090209962,133.73768341064454
2024-10-16 04:00:00+00:00,CVX,136.53336514974092,137.1591938284186,136.40451724275616,136.88308715820312,4303700,0.920318603515625,0.6768901614014,0.7546765856624518,136.52508239746095,133.86810150146485
2024-10-17 04:00:00+00:00,CVX,137.37088275464254,139.27600632359378,137.10398850852786,139.15635681152344,6593100,2.2732696533203125,1.660738152912189,2.1720178150659137,136.81084976196288,134.0589114379883
2024-10-18 04:00:00+00:00,CVX,138.80661847381845,139.04590342649772,137.48131771941684,138.7421875,5208200,-0.4141693115234375,-0.2976287400829225,1.5645857070808802,137.04415740966797,134.2035757446289
2024-10-21 04:00:00+00:00,CVX,139.89263023165688,140.33439250024503,138.5029124474685,138.86184692382812,5074000,0.119659423828125,0.0862458823694956,1.8314800527765271,137.19785385131837,134.34153106689453
2024-10-22 04:00:00+00:00,CVX,139.20238235581672,139.59812453673774,138.25442675977237,138.89866638183594,4416400,0.0368194580078125,0.026515172326635472,1.3436977769653708,137.35753479003907,134.47967681884765
2024-10-23 04:00:00+00:00,CVX,138.38327631193076,138.9722974080845,137.3984989868304,138.49371337890625,5248600,-0.4049530029296875,-0.2915456378943637,1.5737984212541107,137.65710830688477,134.62556060791016
2024-10-24 04:00:00+00:00,CVX,139.09193774344467,139.38644125039323,137.48133175398698,138.46609497070312,5474300,-0.027618408203125,-0.01994199413771769,1.9051094964062543,138.04641494750976,134.76142639160156
2024-10-25 04:00:00+00:00,CVX,139.33124217716167,140.0030911230108,138.47532675834486,138.7974395751953,6839900,0.3313446044921875,0.2392965617773024,1.5277643646659271,138.2912284851074,134.86514617919923
2024-10-28 04:00:00+00:00,CVX,136.44133292329687,138.6961784496117,136.3585051303794,138.54891967773438,8892000,-0.2485198974609375,-0.17905222043113067,2.3376733192322945,138.44170455932618,134.95533966064454
2024-10-29 04:00:00+00:00,CVX,138.08875084094117,138.43848692417976,136.09160108164107,136.68983459472656,6014700,-1.8590850830078125,-1.3418257517503918,2.3468858425386827,138.3874053955078,134.98644744873047
2024-10-30 04:00:00+00:00,CVX,137.20521868414426,137.72980873663255,135.89832871293257,136.25726318359375,5784000,-0.4325714111328125,-0.31646201959008025,1.8314800236999815,138.25395584106445,135.04829498291016
2024-10-31 04:00:00+00:00,CVX,136.91069455603778,137.65618676847583,136.1099978623509,136.96592712402344,8400900,0.7086639404296875,0.5200925982747906,1.5461889061249394,138.1421340942383,135.1127194213867
2024-11-01 04:00:00+00:00,CVX,140.3343959141023,143.509587750428,139.61652694391978,140.87741088867188,11728000,3.9114837646484375,2.855807898198326,3.893060806508231,138.2493537902832,135.24782653808595
2024-11-04 05:00:00+00:00,CVX,142.1198261046413,142.1198261046413,140.46320051380454,141.70567321777344,6130000,0.8282623291015625,0.5879312544692539,1.656625590836768,138.38050079345703,135.36471008300782
2024-11-05 05:00:00+00:00,CVX,142.22110619153864,142.3499541059839,140.39882453199297,141.19032287597656,5978900,-0.515350341796875,-0.36367657701670275,1.9511295739909258,138.59494094848634,135.45508850097656
2024-11-06 05:00:00+00:00,CVX,144.58640275335475,145.97612054736217,143.68445330926252,145.15701293945312,12118900,3.9666900634765625,2.8094631293965833,2.291667238099649,138.96630096435547,135.6533316040039
2024-11-07 05:00:00+00:00,CVX,145.35948774437392,145.4239046787779,143.94214666705662,144.28268432617188,8143200,-0.87432861328125,-0.6023330155229489,1.4817580117212685,139.24930801391602,135.85157409667968
2024-11-08 05:00:00+00:00,CVX,144.12624496011486,145.02818045680826,143.27031554652257,144.42994689941406,6041500,0.1472625732421875,0.1020653129167437,1.75786491028569,139.50286483764648,136.0266241455078
2024-11-11 05:00:00+00:00,CVX,144.62321601244963,145.35949585599283,143.48198155278916,144.03419494628906,7771700,-0.395751953125,-0.27400962308780086,1.877514303203668,139.72006759643554,136.1840036010742
2024-11-12 05:00:00+00:00,CVX,144.77045223500733,144.92690939533705,142.76409032502184,142.92054748535156,5681900,-1.1136474609375,-0.773182688564189,2.1628190703152086,140.06795654296874,136.37966857910158
2024-11-13 05:00:00+00:00,CVX,143.63845004632182,146.35346875204038,142.2211089168943,146.07736206054688,8824000,3.1568145751953125,2.2087898701331765,4.132359835146076,140.52767028808594,136.68614349365234
2024-11-14 05:00:00+00:00,CVX,147.10813309295702,148.939627084769,146.96087433069334,148.91201782226562,10111200,2.83465576171875,1.9405168068025613,1.978752754075657,141.01545333862305,137.0702963256836
2024-11-15 05:00:00+00:00,CVX,148.65434188530503,149.44584028408616,147.95486969271636,148.5623016357422,9022800,-0.3497161865234375,-0.23484752381828233,1.490970591369802,141.50645904541017,137.4910789489746
2024-11-18 05:00:00+00:00,CVX,149.2781977472819,150.17074928097935,147.89290215541206,149.46414184570312,6075400,0.9018402099609375,0.6070451251974696,2.277847125567291,142.0365737915039,137.89787033081055
2024-11-19 05:00:00+00:00,CVX,148.73892484740944,149.15730254495702,147.59535535767995,148.38563537597656,4657400,-1.0785064697265625,-0.7215820841094733,1.5619471872770703,142.51092224121095,138.32119415283202
2024-11-20 05:00:00+00:00,CVX,148.67387332988076,150.09636622900356,148.55300328399937,149.9940948486328,6391300,1.60845947265625,1.0839724940899798,1.5433629450041906,143.08594131469727,138.78312927246094
2024-11-21 05:00:00+00:00,CVX,150.63560618603006,151.22132934615348,149.9568897031995,150.27301025390625,7945200,0.2789154052734375,0.18595092397131197,1.2644396429539881,143.67628707885743,139.22616149902345
2024-11-22 05:00:00+00:00,CVX,150.1614258704315,151.18413957601018,149.8267208564806,150.9517059326172,7005900,0.6786956787109375,0.4516417669175432,1.3574187195295906,144.28400039672852,139.65699798583984
2024-11-25 05:00:00+00:00,CVX,150.75645805342197,151.70479130722237,148.5994811822449,149.0922393798828,10702400,-1.859466552734375,-1.2318287767906444,3.1053101249774784,144.81116638183593,140.02340270996095
2024-11-26 05:00:00+00:00,CVX,150.90522897031633,151.49096634030747,150.05916703291246,151.10977172851562,7369500,2.0175323486328125,1.353210842512187,1.4317993073950106,145.53216323852538,140.40586059570313
2024-11-27 05:00:00+00:00,CVX,151.32360590297588,153.10869472122178,150.25441673453363,150.7192840576172,7674500,-0.3904876708984375,-0.2584132491444624,2.854277986688146,146.25526428222656,140.77038513183595
2024-11-29 05:00:00+00:00,CVX,150.84943226899043,151.31429954870995,149.37115772427194,150.55191040039062,5077000,-0.1673736572265625,-0.11104992852977169,1.9431418244380154,146.93456344604493,141.11260314941407
2024-12-02 05:00:00+00:00,CVX,150.8866374095336,151.5002657130241,148.85982258401256,150.81227111816406,6229600,0.2603607177734375,0.17293750513096562,2.640443129011544,147.43130645751953,141.44732788085938
2024-12-03 05:00:00+00:00,CVX,151.52813415861348,151.7326768961252,150.0498596174706,150.54261779785156,5900100,-0.2696533203125,-0.17880064951825148,1.6828172786546247,147.87315368652344,141.742421875
2024-12-04 05:00:00+00:00,CVX,150.45896606032505,150.46825830000748,146.76791821896865,147.1956024169922,7862700,-3.347015380859375,-2.2233009029733686,3.7003400810388314,148.1734176635742,141.9722329711914
2024-12-05 05:00:00+00:00,CVX,148.0974157092234,149.38045397543465,147.53958347054925,148.13461303710938,6358400,0.9390106201171875,0.6379338816502544,1.8408705048854017,148.32229766845703,142.28488037109375
2024-12-06 05:00:00+00:00,CVX,147.59537959185198,147.66976006821457,144.2669277544092,144.33201599121094,9701700,-3.8025970458984375,-2.5669875310950108,3.402832313805362,148.32476425170898,142.5579214477539
2024-12-09 05:00:00+00:00,CVX,145.96831363086417,148.83189753697263,145.80096823373236,146.04269409179688,9404500,1.7106781005859375,1.1852381391874278,3.0309293032402707,148.40540161132813,142.800751953125
2024-12-10 05:00:00+00:00,CVX,147.88358909510384,148.31127327024953,145.6894147842633,145.9683380126953,9126200,-0.0743560791015625,-0.05091393278107148,2.6218584859862233,148.50210876464843,143.00933074951172
2024-12-11 05:00:00+00:00,CVX,145.83816272791634,146.12637816983616,144.85264637040086,145.2338409423828,13764700,-0.7344970703125,-0.5031893082516392,1.2737317994352964,148.6177734375,143.1584912109375
2024-12-12 05:00:00+00:00,CVX,144.91773002975523,145.5313582809931,143.4301631564013,143.83924865722656,7621500,-1.39459228515625,-0.9602392087870948,2.101195124591783,148.505867767334,143.2567510986328
2024-12-13 05:00:00+00:00,CVX,143.98799265465428,144.07167955030982,142.314481727529,143.05825805664062,5816200,-0.7809906005859375,-0.5429607063973663,1.7571978227808245,148.21317977905272,143.33386901855468
2024-12-16 05:00:00+00:00,CVX,143.07685461308083,143.07685461308083,138.76288670931487,138.8651580810547,11961200,-4.1930999755859375,-2.9310436409240914,4.313967903765956,147.72832260131835,143.33651184082032
2024-12-17 05:00:00+00:00,CVX,137.60073154823394,138.2050534107889,136.58732415986472,137.7030029296875,11909300,-1.1621551513671875,-0.8368947023333573,1.6177292509241852,147.14026565551757,143.3089172363281
2024-12-18 05:00:00+00:00,CVX,137.37759363093582,138.223655609438,133.86319761352357,133.9561767578125,10174500,-3.746826171875,-2.7209473229775294,4.36045799591443,146.41879272460938,143.25001037597656
2024-12-19 05:00:00+00:00,CVX,134.41174539813488,134.58838306518282,131.0460963122691,131.23204040527344,16544300,-2.7241363525390625,-2.033602644142485,3.542286752913725,145.4806900024414,143.12005493164062
2024-12-20 05:00:00+00:00,CVX,130.9252013903741,132.81256103515625,130.6741691370749,132.81256103515625,32209200,1.5805206298828125,1.2043709943103886,2.138391898081352,144.6076675415039,143.00385528564453
2024-12-23 05:00:00+00:00,CVX,132.4685735269605,133.27745222512988,131.5946207879173,132.9241485595703,8156500,0.1115875244140625,0.08401880330017875,1.6828314372125703,143.70628967285157,142.87516204833983
2024-12-24 05:00:00+00:00,CVX,133.04502246631927,133.91896104420366,132.26403464671446,133.73301696777344,3556100,0.808868408203125,0.6085187807997272,1.6549263974891915,142.9383285522461,142.75601959228516
2024-12-26 05:00:00+00:00,CVX,133.57497422829,134.17000383132432,132.85907458215306,133.86318969726562,4492600,0.1301727294921875,0.09733776478215717,1.3109292491712665,142.07599945068358,142.7140280151367
2024-12-27 05:00:00+00:00,CVX,134.15139167913003,135.47162722142338,133.31463626063973,133.88177490234375,5296500,0.018585205078125,0.013883730934671767,2.156990960783645,141.23412399291993,142.65400177001953
2024-12-30 05:00:00+00:00,CVX,133.68654681392977,133.86319867750746,132.347740757257,133.01715087890625,6194800,-0.8646240234375,-0.6458115931523678,1.5154579202504692,140.3573860168457,142.5312176513672
2024-12-31 05:00:00+00:00,CVX,133.4355080021805,135.1276175240665,133.2495639275349,134.66275024414062,6137800,1.645599365234375,1.237133222566511,1.8780535965316005,139.54990997314454,142.44962890625
2025-01-02 05:00:00+00:00,CVX,135.25779856460812,137.6658221906178,135.25779856460812,136.40138244628906,7170300,1.7386322021484375,1.291101064694078,2.4080236260096797,138.8428482055664,142.40041961669922
2025-01-03 05:00:00+00:00,CVX,137.17304353610888,138.06559503908252,136.9499163003341,137.46127319335938,5809000,1.0598907470703125,0.7770381267856008,1.1156787387484144,138.35613174438475,142.3716717529297
2025-01-06 05:00:00+00:00,CVX,137.9726012853109,139.76699634047313,136.55010856142178,136.91270446777344,5888700,-0.5485687255859375,-0.3990714714349419,3.2168877790513477,137.79503631591797,142.34005157470702
2025-01-07 05:00:00+00:00,CVX,138.07489483395844,139.92507198937523,137.2567379469725,139.07901000976562,7736000,2.1663055419921875,1.5822531228298686,2.6683340424027335,137.5323860168457,142.3523098754883
2025-01-08 05:00:00+00:00,CVX,137.63791109870152,140.55727732703608,137.62861885940305,139.73912048339844,7640900,0.6601104736328125,0.4746298334928234,2.928658467633028,137.2172073364258,142.37114349365234
2025-01-10 05:00:00+00:00,CVX,142.63056413191026,143.49521035327,140.2690307050549,142.37953186035156,11074700,2.640411376953125,1.889529122424105,3.2261796482151226,137.0377670288086,142.44775573730467
2025-01-13 05:00:00+00:00,CVX,143.2720667003726,146.29370328916949,143.17908759222308,144.43423461914062,11774100,2.0547027587890625,1.4431166698906983,3.1146156969464016,136.99778671264647,142.60264373779296
2025-01-14 05:00:00+00:00,CVX,144.3040963232393,145.88464211769056,143.6067954562794,145.87533569335938,6830200,1.44110107421875,0.9977558838586864,2.2778466614111608,137.09959106445314,142.7950051879883
2025-01-15 05:00:00+00:00,CVX,145.8567674386872,147.53958478157045,145.39190014234933,147.2048797607422,7900000,1.3295440673828125,0.9114248553830917,2.1476846392211257,137.3069221496582,142.99978424072265
2025-01-16 05:00:00+00:00,CVX,146.92597429974148,148.66457365841293,146.92597429974148,148.18112182617188,5578900,0.9762420654296875,0.6631859399066187,1.7385993586714505,137.77272033691406,143.14585845947266
2025-01-17 05:00:00+00:00,CVX,147.94866164533306,150.4031602594104,147.6418475452455,150.12423706054688,9260400,1.943115234375,1.3113109216803087,2.761312714164916,138.39378204345704,143.31422973632812
2025-01-21 05:00:00+00:00,CVX,149.82671732501402,150.05915096292847,146.42389964778005,147.12120056152344,10131400,-3.0030364990234375,-2.0003675341325966,3.635251315148423,139.0520332336426,143.43284729003906
2025-01-22 05:00:00+00:00,CVX,146.60052182877092,147.3071290929194,145.28960703107495,145.41976928710938,7232200,-1.7014312744140625,-1.1564827284715862,2.01752206184446,139.76141967773438,143.4381024169922
2025-01-23 05:00:00+00:00,CVX,146.5540462811791,146.84226169158256,144.68527095229408,145.04786682128906,5979800,-0.3719024658203125,-0.2557440901216457,2.1569907392884886,140.37318496704103,143.45340606689453
2025-01-24 05:00:00+00:00,CVX,145.46627746251764,146.40530427360363,144.3598910513292,144.7131805419922,8003800,-0.334686279296875,-0.230741952040725,2.0454132222744192,140.9626365661621,143.4590707397461
2025-01-27 05:00:00+00:00,CVX,145.34540400290746,146.79578763203577,144.59232128675418,146.18215942382812,7141000,1.4689788818359375,1.0150968117307535,2.2034663452815835,141.58509368896483,143.50203002929686
2025-01-28 05:00:00+00:00,CVX,146.62844277357416,147.7534136395594,144.27620129993784,145.2338409423828,6425400,-0.9483184814453125,-0.6487238149874619,3.477212339621559,142.15362625122071,143.5482958984375
2025-01-29 05:00:00+00:00,CVX,144.77827237266675,145.57784469240792,143.93221048581725,144.75038146972656,5630600,-0.48345947265625,-0.3328834860520158,1.645634206590671,142.69705657958986,143.5217562866211
2025-01-30 05:00:00+00:00,CVX,145.55924783175473,146.38671106468857,144.59233008239215,145.33612060546875,6931900,0.5857391357421875,0.4046546404885998,1.794380982296417,143.31300506591796,143.45023834228516
2025-01-31 05:00:00+00:00,CVX,142.9559715718963,143.52311018419886,138.20502771079128,138.70709228515625,16726800,-6.6290283203125,-4.561170542254766,5.318082473407571,143.51522216796874,143.25313415527344
2025-02-03 05:00:00+00:00,CVX,138.53045126740727,140.25975813928414,137.41477261801464,138.8465576171875,7605000,0.13946533203125,0.10054664814438397,2.844985521269507,143.63748092651366,143.04078247070314
2025-02-04 05:00:00+00:00,CVX,138.27011328832313,142.61197161656554,138.27011328832313,142.45391845703125,8458100,3.60736083984375,2.5980916644614105,4.3418583282424095,143.88711318969726,142.92214813232422
2025-02-05 05:00:00+00:00,CVX,142.24012756347656,142.99321045728448,141.58930187520266,142.24012756347656,6533700,-0.2137908935546875,-0.15007722909298193,1.4039085820818116,144.15348434448242,142.76706878662108
2025-02-06 05:00:00+00:00,CVX,143.38367572069754,144.35059349342643,140.44571088619017,141.2266845703125,6420500,-1.0134429931640625,-0.712487404591089,3.90488260723626,144.26086807250977,142.58614227294922
2025-02-07 05:00:00+00:00,CVX,141.76592537221123,143.00247407111803,141.24527627511867,141.89608764648438,4724900,0.669403076171875,0.47399192171688753,1.7571977959993603,144.36871643066405,142.40502990722655
2025-02-10 05:00:00+00:00,CVX,143.44876570604595,144.85267423225395,143.2349306897208,144.8247833251953,5653800,2.9286956787109375,2.063972113175816,1.617743542533134,144.49097900390626,142.3196807861328
2025-02-11 05:00:00+00:00,CVX,145.363988473427,147.55816236615647,145.15013933329186,146.3773956298828,6011800,1.5526123046875,1.072062577301569,2.4080230328646053,144.58813705444337,142.22503326416015
2025-02-12 05:00:00+00:00,CVX,145.7358836494139,146.40529362790082,143.70906923822264,144.015869140625,6693500,-2.3615264892578125,-1.6133136397842196,2.6962243896781786,144.49516372680665,142.09096496582032
2025-02-13 05:00:00+00:00,CVX,143.9043187467587,145.4290829073333,142.54691418947675,144.92703247070312,7836400,0.911163330078125,0.6326825894363175,2.8821687178565583,144.3812713623047,141.97846740722656
2025-02-14 05:00:00+00:00,CVX,145.78247894949376,148.01038557318716,145.59447243316137,146.02688598632812,5828800,1.099853515625,0.7589015636867646,2.4159131400257934,144.2735595703125,141.88275970458983
2025-02-18 05:00:00+00:00,CVX,146.02689931647558,147.8787930765553,145.50047528509882,146.79774475097656,5981500,0.7708587646484375,0.5278882443063404,2.3783177914564817,144.10723495483398,141.80786224365235
2025-02-19 05:00:00+00:00,CVX,147.13614832605077,148.86583122089658,146.6473199100369,147.80357360839844,4945800,1.005828857421875,0.6851800476418202,2.218511310859668,144.14135360717773,141.82002166748046
2025-02-20 05:00:00+00:00,CVX,148.0573806503479,149.42044573039703,147.65316738510975,149.27003479003906,6256200,1.466461181640625,0.9921689617099272,1.7672783452872807,144.33386688232423,141.84273010253906
2025-02-21 05:00:00+00:00,CVX,148.64962434166733,149.4204553587131,147.41816516908477,147.5121612548828,6689800,-1.75787353515625,-1.1776466305704614,2.002290189628326,144.45708160400392,141.9063330078125
2025-02-24 05:00:00+00:00,CVX,147.6719404444546,148.8376035777292,147.35232799216118,148.42398071289062,5925000,0.9118194580078125,0.6181317189382751,1.4852755855680186,144.64262161254882,141.95395874023438
2025-02-25 05:00:00+00:00,CVX,148.5180253978725,149.45807236435166,146.13970772019854,147.04214477539062,6810900,-1.3818359375,-0.9310058461327819,3.318364644153121,144.68562088012695,141.97543487548828
2025-02-26 05:00:00+00:00,CVX,147.23014790831525,147.29595807956238,145.14324254328696,145.83888244628906,6005200,-1.2032623291015625,-0.8183111929845444,2.152715536275423,144.71587295532225,141.98753570556642
2025-02-27 05:00:00+00:00,CVX,146.3558882811915,148.80000134969845,145.52864250884795,147.27713012695312,7517200,1.4382476806640625,0.9861894554723749,3.271358840850496,144.8422103881836,142.05629333496094
2025-02-28 05:00:00+00:00,CVX,147.30534122835604,149.1572347043451,145.63205895217968,149.1102294921875,8828500,1.833099365234375,1.244659889593347,3.52517575216541,145.03091583251953,142.17733276367187
2025-03-03 05:00:00+00:00,CVX,149.8998661784705,150.49208589726425,142.66149448143608,143.91175842285156,9059800,-5.1984710693359375,-3.4863275893544987,7.830591415828167,145.2911491394043,142.2782647705078
2025-03-04 05:00:00+00:00,CVX,142.14449998758593,144.90822586211635,141.05404212624663,142.8871307373047,8826300,-1.024627685546875,-0.7119832991938302,3.854183735869725,145.49317779541016,142.38194732666017
2025-03-05 05:00:00+00:00,CVX,141.1480439633037,142.29490239110893,138.88254171268474,141.7684783935547,9288300,-1.11865234375,-0.7828922996617638,3.412360678424193,145.45890579223632,142.538193359375
2025-03-06 05:00:00+00:00,CVX,141.4864349411557,144.13737373175897,140.50879260650672,143.7801513671875,7314700,2.0116729736328125,1.418984668826262,3.6285811252522535,145.53590698242186,142.78915557861328
2025-03-07 05:00:00+00:00,CVX,144.72023763135354,148.01040224162003,144.49463552393922,146.96694946289062,8562600,3.186798095703125,2.216438128211906,3.5157667176808047,145.8229202270508,143.07224334716796
2025-03-10 04:00:00+00:00,CVX,147.76597704468074,150.755319352929,146.80712517389384,148.12319946289062,11750300,1.15625,0.7867415117655208,3.94819417903517,146.1342758178711,143.37622436523438
2025-03-11 04:00:00+00:00,CVX,148.93163342578228,149.3170561230708,144.56981609231084,144.84243774414062,10466300,-3.28076171875,-2.2148871551832316,4.7472400307599685,146.13515853881836,143.59841278076172
2025-03-12 04:00:00+00:00,CVX,144.42881447286427,145.50986274011296,143.09394950990446,143.5169677734375,9710200,-1.325469970703125,-0.9151116146253524,2.4159132302085027,145.99213714599608,143.79148834228516
2025-03-13 04:00:00+00:00,CVX,143.1315200763474,145.1714199035478,142.8119076080802,144.4005889892578,9022800,0.8836212158203125,0.6156911127158438,2.3595122954675958,146.01137313842773,144.00186462402343
2025-03-14 04:00:00+00:00,CVX,144.75782964850285,147.8129821231777,143.8365733438601,147.60617065429688,6671500,3.2055816650390625,2.2199228462132625,3.976408779317609,146.14533004760742,144.29364501953125
2025-03-17 04:00:00+00:00,CVX,147.79418371500563,149.89048441263077,147.36175580347046,149.20425415039062,7615200,1.59808349609375,1.0826671330947057,2.5287286091603107,146.30419845581054,144.58447509765625
2025-03-18 04:00:00+00:00,CVX,150.16308739372317,151.43214202140734,149.29824602215257,151.16893005371094,9289500,1.9646759033203125,1.3167693605706576,2.1338959992547757,146.52275772094725,144.87982604980468
2025-03-19 04:00:00+00:00,CVX,151.3193450949412,154.6753049460832,151.25353492924393,154.21469116210938,11503900,3.0457611083984375,2.0148062881150786,3.4217700168392753,146.84331359863282,145.2148944091797
2025-03-20 04:00:00+00:00,CVX,153.34984899061942,155.3991442620311,152.67301410333303,154.8915252685547,9545900,0.6768341064453125,0.43889080952335124,2.726130158698055,147.1243881225586,145.5744708251953
2025-03-21 04:00:00+00:00,CVX,154.62831941078954,155.0043324323863,153.33105010151925,154.8727264404297,21625500,-0.018798828125,-0.012136769970083616,1.673282330867039,147.49241638183594,145.8903451538086
2025-03-24 04:00:00+00:00,CVX,154.81633917232574,156.452011734644,154.46852638038058,155.12655639648438,8068000,0.2538299560546875,0.1638958400802304,1.983485354263422,147.82754516601562,146.1980938720703
2025-03-25 04:00:00+00:00,CVX,156.12300004293937,157.75868690884093,155.21115334886514,155.99139404296875,7869200,0.864837646484375,0.5575045734103501,2.54753355997579,148.27500762939454,146.47033111572264
2025-03-26 04:00:00+00:00,CVX,157.33563960389327,158.83032502445533,157.22283856987983,157.89967346191406,10076100,1.9082794189453125,1.2233235241295937,1.6074864545755077,148.87804718017577,146.7396398925781
2025-03-27 04:00:00+00:00,CVX,157.22283205241297,158.13467862349364,155.90677223022243,156.65879821777344,6862700,-1.240875244140625,-0.7858630844096881,2.227906393271212,149.3471305847168,146.95530914306642
2025-03-28 04:00:00+00:00,CVX,156.70581443326978,157.11004205674436,155.38975451865377,156.13238525390625,4923000,-0.5264129638671875,-0.33602515138372313,1.720287538090588,149.69823837280273,147.13385925292968
2025-03-31 04:00:00+00:00,CVX,156.22639404505597,158.79271802367322,156.1699935270169,157.26043701171875,10675300,1.1280517578125,0.7224969733076403,2.6227244966563035,150.36567230224608,147.3154455566406
2025-04-01 04:00:00+00:00,CVX,157.26042930712578,158.49190271454646,156.19818613348548,158.40728759765625,6378600,1.1468505859375,0.7292683447471582,2.293716581060977,151.14168014526368,147.48110656738282
2025-04-02 04:00:00+00:00,CVX,157.36384549751207,157.90907442139607,155.90678427607267,156.48960876464844,7044900,-1.9176788330078125,-1.2106001321596893,2.0022901453234,151.87773666381835,147.66847473144531
2025-04-03 04:00:00+00:00,CVX,150.52030415509415,151.6765721629761,146.45930902978097,146.76011657714844,15501000,-9.7294921875,-6.217340732273547,5.217263133195132,152.0267349243164,147.6952816772461
2025-04-04 04:00:00+00:00,CVX,142.66152028484208,143.3195646264853,134.19170241037324,134.68992614746094,20374700,-12.0701904296875,-8.224435024445132,9.12786221611205,151.41288375854492,147.48812286376952
2025-04-07 04:00:00+00:00,CVX,130.41269380521263,137.42544952727795,129.05902406360397,131.74755859375,17817000,-2.9423675537109375,-2.1845490883182883,8.366425463673977,150.5941017150879,147.2288104248047
2025-04-08 04:00:00+00:00,CVX,135.507751150093,135.8273779886769,126.7841173068536,128.72061157226562,12904400,-3.026947021484375,-2.2975355701414624,9.043260681823284,149.78801040649415,146.87957946777342
2025-04-09 04:00:00+00:00,CVX,126.92514317818494,138.62872483438778,125.85349022917312,137.27505493164062,16846800,8.554443359375,6.645744807211718,12.775234605214663,149.4759147644043,146.7204037475586
2025-04-10 04:00:00+00:00,CVX,134.6335029515438,135.0189255795445,125.44924176007814,126.88751220703124,20991200,-10.38754272460939,-7.566955795269658,9.569683819466348,148.60026092529296,146.3631463623047
2025-04-11 04:00:00+00:00,CVX,126.9157116527195,128.8992109486689,124.12377154553064,127.49855041503906,17224400,0.6110382080078267,0.481558978799157,4.77543940313825,147.5948799133301,146.0063949584961
2025-04-14 04:00:00+00:00,CVX,130.17769062118975,130.2340911401211,126.06029495545064,127.2071533203125,9628200,-0.2913970947265625,-0.22854933940660294,4.173796184670465,146.49502487182616,145.77639617919922
2025-04-15 04:00:00+00:00,CVX,126.26709510901782,128.43860095720106,126.20128494684204,126.47389221191406,9334800,-0.7332611083984375,-0.5764307189172424,2.2373160103590237,145.26027297973633,145.52894287109376
2025-04-16 04:00:00+00:00,CVX,127.28236180510632,129.30347152092375,126.71834219490884,127.24476623535156,8637200,0.7708740234375,0.6095123744162656,2.5851293260149077,143.91177673339843,145.22475982666015
2025-04-17 04:00:00+00:00,CVX,128.4949997052365,131.8321687222957,128.2693833088465,129.604248046875,8434400,2.3594818115234375,1.8542859414424573,3.5627854134492054,142.64741287231445,144.97204223632812
2025-04-21 04:00:00+00:00,CVX,127.86517873475958,128.11898106092644,124.39640350404424,125.71246337890624,9967500,-3.891784667968764,-3.0028218415812935,3.7225775568822,141.18939971923828,144.6617578125
2025-04-22 04:00:00+00:00,CVX,127.15073205793308,129.95208200500227,126.84992452411302,129.0684356689453,7984700,3.3559722900390767,2.669562110101964,3.1021574808892467,139.88649368286133,144.40520477294922
2025-04-23 04:00:00+00:00,CVX,128.9838337267107,130.24349305462923,127.04732517987932,128.485595703125,10002000,-0.5828399658203125,-0.4515743627010904,3.1961678747499036,138.51120376586914,144.07842102050782
2025-04-24 04:00:00+00:00,CVX,129.6512677721621,131.04253317906685,128.99323780565155,130.73233032226562,7745800,2.246734619140625,1.7486276238558807,2.0492953734153048,137.15283660888673,143.76551971435546
2025-04-25 04:00:00+00:00,CVX,130.036676224668,130.71351107161817,129.02142395424278,130.41268920898438,6878500,-0.31964111328125,-0.24450043267285615,1.6920871173753937,135.84053115844728,143.49345611572267
2025-04-28 04:00:00+00:00,CVX,130.6383040565772,132.03897894289892,130.36568245380164,131.7005615234375,6715500,1.287872314453125,0.9875360459665972,1.6732964890972823,134.61893997192382,143.22892669677734
2025-04-29 04:00:00+00:00,CVX,130.37510293896156,131.6159573508123,130.2623019044234,130.9485321044922,7343800,-0.7520294189453125,-0.5710145881279938,1.353655446388899,133.3033447265625,142.92735961914062
2025-04-30 04:00:00+00:00,CVX,129.72647190234017,129.8674731994257,126.09789030290692,127.90277862548828,13858000,-3.0457534790039062,-2.3259164727203685,3.76958289651877,131.7781192779541,142.54946029663085
2025-05-01 04:00:00+00:00,CVX,127.30115381456922,129.67947140509332,127.01913686616388,128.09078979492188,10199800,0.18801116943359375,0.1469953752796238,2.6603345389294475,130.35817832946776,142.15520462036133
2025-05-02 04:00:00+00:00,CVX,129.613678166125,131.39976163505028,127.17894566213435,130.19650268554688,12393200,2.105712890625,1.6439221695770057,4.220815972915929,129.5299976348877,141.77373397827148
2025-05-05 04:00:00+00:00,CVX,128.57022164042908,128.78642841634715,127.0755361318382,127.37635803222656,9665000,-2.8201446533203125,-2.166067901325719,1.7108922845089438,129.16431922912597,141.37101791381835
2025-05-06 04:00:00+00:00,CVX,128.175394946409,129.07783189831056,126.94392151233066,127.4703598022461,9916200,0.09400177001953125,0.07379844381776302,2.1339103859799025,128.9504592895508,140.95194549560546
2025-05-07 04:00:00+00:00,CVX,127.91218261503668,128.12838937566067,126.54910319829293,127.64895629882812,8422100,0.17859649658203125,0.14010825485948342,1.5792861773677487,128.8968765258789,140.56408172607422
2025-05-08 04:00:00+00:00,CVX,128.49499735853254,130.56309741708904,128.28818591827934,128.82400512695312,8669300,1.175048828125,0.9205314811773224,2.2749114988097006,128.47432403564454,140.2237841796875
2025-05-09 04:00:00+00:00,CVX,130.5725116077257,131.01433480817624,129.44445817116213,130.18710327148438,5965700,1.36309814453125,1.0581088075843903,1.5698766370141186,128.6393035888672,139.88198364257812
2025-05-12 04:00:00+00:00,CVX,133.90966562478883,135.0941337891519,132.1423873704936,133.12942504882812,8028200,2.94232177734375,2.260071622615345,2.9517464186583027,128.92084732055665,139.56236755371094
2025-05-13 04:00:00+00:00,CVX,133.04484370270765,134.64292064911294,132.47141448937643,133.81568908691406,8536800,0.6862640380859375,0.5154863681220201,2.1715061597365093,129.25127410888672,139.36044616699218
2025-05-14 04:00:00+00:00,CVX,133.26105342153895,133.70287664534902,132.29280618909863,133.17645263671875,6453600,-0.6392364501953125,-0.47769918053489624,1.410070456250395,129.58640213012694,139.16623260498048
2025-05-15 04:00:00+00:00,CVX,131.60657807644645,133.9190999739975,131.14594988934658,133.7310791015625,7545400,0.55462646484375,0.41645985747695846,2.773150084650922,129.9107177734375,139.00548461914062
2025-05-16 04:00:00+00:00,CVX,134.14467744079604,134.42669435368992,132.26458381347172,133.58065795898438,8200100,-0.150421142578125,-0.11248031765591637,2.162110540218208,130.10953826904296,138.80149475097656
2025-05-19 04:00:00+00:00,CVX,132.70529016012816,132.7528679147301,130.469266362067,131.7728271484375,7713600,-1.807830810546875,-1.35336270847084,2.2836015526631,130.41255645751954,138.4976123046875
2025-05-20 04:00:00+00:00,CVX,131.58251601502738,132.0202110308136,130.38363500104435,130.61199951171875,6503900,-1.16082763671875,-0.88093096417452,1.6365760297692589,130.4897346496582,138.14738830566407
2025-05-21 04:00:00+00:00,CVX,129.99352413928085,130.47879693351695,128.9183423304861,128.9849395751953,9073200,-1.6270599365234375,-1.2457201042829547,1.5604546030308484,130.51470184326172,137.83023834228516
2025-05-22 04:00:00+00:00,CVX,128.44257462354463,129.39407154477448,127.28174721814898,128.72801208496094,8877600,-0.256927490234375,-0.19919185222752045,2.1123243266254974,130.41448593139648,137.53445922851563
2025-05-23 04:00:00+00:00,CVX,127.87169127193688,130.15527844344945,127.5576954950826,129.9174041748047,7025900,1.18939208984375,0.9239574748181045,2.597582948366849,130.3897216796875,137.24479553222656
2025-05-27 04:00:00+00:00,CVX,130.71666566915846,131.27804542825706,129.7937123953288,131.14483642578125,8348900,1.2274322509765625,0.9447789222489789,1.484333032928248,130.3619354248047,136.91556884765626
2025-05-28 04:00:00+00:00,CVX,132.04874910647578,132.05825884950238,129.08008318871543,129.42262268066406,6876300,-1.7222137451171875,-1.3132150621056549,2.9781756607869454,130.28563995361327,136.5199362182617
2025-05-29 04:00:00+00:00,CVX,129.87934819048758,131.24950627460885,129.4987551754285,131.22096252441406,7554300,1.79833984375,1.3895096595184953,1.7507510991803485,130.45154914855956,136.12097686767578
2025-05-30 04:00:00+00:00,CVX,130.24091812842244,130.78326388586916,128.65191983036982,130.06964111328125,12858900,-1.1513214111328125,-0.8773913778590159,2.1313440554993406,130.55049171447754,135.6380758666992
2025-06-02 04:00:00+00:00,CVX,131.7728090802149,131.96310555383764,129.81271329769882,131.15432739257812,9076600,1.084686279296875,0.8339273254027058,2.150392256138815,130.5983829498291,135.16333190917967
2025-06-03 04:00:00+00:00,CVX,130.9735647184694,133.7709684024939,129.97450441876887,132.7814178466797,9001300,1.6270904541015625,1.2405922751075327,3.796463983725033,130.86863594055177,134.72150573730468
2025-06-04 04:00:00+00:00,CVX,132.65770981253843,133.80902756915543,130.66908456980104,130.70713806152344,8735600,-2.07427978515625,-1.5621762583913568,3.139942999354389,131.0304748535156,134.23311737060547
2025-06-05 04:00:00+00:00,CVX,131.44930472148937,131.5825137207204,130.06963697544853,130.2599334716797,6342600,-0.44720458984375,-0.3421424387956895,1.5128767452718819,131.1610237121582,133.71848815917969
2025-06-06 04:00:00+00:00,CVX,131.39223996659177,133.79001688646247,131.39223996659177,133.409423828125,6563500,3.1494903564453125,2.4178504260713884,2.3977769198706937,131.3902946472168,133.2286831665039
2025-06-09 04:00:00+00:00,CVX,133.73290250630083,135.24577920942122,132.91461452848304,133.93270874023438,7159500,0.523284912109375,0.39223984115510646,2.3311646809381728,131.57757492065429,132.77416137695312
2025-06-10 04:00:00+00:00,CVX,135.32189851812177,137.90997140518328,135.0269367841545,136.3970947265625,9841500,2.464385986328125,1.8400180280889078,2.8830346210287985,131.740958404541,132.37945556640625
2025-06-11 04:00:00+00:00,CVX,137.19637165018992,138.08125700020082,135.69300446279112,137.75775146484375,9256700,1.36065673828125,0.9975701762628963,2.3882525374096986,131.9380615234375,131.98940185546874
2025-06-12 04:00:00+00:00,CVX,137.4913175838465,138.15736258535853,136.47320881684857,137.9385223388672,6999400,0.1807708740234375,0.13122374029861383,1.6841537685099581,132.17616500854493,131.58002655029296
2025-06-13 04:00:00+00:00,CVX,139.94618127243842,140.44096378039524,137.52937074866998,138.8329315185547,14148000,0.8944091796875,0.6484114549887954,2.9115930317252605,132.43125762939454,131.2268930053711
2025-06-16 04:00:00+00:00,CVX,138.6616610183973,139.74636707454894,136.7681911810364,138.94711303710938,10105100,0.1141815185546875,0.08224382882775494,2.9781758935125424,132.69958038330077,131.0706329345703
2025-06-17 04:00:00+00:00,CVX,140.18404590344218,142.70550698680384,139.39430170104995,141.6303253173828,11330300,2.6832122802734375,1.9311032965160013,3.3112052857538856,133.19245529174805,131.20944091796875
2025-06-18 04:00:00+00:00,CVX,142.1917211634094,142.88630994315338,140.5361110733079,141.00234985351562,9841900,-0.6279754638671875,-0.4433905397448923,2.350198869845485,133.71197280883788,131.39453674316405
2025-06-20 04:00:00+00:00,CVX,141.31633076513455,142.629386680506,140.72639278473574,142.29637145996094,23705900,1.2940216064453125,0.9177305256186541,1.9029938957702655,134.37754440307617,131.66605194091798
2025-06-23 04:00:00+00:00,CVX,144.7417316121986,144.77027536319162,139.22306014604985,139.7368621826172,10540600,-2.55950927734375,-1.7987171781565392,5.547215217141769,134.927986907959,131.7152880859375
2025-06-24 04:00:00+00:00,CVX,137.52935975286923,139.28963487929553,136.21630386333536,136.58738708496094,10778400,-3.14947509765625,-2.253861327972506,3.0733310159601785,135.2614860534668,131.9092855834961
2025-06-25 04:00:00+00:00,CVX,136.45419022019502,137.2058664727989,135.59783419664345,136.2829132080078,7386100,-0.304473876953125,-0.2229150754335274,1.6080322761554555,135.5183898925781,132.08497283935546
2025-06-26 04:00:00+00:00,CVX,136.73012158363844,138.04319214327754,136.44466956823524,137.43423461914062,7415700,1.1513214111328125,0.8448024657174535,1.5985225750422956,135.91897048950196,132.28951446533202
2025-06-27 04:00:00+00:00,CVX,137.53888180981696,137.65305679350544,135.65492198550322,136.81573486328125,9213500,-0.618499755859375,-0.4500332523212802,1.99813480800222,136.1987091064453,132.4963513183594
2025-06-30 04:00:00+00:00,CVX,136.10212452683396,137.11072354279506,135.4931670274248,136.24485778808594,6980300,-0.5708770751953125,-0.4172598098937885,1.6175565153702678,136.50746994018556,132.67635314941407
2025-07-01 04:00:00+00:00,CVX,136.387581096601,139.17547495037152,135.59783681771563,138.50942993164062,8508200,2.2645721435546875,1.6621340286302688,3.577638132655892,136.87522506713867,132.85445678710937
2025-07-02 04:00:00+00:00,CVX,139.87956750860434,140.83106450020583,138.4142685297625,140.80252075195312,8228700,2.2930908203125,1.6555485221794841,2.4167959704433315,137.27628021240236,133.1562579345703
2025-07-03 04:00:00+00:00,CVX,140.66932222037784,141.7540282907634,140.212607695661,141.17361450195312,5173300,0.37109375,0.2635561835244049,1.5414205951023803,137.79960403442382,133.39836151123046
2025-07-07 04:00:00+00:00,CVX,140.25064086914062,140.98329756626683,138.5189240162042,140.25064086914062,9460900,-0.9229736328125,-0.6537862164035846,2.464373550062618,138.29913940429688,133.63366241455077
2025-07-08 04:00:00+00:00,CVX,140.17454314173057,145.80740356445312,140.1174411267899,145.80740356445312,14082100,5.5567626953125,3.9620230331048445,5.689962437663212,138.91903839111328,133.93516387939454
2025-07-09 04:00:00+00:00,CVX,145.52196198941152,146.49249305124386,145.08426695566192,145.59808349609375,9495900,-0.209320068359375,-0.14355928659469663,1.408226095581938,139.50230712890624,134.2388717651367
2025-07-10 04:00:00+00:00,CVX,145.3792207492011,147.7484535141997,144.32305849476705,146.69229125976562,8395100,1.094207763671875,0.7515262133936274,3.425395019432642,140.0170669555664,134.53870635986328
2025-07-11 04:00:00+00:00,CVX,146.80646181855403,148.32886278534656,146.1213973540582,147.77699279785156,8333200,1.0847015380859375,0.7394400406256718,2.2074654312883695,140.5180290222168,134.87527557373048
2025-07-14 04:00:00+00:00,CVX,147.38687504436732,147.38687504436732,143.8092516590696,144.2945098876953,10706300,-3.48248291015625,-2.356579900715694,3.577623385297727,140.8358283996582,135.2031101989746
2025-07-15 04:00:00+00:00,CVX,144.24693867852642,144.92249336031847,142.96241203083957,143.38107299804688,7346300,-0.9134368896484375,-0.6330364823716184,1.9600813294788964,141.0632354736328,135.50891586303712
2025-07-16 04:00:00+00:00,CVX,143.44767620166965,144.13275517311752,141.98237727416202,142.64842224121094,7923400,-0.7326507568359375,-0.5109814995218454,2.1503778989554974,141.2483009338379,135.75795425415038
2025-07-17 04:00:00+00:00,CVX,141.9253035598831,144.47530868666053,141.39246753450828,144.03762817382812,8359600,1.3892059326171875,0.9738670156954843,3.082841152152241,141.36866607666016,136.09117965698243
2025-07-18 04:00:00+00:00,CVX,147.5010692821188,148.34790103296075,139.42285451022545,142.76260375976562,45782600,-1.2750244140625,-0.8852023115263785,8.9250465227353,141.45667877197266,136.39702453613282
2025-07-21 04:00:00+00:00,CVX,143.86633866072395,144.31354339718817,141.8967474866444,142.42005920410156,17982200,-0.3425445556640625,-0.2399399749254183,2.416795910543783,141.46286315917968,136.69244659423828
2025-07-22 04:00:00+00:00,CVX,142.0204372598678,143.61895977258837,141.27827075996998,142.76260375976562,26196500,0.3425445556640625,0.2405170715265248,2.340689012618384,141.6141502380371,136.97121856689452
2025-07-23 04:00:00+00:00,CVX,143.59040668046086,145.71224079114032,143.17174570392692,145.69320678710938,13162800,2.93060302734375,2.0527805953127753,2.540495087213401,142.06944122314454,137.28134063720702
2025-07-24 04:00:00+00:00,CVX,145.28407439268972,148.4335270343379,144.81783565155806,148.2717742919922,15701000,2.5785675048828125,1.769861177296117,3.6156913827798576,142.66888427734375,137.58418762207032
2025-07-25 04:00:00+00:00,CVX,148.27177544052063,148.6238246754888,146.4924807422436,147.3297882080078,7875500,-0.941986083984375,-0.635310455062954,2.131343933245205,143.1636619567871,137.85446960449218
2025-07-28 04:00:00+00:00,CVX,147.86262915928637,148.956859429136,147.43445840964614,148.699951171875,8755400,1.3701629638671875,0.9299972398879142,1.5224010194898483,143.75787277221679,138.16493957519532
2025-07-29 04:00:00+00:00,CVX,149.08054445799615,149.58485123015524,147.91020720171366,149.41357421875,6446000,0.713623046875,0.47990805730000474,1.674644028441577,144.41630859375,138.47858947753906
2025-07-30 04:00:00+00:00,CVX,148.5667569662717,148.72850973141283,145.29360461150318,146.1118927001953,9191700,-3.3016815185546875,-2.2097600809153017,3.4349051199096436,144.79643173217772,138.72921417236327
2025-07-31 04:00:00+00:00,CVX,144.6275584558838,146.46394088046262,143.80927037334618,144.28501892089844,10237100,-1.826873779296875,-1.2503251758194667,2.6546705071164354,144.970556640625,138.9794580078125
2025-08-01 04:00:00+00:00,CVX,145.14133125533124,147.1489903022379,143.0575652326008,144.05662536621094,10706500,-0.2283935546875,-0.15829332552723674,4.091425069637097,145.11470718383788,139.24835052490235
2025-08-04 04:00:00+00:00,CVX,143.91391682141145,144.7036610493521,142.5532831222537,143.71409606933594,10116600,-0.342529296875,-0.2377740669714079,2.15037792709839,145.28787994384766,139.54293365478514
2025-08-05 04:00:00+00:00,CVX,143.70459218487866,145.6741979635377,142.6293959181503,145.61709594726562,8604100,1.9029998779296875,1.3241567319962622,3.0448020453873994,145.2783645629883,139.88071533203126
2025-08-06 04:00:00+00:00,CVX,146.98724713750215,147.63427262363976,144.8368692226064,145.3697052001953,7840900,-0.2473907470703125,-0.1698912792217122,2.797403401033364,145.26694564819337,140.18976135253905
2025-08-07 04:00:00+00:00,CVX,146.3307259977671,147.62476257594605,145.41729695357776,145.73129272460938,6510400,0.3615875244140625,0.2487365052547208,2.2074656223682894,145.21889572143556,140.48149047851564
2025-08-08 04:00:00+00:00,CVX,146.52101497351308,148.1956443149664,146.05477625905195,147.4915313720703,6332800,1.7602386474609375,1.207865939120767,2.1408680559144386,145.2046226501465,140.84286865234375
2025-08-11 04:00:00+00:00,CVX,147.80554622620338,148.366925993483,145.56953690072444,146.00721740722656,6169700,-1.48431396484375,-1.0063723327269125,2.79738909275855,145.29025802612304,141.13859375
2025-08-12 04:00:00+00:00,CVX,146.61615849935433,148.48109887088893,145.92156980549763,146.94918823242188,6641600,0.9419708251953125,0.6451536039948413,2.5595290653913025,145.4686637878418,141.47618469238282
2025-08-13 04:00:00+00:00,CVX,147.07288012062844,148.4430234359488,146.72081640133752,148.309814453125,6581900,1.360626220703125,0.9259161190813048,1.722207034611273,145.7517333984375,141.81929443359374
2025-08-14 04:00:00+00:00,CVX,148.14807933322598,148.14807933322598,146.62569285125463,147.63427734375,7337300,-0.675537109375,-0.4554904959364725,1.5223864819713526,145.9315658569336,142.11635162353517
2025-08-15 04:00:00+00:00,CVX,147.93873945465475,150.85031775406486,147.75795271393343,148.95684814453125,11617000,1.32257080078125,0.8958426353127935,3.092365040131426,146.24127807617188,142.48134582519532
2025-08-18 04:00:00+00:00,CVX,148.5572244941557,148.89976397931213,147.2441540479408,147.78651428222656,8174300,-1.1703338623046875,-0.7856865104779343,1.6556099313713162,146.5096008300781,142.83187744140625
2025-08-19 04:00:00+00:00,CVX,147.64220542752332,148.1040041028081,146.093241329697,146.237548828125,8567500,-1.5489654541015625,-1.0481101483613808,2.0107627731110824,146.6833480834961,143.08843994140625
2025-08-20 04:00:00+00:00,CVX,146.64161122440635,147.67105355435203,146.17018230504144,147.41128540039062,8076300,1.173736572265625,0.8026232535154998,1.5008712493105918,146.76925201416014,143.35801147460938
2025-08-21 04:00:00+00:00,CVX,147.02645511541382,149.76840008942852,146.93985594420047,149.6529541015625,7533600,2.241668701171875,1.5206900171063298,2.828544145228051,146.83831100463868,143.62312866210937
2025-08-22 04:00:00+00:00,CVX,149.43168213716015,152.77011772066336,149.43168213716015,152.18324279785156,9084300,2.5302886962890625,1.69077096505017,3.3384355835032125,147.08098373413085,143.91163848876954
2025-08-25 04:00:00+00:00,CVX,151.9138544810161,152.31794479898497,151.21153358797142,152.20248413085938,7030000,0.0192413330078125,0.012643529375555573,1.106411211013551,147.25611038208007,144.19691772460936
2025-08-26 04:00:00+00:00,CVX,151.53865564386928,153.93426289508758,150.6150582874753,151.39434814453125,10270000,-0.808135986328125,-0.530961101550298,3.319204607612278,147.35514907836915,144.4481460571289
2025-08-27 04:00:00+00:00,CVX,151.43282405725364,153.92464607526583,151.25003945297138,153.2030792236328,7483000,1.8087310791015625,1.1947150612087842,2.674606622294448,147.709708404541,144.73326538085936
2025-08-28 04:00:00+00:00,CVX,152.9817845991191,153.47245944223368,151.86577238488942,153.28004455566406,6502000,0.07696533203125,0.0502374576420328,1.60668705734426,148.1594596862793,144.966259765625
2025-08-29 04:00:00+00:00,CVX,153.64563135923274,154.99256495147574,153.40510907636596,154.5115203857422,6934800,1.231475830078125,0.8034156263771797,1.5874558751097823,148.68220443725585,145.23644317626952
2025-09-02 04:00:00+00:00,CVX,154.39605905974747,155.723746753304,153.33776982776166,155.69488525390625,8947300,1.1833648681640625,0.7658748455841691,2.3859769255423373,149.28124389648437,145.50441345214844
2025-09-03 04:00:00+00:00,CVX,153.93426537511755,155.71413619064356,151.06724379299433,152.06781005859375,9556100,-3.6270751953125,-2.329604591311707,4.646892397649225,149.6037796020508,145.75103240966797
2025-09-04 04:00:00+00:00,CVX,152.06782134474193,153.59753969716385,151.52905372479333,151.71185302734375,7243000,-0.35595703125,-0.234077830878765,2.0684859723705245,149.9208869934082,146.05352172851562
2025-09-05 04:00:00+00:00,CVX,150.14360238357898,150.77858462736793,147.67104136321916,147.8345947265625,11011700,-3.87725830078125,-2.5556726276900976,3.1075432641487737,150.02605209350585,146.2845553588867
2025-09-08 04:00:00+00:00,CVX,148.07514340574733,149.1526785473575,147.08419276366325,148.16172790527344,9462000,0.3271331787109375,0.22128323841656972,2.068485783694257,150.059561920166,146.49910522460937
2025-09-09 04:00:00+00:00,CVX,149.0372304451587,151.03837759442493,148.7389851641222,148.97950744628906,7769200,0.817779541015625,0.5519505965389859,2.2993924303027313,150.20817642211915,146.74238067626953
2025-09-10 04:00:00+00:00,CVX,149.17191449619892,151.93310545265888,149.12380710623083,151.8080291748047,7440800,2.828521728515625,1.8985978521478097,2.8092983464280508,150.45111846923828,147.0536441040039
2025-09-11 04:00:00+00:00,CVX,150.56695431291962,152.8952083304336,150.09552533718602,152.2506103515625,6417400,0.4425811767578125,0.2915400319492889,2.799682993247586,150.64815826416014,147.32846771240236
2025-09-12 04:00:00+00:00,CVX,152.82786422421762,153.72260006886842,151.14420824614925,151.15382385253906,5546300,-1.0967864990234375,-0.7203823331091042,2.578391822719169,150.82413558959962,147.53549377441405
2025-09-15 04:00:00+00:00,CVX,151.41359046759698,152.3179565896314,150.56694734393668,151.3462371826172,5030500,0.192413330078125,0.12729636946917644,1.7510092456947177,150.9436050415039,147.73894622802734
2025-09-16 04:00:00+00:00,CVX,152.25061065286178,154.0304814836471,152.1255343634712,153.49169921875,8011000,2.1454620361328125,1.4175853170000252,1.9049471201759047,151.22886428833007,148.00376739501954
2025-09-17 04:00:00+00:00,CVX,153.16458477733752,154.57885695640277,152.59695572051945,154.02084350585938,5736800,0.529144287109375,0.3447380475964712,1.9819012358833277,151.6180290222168,148.16803619384766
2025-09-18 04:00:00+00:00,CVX,153.96312574385072,154.21326363833322,152.09667044104503,152.8182373046875,6244200,-1.202606201171875,-0.7808074373557905,2.116593197288182,151.88837661743165,148.31243927001952
2025-09-19 04:00:00+00:00,CVX,152.97217080660977,152.97217080660977,149.65296626290672,150.28794860839844,16734000,-2.5302886962890625,-1.6557504790767896,3.3192045437030515,151.92012634277344,148.3843524169922
2025-09-22 04:00:00+00:00,CVX,149.72029675064744,151.16343035926153,149.2681137121899,150.13400268554688,5244000,-0.1539459228515625,-0.10243397709333024,1.8953166470716383,151.8176643371582,148.4314926147461
2025-09-23 04:00:00+00:00,CVX,151.16342723294932,153.77069502459435,151.03836563873622,151.45205688476562,7181400,1.31805419921875,0.8779185098923836,2.7323293858581224,151.7801429748535,148.5746435546875
2025-09-24 04:00:00+00:00,CVX,152.31797258726215,154.40570443618088,152.2506192952084,153.14535522460938,6285200,1.69329833984375,1.1180424846472192,2.1550851409724885,151.86769332885743,148.76992919921875
2025-09-25 04:00:00+00:00,CVX,153.39548031674258,154.9059524898634,153.3088958256105,154.626953125,6311000,1.481597900390625,0.9674455344843125,1.5970566642529036,151.9388870239258,149.00949981689453
2025-09-26 04:00:00+00:00,CVX,154.48267115808272,155.18499216935675,153.46284426624948,154.0882110595703,7015200,-0.5387420654296875,-0.34841407305890026,1.7221479031072704,151.9792953491211,149.21051147460938
2025-09-29 04:00:00+00:00,CVX,153.09724243177547,153.09724243177547,149.66257731502623,150.18211364746094,8315100,-3.906097412109375,-2.534974859692074,3.434665116749244,151.76282501220703,149.3589016723633
2025-09-30 04:00:00+00:00,CVX,149.01797176734672,149.8261230428178,148.09435982372705,149.40280151367188,7755700,-0.7793121337890625,-0.5189114168538289,1.731763219090766,151.4482208251953,149.4985565185547
2025-10-01 04:00:00+00:00,CVX,148.9602641075804,149.21040200040986,147.38243849672193,148.71974182128906,6768400,-0.6830596923828125,-0.4571933628167657,1.8279635036879256,151.28081741333008,149.61769927978514
2025-10-02 04:00:00+00:00,CVX,148.12324676283893,150.66316144193732,147.5075103157943,147.55560302734375,7562400,-1.1641387939453125,-0.7827735441769512,3.1556511261430273,151.07300491333007,149.65494720458983
2025-10-03 04:00:00+00:00,CVX,147.7576517829584,148.4311112444401,146.45882557271025,147.72879028320312,7249300,0.173187255859375,0.11737084346927773,1.9722856717298498,151.0677146911621,149.64408752441406
2025-10-06 04:00:00+00:00,CVX,148.13286184658662,148.7870753966262,147.1226653422586,148.18096923828125,4778900,0.452178955078125,0.3060872252532931,1.664410054367579,151.0686767578125,149.66111114501953
2025-10-07 04:00:00+00:00,CVX,147.8249897396547,149.08533883813172,145.54484318711204,149.0372314453125,5479600,0.85626220703125,0.5778489717221058,3.5404956510196826,151.07156295776366,149.66785675048828
2025-10-08 04:00:00+00:00,CVX,148.50808114893135,148.81594204185663,147.0457015366692,147.91159057617188,5678000,-1.125640869140625,-0.7552749458806685,1.7702405051874166,150.87674102783203,149.63781707763673
2025-10-09 04:00:00+00:00,CVX,148.28681221266484,149.0949636125874,145.81423593680375,145.89120483398438,6178600,-2.0203857421875,-1.3659414615969756,3.280727675783652,150.55877075195312,149.6334033203125
2025-10-10 04:00:00+00:00,CVX,144.9868138488109,145.61218052634322,143.24543505379498,143.2550506591797,7796600,-2.6361541748046875,-1.8069315266841968,2.3667454725482457,150.16383209228516,149.61280395507814
2025-10-13 04:00:00+00:00,CVX,144.31336956718226,146.21830193498084,143.7649717162757,146.17982482910156,5978800,2.924774169921875,2.041655185254343,2.4533302187051333,149.90551147460937,149.65526794433595
2025-10-14 04:00:00+00:00,CVX,144.13058572582338,147.64222023638678,143.986278212921,146.61277770996094,6419400,0.432952880859375,0.2961782731410123,3.6559420234657694,149.56156539916992,149.71324157714844
2025-10-15 04:00:00+00:00,CVX,147.10341243366625,148.3637614425702,145.31392618230214,146.34336853027344,5824900,-0.2694091796875,-0.18375559340432224,3.049835260268054,149.1776916503906,149.7277670288086
2025-10-16 04:00:00+00:00,CVX,146.37221782900147,146.93984680780056,144.53462434138453,145.95852661132812,5276800,-0.3848419189453125,-0.26297188783495073,2.405222466416035,148.83470611572267,149.73954345703126
2025-10-17 04:00:00+00:00,CVX,146.4876911652649,148.3445308898529,146.4299681641416,147.276611328125,7735500,1.318084716796875,0.9030542767171079,1.9145627257113063,148.68413925170898,149.77044982910155
2025-10-20 04:00:00+00:00,CVX,147.6133385625607,148.85444184862118,147.3728162631259,148.62353515625,5676500,1.346923828125,0.9145537882618182,1.4816255854952658,148.60861587524414,149.79308990478515
2025-10-21 04:00:00+00:00,CVX,148.87366737758083,149.40280461970002,147.40167228082993,147.9596710205078,6304900,-0.6638641357421875,-0.4466749731422137,2.001132338870093,148.43399658203126,149.8321389770508
2025-10-22 04:00:00+00:00,CVX,148.787075788727,150.06665607353926,147.78650956829,149.67221069335938,6036700,1.7125396728515625,1.1574367941208807,2.280146505249263,148.26033935546874,149.88659942626953
2025-10-23 04:00:00+00:00,CVX,152.20250523230123,152.57771942502328,150.20135797767853,150.6246795654297,9810900,0.9524688720703125,0.6363698829983111,2.376361447344749,148.06022567749022,149.93289672851563
2025-10-24 04:00:00+00:00,CVX,151.45206876268935,151.65411393890074,149.5375061131246,149.66258239746094,4979900,-0.96209716796875,-0.6387380678548271,2.1166078257761285,147.83894424438478,149.97346282958983
2025-10-27 04:00:00+00:00,CVX,149.8934942095254,150.56695368611585,148.998743656093,149.39320373535156,4884400,-0.269378662109375,-0.17999065484115562,1.5682100300228399,147.79949874877929,149.98218994140626
2025-10-28 04:00:00+00:00,CVX,149.0275869339393,150.30716712315646,148.05588228512644,148.2867889404297,5066500,-1.106414794921875,-0.7406058423393036,2.251284838030017,147.7436981201172,149.9921954345703
2025-10-29 04:00:00+00:00,CVX,148.02703591775182,150.23021359273608,148.02703591775182,149.22003173828125,7344400,0.9332427978515625,0.6293499269354852,2.2031776749842606,147.7687126159668,150.05184509277345
2025-10-30 04:00:00+00:00,CVX,149.34508477106124,149.34508477106124,147.4305368845306,147.69992065429688,8971200,-1.520111083984375,-1.018704436848339,1.9145478865306416,147.77592849731445,150.05761779785155
2025-10-31 04:00:00+00:00,CVX,149.8261446348409,153.1453493862585,149.2296540379802,151.74070739746094,11136100,4.0407867431640625,2.735808337109291,3.915695348278291,147.97652435302734,150.09937286376953
2025-11-03 05:00:00+00:00,CVX,151.44244549227744,151.74069075800304,147.74802695112896,148.2001953125,8512200,-3.5405120849609375,-2.3332645179300004,3.992663806874077,147.97748565673828,150.0197119140625
2025-11-04 05:00:00+00:00,CVX,147.6133214644652,147.93081262458196,146.3818486084263,147.57484436035156,6976800,-0.6253509521484375,-0.4219636491232692,1.5489640161556508,147.90436630249025,149.92715911865236
2025-11-05 05:00:00+00:00,CVX,147.70954090998572,148.54655374379956,146.87252807617188,146.87252807617188,5894700,-0.7023162841796875,-0.4759051498402722,1.6740256676276886,147.85241317749023,149.83672271728517
2025-11-06 05:00:00+00:00,CVX,147.11304524020946,148.92176273407097,146.89175418123983,147.14190673828125,6466300,0.269378662109375,0.18340983547968648,2.0300085528311342,147.9149482727051,149.71549926757814
2025-11-07 05:00:00+00:00,CVX,147.61333347750156,150.24946307340983,147.61333347750156,149.14306640625,9835900,2.00115966796875,1.3600202092855618,2.6361295959082724,148.2093490600586,149.63275970458983
2025-11-10 05:00:00+00:00,CVX,149.52788438671436,150.06665192747334,146.59350973045798,149.74916076660156,8436800,0.6060943603515625,0.40638453731440816,3.4731421970153633,148.3878158569336,149.53751251220703
2025-11-11 05:00:00+00:00,CVX,150.80746312386194,152.0004588666608,149.9896815346371,150.31680297851562,6361400,0.5676422119140625,0.379062032139732,2.0107773320237072,148.57301712036133,149.42995086669922
2025-11-12 05:00:00+00:00,CVX,149.6818233974292,149.88385388672117,146.314511559627,147.50750732421875,11670900,-2.809295654296875,-1.8689165806023644,3.5693423270941764,148.6312240600586,149.33874481201173
2025-11-13 05:00:00+00:00,CVX,148.1617211929552,150.2783142739345,148.09436790949832,149.68182373046875,7998700,2.17431640625,1.4740377935279492,2.1839463644361956,148.81738891601563,149.2981442260742
2025-11-14 05:00:00+00:00,CVX,150.30716703268416,151.96196136057694,148.94100235366827,151.64447021484375,8484800,1.962646484375,1.3112123005055931,3.0209590069086687,149.03578186035156,149.37434173583983
2025-11-17 05:00:00+00:00,CVX,151.74069026611625,151.90424364742543,148.58503927074207,148.9506378173828,8745000,-2.6938323974609375,-1.77641320757983,3.319204376683359,149.0521369934082,149.39011993408204
2025-11-18 05:00:00+00:00,CVX,148.3572229936708,150.0888667695961,147.63732030536994,149.44679260253906,10813400,0.49615478515625,0.3331001413800827,2.451546464226169,149.12649307250976,149.39946563720704
2025-11-19 05:00:00+00:00,CVX,147.05362502455012,147.8318953734624,146.16834231710902,147.57894897460938,7539900,-1.8678436279296875,-1.2498385515019472,1.6635530563533791,149.02182998657227,149.31488403320313
2025-11-20 05:00:00+00:00,CVX,148.3961003586195,148.8825173865797,145.97375305971028,146.2266845703125,7623400,-1.352264404296875,-0.9162989801001609,2.9087643268694308,148.80193023681642,149.19440551757813
2025-11-21 05:00:00+00:00,CVX,146.35318043258204,146.90768821138548,144.70908824815808,145.90567016601562,9248400,-0.321014404296875,-0.2195320267570744,2.1985999632273945,148.61408462524415,149.08944244384764
2025-11-24 05:00:00+00:00,CVX,145.75002079957068,146.0418591717995,143.7265239679138,145.68191528320312,14181100,-0.2237548828125,-0.1533558514606792,2.315335203885695,148.42852020263672,148.97615600585937
2025-11-25 05:00:00+00:00,CVX,144.85500004026866,145.8278341972732,144.2421246154602,144.49505615234375,11447900,-1.186859130859375,-0.8146921521124617,1.5857095818130063,148.23893356323242,148.79622314453124
2025-11-26 05:00:00+00:00,CVX,144.2323977628499,146.37264494674568,144.1740300840659,145.4484405517578,7578900,0.9533843994140625,0.6598041654857001,2.19861486267979,148.05035400390625,148.62477508544922
2025-11-28 05:00:00+00:00,CVX,145.39981316800797,147.40384934284572,145.205234443083,147.02444458007812,3848600,1.5760040283203125,1.0835482472976388,2.198614899762731,148.0165802001953,148.50889923095704
2025-12-01 05:00:00+00:00,CVX,147.62757051938604,149.76780251028592,147.3843620012322,148.39610290527344,8209000,1.3716583251953125,0.9329457622594406,2.383440509053713,147.84934997558594,148.47106231689452
2025-12-02 05:00:00+00:00,CVX,147.89025560905304,148.3183050216261,145.20522378264818,146.1683349609375,9196300,-2.2277679443359375,-1.5012307605934971,3.1130812389779123,147.7477569580078,148.39174896240235
2025-12-03 05:00:00+00:00,CVX,146.93687728530512,148.3572218091877,146.8785096059064,147.47193908691406,8060200,1.3036041259765625,0.8918512524104028,1.4787122032813045,147.74261169433595,148.3121466064453
2025-12-04 05:00:00+00:00,CVX,147.6275934104798,148.78526851148408,147.11199245958628,148.1237335205078,7254700,0.65179443359375,0.44197861479913225,1.6732760518978012,147.80517196655273,148.2117141723633
2025-12-05 05:00:00+00:00,CVX,147.87079345703123,148.48368373271077,145.7597450949112,145.9251251220703,12659800,-2.1986083984375,-1.4843052805802448,2.723938637799563,147.74433288574218,148.0376776123047
2025-12-08 05:00:00+00:00,CVX,145.19550521406066,145.99323638805848,143.64870238948086,144.67018127441406,10237200,-1.25494384765625,-0.8599916200904056,2.3445339985776172,147.52068862915038,147.84931701660156
2025-12-09 05:00:00+00:00,CVX,145.00093098146814,146.02240979341687,144.1934768670428,144.45614624023438,8916700,-0.2140350341796875,-0.14794689015679152,1.8289329263740797,147.25603790283202,147.73479766845702
2025-12-10 05:00:00+00:00,CVX,145.12739827801954,147.67623396641693,144.6604420201941,147.2968292236328,10976300,2.8406829833984375,1.9664673725092285,3.0157919462228335,147.10503921508788,147.69267822265624
2025-12-11 05:00:00+00:00,CVX,146.73257692568487,147.81242342816253,146.02241215112943,146.6255645751953,8414200,-0.6712646484375,-0.45572240215595583,1.790011277033102,147.06094207763672,147.65079467773438
2025-12-12 05:00:00+00:00,CVX,147.043866273626,147.43300881488562,145.56516914964985,145.91539001464844,5848100,-0.710174560546875,-0.4843456614161412,1.8678396652357776,146.87262039184571,147.61799041748046
2025-12-15 05:00:00+00:00,CVX,145.76946713769934,146.02241351992083,144.39776740791288,145.73056030273438,7503000,-0.1848297119140625,-0.12666910042560264,1.6246461120079516,146.57692489624023,147.5780258178711
2025-12-16 05:00:00+00:00,CVX,144.50476363944475,144.7771708308965,142.5104657070619,142.76339721679688,11290500,-2.9671630859375,-2.0360609880135216,2.2667051238345834,146.26756286621094,147.4696743774414
2025-12-17 05:00:00+00:00,CVX,143.49304639286095,145.798658727108,143.3471271986448,145.4581756591797,8805300,2.6947784423828125,1.8875835787870665,2.4515315284631924,146.06813201904296,147.39809326171874
2025-12-18 05:00:00+00:00,CVX,144.80637821000272,145.21496679721116,143.0844575005534,143.67788696289062,6998800,-1.7802886962890625,-1.2239179325749472,2.130509296657749,145.87307891845703,147.31341918945313
2025-12-19 05:00:00+00:00,CVX,143.94053826232437,144.9620021798076,143.19145185780252,143.73623657226562,21701400,0.058349609375,0.04061140556033127,1.7705503220050787,145.7485565185547,147.27031982421875
2025-12-22 05:00:00+00:00,CVX,144.76744913930045,146.40181824898184,144.6604367878078,145.73056030273438,8143600,1.99432373046875,1.3874884844825353,1.7413814611740293,145.73980102539062,147.31983001708986
2025-12-23 05:00:00+00:00,CVX,145.96403140391342,146.9757872470493,145.77920538198077,146.4212646484375,4663700,0.690704345703125,0.47395985047218314,1.1965818650685378,145.77676849365236,147.32465881347656
2025-12-24 05:00:00+00:00,CVX,146.29482469442874,146.88825420272286,146.02243228186157,146.41156005859375,2227600,-0.00970458984375,-0.006627855501073476,0.8658219208612934,145.87259368896486,147.3206344604492
2025-12-26 05:00:00+00:00,CVX,146.29480095806983,147.03414955161077,145.58462135656427,145.944580078125,3706900,-0.46697998046875,-0.3189502115009679,1.449528195046497,145.89740066528321,147.31265869140626
2025-12-29 05:00:00+00:00,CVX,146.89795236739613,147.52056561147387,146.01266975408024,146.8882293701172,5589100,0.9436492919921875,0.6465805660525792,1.5078958573936347,145.89058990478514,147.33125274658204
2025-12-30 05:00:00+00:00,CVX,147.3843700146707,148.5225841602042,147.3551861784471,148.17236328125,5150500,1.2841339111328125,0.8742251960142777,1.167397981757091,145.879402923584,147.34916778564454
2025-12-31 05:00:00+00:00,CVX,148.2501924813161,148.4058495047457,147.54975072015372,148.2696533203125,4953100,0.0972900390625,0.06566004409191972,0.8560987845919783,145.98446884155274,147.3420901489258
2026-01-02 05:00:00+00:00,CVX,148.0361734117126,151.6648406982422,147.14116775938132,151.6648406982422,6862100,3.3951873779296875,2.2898734177215108,4.523672938860869,146.19411392211913,147.41619354248047
2026-01-05 05:00:00+00:00,CVX,161.2472743715493,161.2472743715493,154.9822195261624,159.39889526367188,35094900,7.7340545654296875,5.099438030477765,6.2650548453869135,146.75787200927735,147.6107272338867
2026-01-06 05:00:00+00:00,CVX,160.40089282849382,160.56627284590357,151.86913352625305,152.28744506835938,20564900,-7.1114501953125,-4.461417491977593,8.697139319650518,147.07598800659179,147.6439825439453
2026-01-07 05:00:00+00:00,CVX,153.16302550699535,153.71753330617227,150.69201821837032,150.98387145996094,13537900,-1.3035736083984375,-0.8559954550509952,3.025515087801949,147.39167251586915,147.67040832519533
2026-01-08 05:00:00+00:00,CVX,151.27571520363705,156.08151843470742,150.99359982251812,154.92384338378906,12929600,3.939971923828125,2.609531657739317,5.0879186121892985,147.91505737304686,147.78102111816406
2026-01-09 05:00:00+00:00,CVX,156.1982654365711,158.2801301462191,155.59511294929922,157.70616149902344,12549600,2.782318115234375,1.7959263432045125,2.685017196919887,148.4355239868164,147.96940856933594
2026-01-12 05:00:00+00:00,CVX,158.28012203027615,159.1167600395311,156.34419146454832,157.92990112304688,9796800,0.2237396240234375,0.14187120014637067,2.7725685749827846,149.000740814209,148.14360595703124
2026-01-13 05:00:00+00:00,CVX,159.02919199867196,161.61693427517466,158.8638119824809,159.41831970214844,12068600,1.4884185791015625,0.9424552086193527,2.753122292693746,149.67588729858397,148.3779739379883
2026-01-14 05:00:00+00:00,CVX,159.64209388997168,164.7689192990397,159.64209388997168,162.69679260253906,16414900,3.278472900390625,2.0565220524943584,5.126825409068033,150.52419891357422,148.59709564208984
2026-01-15 05:00:00+00:00,CVX,161.26672868052776,162.7843476498229,160.61493155111367,161.64613342285156,8097400,-1.0506591796875,-0.6457774384367898,2.1694160987092346,151.46833572387695,148.86601440429686
2026-01-16 05:00:00+00:00,CVX,162.0644299802805,162.74541088488837,161.30562056596446,161.74339294433594,9745800,0.097259521484375,0.06016817069787184,1.4397903189239116,152.28259658813477,149.14938537597655
2026-01-20 05:00:00+00:00,CVX,162.18119378432615,163.0956454505688,160.66355998399743,160.8094940185547,11142500,-0.93389892578125,-0.5773954093461153,2.4320854665713796,153.13917694091796,149.42812469482422
2026-01-21 05:00:00+00:00,CVX,162.46330720099002,163.9030976233812,161.5488407015417,162.2006378173828,10918500,1.391143798828125,0.865088101494571,2.354256921839493,154.06239700317383,149.72929931640624
2026-01-22 05:00:00+00:00,CVX,161.74341050978427,163.0080979524137,161.22780956571003,162.13255310058594,8957400,-0.068084716796875,-0.04197561594888599,1.7802883867036599,154.88249664306642,149.98908905029296
2026-01-23 05:00:00+00:00,CVX,163.38749987066055,163.86419396953357,161.91852558204306,162.19091796875,8368700,0.0583648681640625,0.03599824159177256,1.9456683874905139,155.67097930908204,150.23792419433593
2026-01-26 05:00:00+00:00,CVX,163.75716109217993,163.83498959923858,162.23954231521088,162.94970703125,8912600,0.7587890625,0.4678369615283895,1.5954472840276992,156.49788665771484,150.49058227539064
2026-01-27 05:00:00+00:00,CVX,163.21238459694828,164.74946428906767,162.12280028758877,164.45761108398438,9784900,1.507904052734375,0.9253800330216055,2.6266640014789004,157.4235382080078,150.82958435058595
2026-01-28 05:00:00+00:00,CVX,165.34290412652973,165.79039953751808,163.6307064656447,165.31370544433594,9200200,0.8560943603515625,0.5205562422491816,2.1596930718733915,158.34481201171874,151.14222198486328
2026-01-29 05:00:00+00:00,CVX,167.95981937104128,170.1681571703616,166.3935557089409,166.53948974609375,16786600,1.2257843017578125,0.7414898229176403,3.7746014614207013,159.26316833496094,151.44012237548827
2026-01-30 05:00:00+00:00,CVX,167.93063125239942,172.4835029297801,166.61731401712788,172.0943603515625,22946600,5.55487060546875,3.3354675302162295,5.8661889126522055,160.45440368652345,151.9029968261719
2026-02-02 05:00:00+00:00,CVX,168.7283690209118,171.48149163713967,167.95982167646466,169.30233764648438,14235300,-2.792022705078125,-1.6223789666171773,3.5216699606750126,161.33627853393554,152.30010772705077
2026-02-03 05:00:00+00:00,CVX,169.15642054584265,173.96222401381002,169.02994734586278,173.20339965820312,18425400,3.90106201171875,2.3041985515075636,4.932276667947235,162.0265037536621,152.81259674072265
2026-02-04 05:00:00+00:00,CVX,174.02058078862206,177.62978724049168,174.02058078862206,176.30673217773438,16170500,3.10333251953125,1.791727255732467,3.6092064518696247,163.22746810913085,153.41419769287108
2026-02-05 05:00:00+00:00,CVX,174.75993430841768,175.55766547408115,172.59051820856862,174.36106872558594,10474100,-1.9456634521484375,-1.1035673046149053,2.967147265512523,164.3963279724121,153.9833056640625
2026-02-06 05:00:00+00:00,CVX,175.4020078299674,177.15311234485614,174.63346050530458,175.94679260253906,9901800,1.585723876953125,0.9094483582506419,2.519651839551557,165.4474754333496,154.5886032104492
2026-02-09 05:00:00+00:00,CVX,176.09270874664264,177.85355107331895,175.0615068957937,177.6395263671875,12021300,1.6927337646484375,0.962071396477393,2.7920441775252414,166.44414367675782,155.2514926147461
2026-02-10 05:00:00+00:00,CVX,177.76597957465023,177.98000427459178,175.94678446941796,177.30874633789062,7458200,-0.330780029296875,-0.1862085742185271,2.0332198051738146,167.4130859375,155.88869873046875
2026-02-11 05:00:00+00:00,CVX,178.94310089289004,181.45301457034213,178.56369620003505,180.77203369140625,10502100,3.463287353515625,1.9532524057870093,2.8893183703070804,168.48077163696288,156.56365051269532
2026-02-12 05:00:00+00:00,CVX,180.7526069097381,180.7526069097381,177.14338530494985,177.44496154785156,9673700,-3.3270721435546875,-1.8404794567030702,3.609221604788246,169.21818008422852,157.14462768554688
2026-02-13 05:00:00+00:00,CVX,177.58113757039774,179.818659063599,176.78342129378183,178.74855041503906,9034700,1.3035888671875,0.7346440585386693,3.035237769817172,170.07330093383788,157.7962319946289
2026-02-17 05:00:00+00:00,CVX,180.06489844497997,180.5560738280872,175.58538134936003,177.36343383789062,9849000,-1.3851165771484375,-0.7748966768862275,4.970692478727159,170.85430297851562,158.39406188964844
2026-02-18 05:00:00+00:00,CVX,179.9961282570712,180.67395268995355,178.76818978865634,180.6248321533203,10313400,3.2613983154296875,1.8388222672834464,1.9057629012972086,171.8450698852539,159.0440838623047
2026-02-19 05:00:00+00:00,CVX,182.0197617911052,184.5836978188712,181.4794808763685,181.51876831054688,10773300,0.8939361572265625,0.4949132113062804,3.1042169425026884,172.81097640991212,159.75595672607423
2026-02-20 05:00:00+00:00,CVX,181.3321166724488,181.62682488775127,179.10219131983723,180.6837615966797,9566200,-0.8350067138671875,-0.46001122729008026,2.5246335679140373,173.7385368347168,160.47622833251953
2026-02-23 05:00:00+00:00,CVX,181.41073003310376,183.33614429832264,180.8016773015223,181.64649963378903,7047200,0.9627380371093466,0.5328304151971164,2.5344669968003473,174.71131591796876,161.22003540039063
2026-02-24 05:00:00+00:00,CVX,182.0197728947857,182.6779611206568,180.60520033583143,182.0688934326172,7451800,0.4223937988281534,0.23253616209490957,2.0727607848253626,175.66727523803712,161.9154766845703
2026-02-25 05:00:00+00:00,CVX,182.5600618839496,182.6975903909533,179.2888320500569,180.9686584472656,9440700,-1.100234985351591,-0.6042959698432937,3.408758340896412,176.49282760620116,162.6023385620117
2026-02-26 05:00:00+00:00,CVX,179.67195738841625,182.97265671391656,178.55207806312956,180.90972900390625,7133800,-0.05892944335934658,-0.032563342108504756,4.420578650787007,177.2726287841797,163.30222534179688
2026-02-27 05:00:00+00:00,CVX,182.7172554310416,184.23990222419712,180.526617264596,183.46383666992188,12035500,2.554107666015625,1.411813328160183,3.7132849596011113,178.11884613037108,164.05689086914063
2026-03-02 05:00:00+00:00,CVX,186.9708350525315,188.0612450721272,183.9157233752487,186.25372314453125,15809100,2.789886474609375,1.5206737879513543,4.145521696878518,178.82681427001953,164.9266973876953
2026-03-03 05:00:00+00:00,CVX,187.1574682974345,188.17910647775176,184.11217498948952,185.4383544921875,14004200,-0.81536865234375,-0.43777307566144064,4.066931488262242,179.63361511230468,165.72630096435546
2026-03-04 05:00:00+00:00,CVX,184.1416557070444,185.13383961502183,180.89989504723084,182.7467193603516,11054400,-2.691635131835909,-1.4514986067509117,4.233944567790985,180.11078109741212,166.5076776123047
2026-03-05 05:00:00+00:00,CVX,183.3066554050554,186.6171726261552,183.19859622329489,186.54840087890625,13567200,3.801681518554659,2.0803008293999836,3.4185764028603103,180.62286453247071,167.3639208984375
2026-03-06 05:00:00+00:00,CVX,187.5111349752964,189.0141305760818,184.7998370370289,186.5877227783203,13073100,0.0393218994140625,0.021078657993744976,4.214293539052903,181.23419723510742,168.18106414794923
2026-03-09 04:00:00+00:00,CVX,187.6289918599388,188.26751384691508,184.7899988130509,186.09652709960932,15987500,-0.49119567871099434,-0.2632518749878132,3.4775150338641936,181.74168395996094,168.97456939697267
2026-03-10 04:00:00+00:00,CVX,185.30083319844417,185.8411141381038,182.36359895781828,183.0021209716797,11999600,-3.0944061279296307,-1.6627962789833917,3.4775151802855078,182.00981369018555,169.70638061523437
2026-03-11 04:00:00+00:00,CVX,183.29683847671672,188.47383156776985,183.19861238702967,188.40505981445312,11371700,5.4029388427734375,2.952391378900776,5.27521918074018,182.56462936401368,170.55559020996094
2026-03-12 04:00:00+00:00,CVX,189.18111769906704,195.36993069889576,188.38541595427884,193.4936370849609,27151800,5.088577270507784,2.700870812874756,6.9845147446169165,183.2007095336914,171.48769836425782
2026-03-13 04:00:00+00:00,CVX,192.54076333946207,194.1419999944813,191.2538861460719,193.34629821777344,13017000,-0.14733886718747158,-0.07614662136036232,2.8881138484094038,183.9957763671875,172.39117706298828
2026-03-16 04:00:00+00:00,CVX,193.13016643013384,194.3482717856876,192.12816445259523,193.3659210205078,12683900,0.019622802734375,0.010149044959884002,2.2201073330923577,184.72664489746094,173.29310241699218
2026-03-17 04:00:00+00:00,CVX,194.00447371640337,197.03993422905617,192.9926535455191,194.4759979248047,14018600,1.110076904296875,0.574080943755928,4.047280683537082,185.58227310180663,174.14932556152343
2026-03-18 04:00:00+00:00,CVX,195.7039251318559,197.1872694251227,195.00644947719087,195.1046905517578,13305000,0.628692626953125,0.32327517722583465,2.1808199479318375,186.3062660217285,174.86344146728516
2026-03-19 04:00:00+00:00,CVX,196.2638473956523,198.86708584565213,195.4877969078228,197.88473510742188,16918400,2.7800445556640625,1.4248988826470965,3.3792889378293296,187.12456436157225,175.7753872680664
2026-03-20 04:00:00+00:00,CVX,197.8454391462758,201.4604977755777,197.45250483394184,198.16961669921875,35849500,0.284881591796875,0.14396339952256199,4.007992941635848,187.9988571166992,176.71910217285156
2026-03-23 04:00:00+00:00,CVX,195.1243410995613,201.7355576814351,193.88656951796344,201.5882110595703,15735700,3.4185943603515625,1.7250850141877772,7.84898816347166,188.99594268798828,177.6523895263672
2026-03-24 04:00:00+00:00,CVX,202.4133898094296,206.0873722893224,202.17762021600709,203.14031982421875,16695500,1.5521087646484375,0.7699402442684411,3.9097520733153033,190.04951400756835,178.5610726928711
2026-03-25 04:00:00+00:00,CVX,202.36427055697,203.58239097983784,201.00862161776897,201.52926635742188,8865000,-1.611053466796875,-0.7930742002330904,2.573769362068873,191.07754440307616,179.4330599975586
2026-03-26 04:00:00+00:00,CVX,202.39373339968216,205.51761672702105,201.53909300337904,204.12266540527344,11085600,2.5933990478515625,1.2868597671824133,3.978523723642013,192.23819122314453,180.3271469116211
2026-03-27 04:00:00+00:00,CVX,204.476317891182,208.7102625311252,202.60985732254963,207.42337036132807,13907800,3.3007049560546307,1.6170203095777103,6.10040520857558,193.43616790771483,181.22167846679687
2026-03-30 04:00:00+00:00,CVX,209.49611708281097,210.92053767232755,206.5785341347885,206.9911346435547,10409000,-0.43223571777338066,-0.20838332586170516,4.342003537539057,194.47303848266603,182.12857849121093
2026-03-31 04:00:00+00:00,CVX,207.17778592387708,209.3389697609992,198.39558201546177,203.24838256835932,17403900,-3.7427520751953693,-1.8081702299185487,10.943387745537422,195.3635398864746,182.9586782836914
2026-04-01 04:00:00+00:00,CVX,198.4250412139038,201.16579331911703,191.4699958308832,193.9258728027344,23051900,-9.322509765624915,-4.586757172588785,9.695797488233836,195.92249755859376,183.621005859375
2026-04-02 04:00:00+00:00,CVX,198.93585880708247,201.85344193643624,194.5447494503576,195.45834350585932,11528000,1.5324707031249147,0.7902353002086304,7.308692486078627,196.3679946899414,184.28615997314452
2026-04-06 04:00:00+00:00,CVX,194.9966338740052,196.2442235875341,192.88458564899707,195.35028076171875,8245700,-0.10806274414056816,-0.055286841278956445,3.35963793853702,196.80612258911134,184.9505145263672
2026-04-07 04:00:00+00:00,CVX,196.440688248986,201.0086134167756,195.7235763708982,197.98297119140625,11672600,2.6326904296875,1.3476768087673063,5.285037045877402,197.40044479370118,185.6663555908203
2026-04-08 04:00:00+00:00,CVX,188.0317665211894,189.7606984989148,185.27136322588763,189.4856414794922,17195400,-8.497329711914062,-4.291949787792104,4.489335273027166,197.7246208190918,186.19707427978517
2026-04-09 04:00:00+00:00,CVX,190.8805879683656,193.1989365339033,185.92954636525124,187.00030517578125,11634000,-2.4853363037109375,-1.3116224977816726,7.269390168652052,197.6543830871582,186.64792816162108
2026-04-10 04:00:00+00:00,CVX,186.36177477540423,187.58971326164664,183.17895282285,185.2222442626953,11151400,-1.7780609130859375,-0.9508331611622456,4.410760438796643,197.2408134460449,187.0460989379883
2026-04-13 04:00:00+00:00,CVX,188.0710555951217,189.2105861080738,186.37159292685493,188.39523315429688,12000200,3.1729888916015625,1.7130711833409196,2.838993181218882,196.9932601928711,187.48321380615235
2026-04-14 04:00:00+00:00,CVX,185.27135423811555,185.8312863613901,181.34195130614688,183.71923828125,12111000,-4.675994873046875,-2.482013368786884,4.489335055243231,196.51092605590821,187.71571136474608
2026-04-15 04:00:00+00:00,CVX,183.0709053712372,183.9353789175989,180.79184419973265,181.64649963378903,8661600,-2.072738647460966,-1.1282099070582197,3.1435347178662596,195.86945114135742,187.96259460449218
2026-04-16 04:00:00+00:00,CVX,182.34395356288672,184.90788979073,182.068896533726,184.8292999267578,8013200,3.1828002929687784,1.7521946744834205,2.838993257004006,195.3556816101074,188.1951126098633
2026-04-17 04:00:00+00:00,CVX,178.6797789677757,181.0472478946118,174.60302931342582,180.7427215576172,15720600,-4.086578369140625,-2.211001378439459,6.4442185811859645,194.4985809326172,188.28383239746094
2026-04-20 04:00:00+00:00,CVX,181.24371604346968,182.9824810936249,179.60319206555403,180.01577758789062,9661100,-0.7269439697265625,-0.40219819833510195,3.379289028070872,193.59088897705078,188.39692657470704
2026-04-21 04:00:00+00:00,CVX,180.7230815662459,183.0807175386048,179.1218449329075,182.69760131835932,9799000,2.681823730468693,1.489771489145908,3.9588726056973087,192.6463584899902,188.53194274902344
2026-04-22 04:00:00+00:00,CVX,183.964831177037,186.07687931702085,182.8351188083967,183.03160095214844,8708300,0.33399963378911934,0.18281555498209645,3.241760508624168,191.6409225463867,188.63978424072266
2026-04-23 04:00:00+00:00,CVX,183.81747754554692,185.094536587933,182.2260740405874,184.2890167236328,6684700,1.257415771484375,0.6869938114201002,2.8684625473455867,190.77891006469724,188.7793896484375
2026-04-24 04:00:00+00:00,CVX,181.96084411035247,183.12984402249504,179.96667308004496,181.9412078857422,9626700,-2.347808837890625,-1.2739819657356377,3.16317094245008,189.6698371887207,188.8027731323242
2026-04-27 04:00:00+00:00,CVX,182.9038864496868,185.0454038652512,180.42835839093416,181.51876831054688,10836600,-0.4224395751953125,-0.2321846601461508,4.617045474317024,188.3746070861816,188.88424926757813
2026-04-28 04:00:00+00:00,CVX,184.95700889152155,186.60736604314013,183.2575461911005,185.0355987548828,10754900,3.5168304443359375,1.9374472827621059,3.3498198520396443,187.276830291748,189.009990234375
2026-04-29 04:00:00+00:00,CVX,186.7743593312861,189.2204031898196,186.15547354082176,188.8274688720703,8644600,3.7918701171875,2.0492651915108517,3.0649296489978326,186.55578460693357,189.23927093505858
2026-04-30 04:00:00+00:00,CVX,186.89223293606227,190.70375869875164,185.17311909827984,189.89822387695312,11748600,1.0707550048828125,0.5670546829223522,5.530639600471801,186.3544021606445,189.42473876953125
2026-05-01 04:00:00+00:00,CVX,187.9237219816454,190.6644742778805,186.40107515507725,187.2655487060547,10435900,-2.6326751708984375,-1.386361134480285,4.263399122803236,185.94476242065429,189.5396743774414
2026-05-04 04:00:00+00:00,CVX,187.4816591032363,190.2911830346851,184.6524839584252,188.88641357421875,8229500,1.6208648681640625,0.8655435446422111,5.638699076259911,185.62156906127927,189.7037274169922
2026-05-05 04:00:00+00:00,CVX,187.8451149782872,190.25187136099336,187.08870069018533,189.24005126953125,5642800,0.3536376953125,0.18722240981803306,3.1631706708080287,185.1844230651855,189.85559844970703
2026-05-06 04:00:00+00:00,CVX,182.31447822671564,183.4834780568493,179.907721806167,181.8920745849609,11082900,-7.347976684570341,-3.882886648611583,3.5757562506823035,184.80474472045896,189.8520620727539
2026-05-07 04:00:00+00:00,CVX,178.37526127340095,180.2024343733816,176.36143912183607,179.27902221679688,12194000,-2.613052368164034,-1.4365949556221502,3.840995251545536,184.41868057250974,189.81826934814453
2026-05-08 04:00:00+00:00,CVX,178.82713632610137,179.50496078888713,177.5500922541974,178.41455078125,13053000,-0.864471435546875,-0.4821933011780355,1.954868534689723,184.0782958984375,189.7683657836914
2026-05-11 04:00:00+00:00,CVX,179.77019639929262,181.9313651613874,179.77019639929262,181.4794921875,12042100,3.06494140625,1.7178763687317522,2.161168762094775,183.73250885009764,189.72867889404296
2026-05-12 04:00:00+00:00,CVX,183.20841725530693,183.5915334532052,181.40089544929887,182.66812133789065,8995100,1.1886291503906534,0.6549660989587647,2.190638003906315,183.67995300292966,189.65696685791016
2026-05-13 04:00:00+00:00,CVX,182.53060558239017,182.7270727507715,180.71326553800785,182.71725463867188,7554700,0.04913330078122158,0.02689757819884786,2.013807212763652,183.73349075317384,189.60254486083986
2026-05-14 04:00:00+00:00,CVX,182.90389241665417,184.25954127701567,181.9804802937693,183.345947265625,6222400,0.628692626953125,0.3440795058990975,2.2790609832463815,183.6593231201172,189.61452941894532
2026-05-15 04:00:00+00:00,CVX,185.27135701739732,188.12016819001704,184.58369950240112,187.72723388671875,11210800,4.38128662109375,2.3896282881815223,3.5364686876159226,184.00854873657227,189.63810607910156
2026-05-18 04:00:00+00:00,CVX,187.7959970030907,192.73722023231093,185.6937669313517,192.6586303710937,9869700,4.931396484374943,2.626894554548609,7.043453300959243,184.64069137573242,189.75952423095703
2026-05-19 04:00:00+00:00,CVX,193.24352165728013,197.149436476566,191.7961615743293,195.54345703125,11819200,2.884826660156307,1.4973773324349127,5.353274902236706,185.28298416137696,189.94846282958986
2026-05-20 04:00:00+00:00,CVX,194.55211470959853,196.4753329389864,189.6152041361591,189.6746826171875,14564900,-5.8687744140625,-3.0012635059042725,6.860128802827319,185.6151382446289,190.0819140625
2026-05-21 04:00:00+00:00,CVX,192.11338425290108,192.480193417462,187.36483245647813,189.35743713378903,9051200,-0.3172454833984659,-0.1672576851169727,5.115360960983878,185.86855926513672,190.1009616088867
2026-05-22 04:00:00+00:00,CVX,188.7229769005361,190.3388795203656,188.1579162178831,189.7738037109375,7209600,0.4163665771484659,0.2198839313896528,2.180963302482496,186.26018905639648,190.02656494140626
2026-05-26 04:00:00+00:00,CVX,188.3561796606487,188.84194578014933,182.30894889451795,183.1119537353516,14264600,-6.661849975585909,-3.510416003324257,6.532996885631377,186.33984832763673,189.8218780517578
2026-05-27 04:00:00+00:00,CVX,180.2767004497806,182.13051699236496,179.10690155063838,180.82192993164065,9442800,-2.2900238037109375,-1.2506140407527178,3.0236154417265766,186.1291648864746,189.57099822998046
2026-05-28 04:00:00+00:00,CVX,182.12061217118776,183.6571900134226,180.51461755677323,181.4464874267578,8725400,0.6245574951171591,0.3453991976267945,3.1425724566493614,185.76011581420897,189.31040802001954
2026-05-29 04:00:00+00:00,CVX,181.13916907178492,181.3870061556587,178.83923367258456,180.8814239501953,13886500,-0.5650634765625,-0.3114215571632939,2.547772483074141,185.30927581787108,189.02594268798828
2026-06-01 04:00:00+00:00,CVX,182.7848074875158,186.3140050749503,182.42792148840587,184.2222595214844,8850500,3.340835571289091,1.8469754927454396,3.88608358654443,185.15711135864257,188.75269317626953
2026-06-02 04:00:00+00:00,CVX,183.28048518121932,186.8195908744489,183.28048518121932,185.9273834228516,6549800,1.7051239013671875,0.9255797349333461,3.5391056932295726,185.00915985107423,188.50784851074218
2026-06-03 04:00:00+00:00,CVX,187.25578219104912,189.82337069065628,186.33383552103973,188.06869506835932,7983700,2.1413116455077272,1.1516924543803153,3.489535169616545,184.95059204101562,188.23745819091798
2026-06-04 04:00:00+00:00,CVX,187.36482933083468,188.45531851521605,186.0463342721825,186.720458984375,5163200,-1.3482360839843182,-0.7168849039412173,2.408984243033558,185.19201126098633,187.9090609741211
2026-06-05 04:00:00+00:00,CVX,187.42431270112647,187.9695573075498,184.97568111782311,185.689453125,6310900,-1.031005859375,-0.5521654482764982,2.9938761897266772,185.51253280639648,187.59226470947266
2026-06-08 04:00:00+00:00,CVX,187.0674313622167,189.3772748420988,186.86916471678475,187.602767944336,6113000,1.9133148193359943,1.030384217916791,2.5081101253140616,185.9719436645508,187.2618667602539
2026-06-09 04:00:00+00:00,CVX,186.86916237530232,187.7415537564023,183.8653781106584,185.1442108154297,8469900,-2.458557128906307,-1.3105121826538224,3.876175645743899,186.15517959594726,186.81628356933595
2026-06-10 04:00:00+00:00,CVX,187.5531901308008,191.02290923322064,186.60148909264183,188.1579132080078,10041800,3.013702392578125,1.6277594526476813,4.421420140578817,186.42966918945314,186.439619140625
2026-06-11 04:00:00+00:00,CVX,190.1505234675948,190.5867191592968,183.9446882789702,184.2123565673828,9274100,-3.945556640625,-2.096938987765662,6.642030880326587,186.50442428588866,186.05889862060548
2026-06-12 04:00:00+00:00,CVX,183.47875017070805,186.77001875032343,182.76497816514808,185.6002349853516,8703400,1.3878784179687784,0.7534122269702959,4.005040585175351,186.617138671875,185.89238586425782
2026-06-15 04:00:00+00:00,CVX,177.35221089747452,180.09825001808318,176.22207440181367,178.8392333984375,10184900,-6.761001586914091,-3.6427764153680653,3.8761756162695065,186.17273864746093,185.56000366210938
2026-06-16 04:00:00+00:00,CVX,177.07462814408635,178.69053071035674,176.78714379345382,178.55174255371094,6663500,-0.2874908447265625,-0.16075378945852314,1.9033869169029174,185.4673942565918,185.22403289794923
2026-06-17 04:00:00+00:00,CVX,177.4612610029066,178.5220109881872,175.56779716873388,176.04364013671875,8430000,-2.5081024169921875,-1.404692209171643,2.954213819453315,184.49240341186524,184.78524627685547
2026-06-18 04:00:00+00:00,CVX,174.1204122250015,174.1204122250015,170.73991094170302,172.1278076171875,19146100,-3.91583251953125,-2.2243533004033256,3.3805012832984858,183.61505966186525,184.43808959960938
2026-06-22 04:00:00+00:00,CVX,172.57392352104563,173.93206592735817,171.364477317331,173.54544067382812,11108900,1.417633056640625,0.8235932800547019,2.5675886100271725,182.8244598388672,184.1689923095703
2026-06-23 04:00:00+00:00,CVX,174.2592071155141,174.87383823558957,173.18854911079316,174.4574737548828,6555300,0.9120330810546875,0.525529842508976,1.6852891247964124,182.05864334106445,183.95369689941407
2026-06-24 04:00:00+00:00,CVX,172.3855672448334,172.48470813242324,169.38178289752412,169.9666748046875,10634600,-4.4907989501953125,-2.5741510830914582,3.102925234899118,181.40137939453126,183.5851257324219
2026-06-25 04:00:00+00:00,CVX,168.74731948425116,171.27526083412147,167.80554156517903,170.74984741210938,7954200,0.783172607421875,0.4607800960522601,3.469719268942441,180.89777526855468,183.32573791503907
2026-06-26 04:00:00+00:00,CVX,170.74984653515205,170.75975457308752,168.45981912291998,169.58004760742188,13102200,-1.1697998046875,-0.685095666214075,2.2999354501675384,180.3044532775879,183.08440887451172
2026-06-29 04:00:00+00:00,CVX,169.8873552231953,170.11537622601344,166.91331029006062,167.012451171875,8813700,-2.567596435546875,-1.5140911161263926,3.2020659359528167,179.6110046386719,182.72807189941406
2026-06-30 04:00:00+00:00,CVX,168.231812140037,168.98524656793634,163.77074456051866,164.32589721679688,19428800,-2.686553955078125,-1.6085950096698776,5.214502007417678,178.6161865234375,182.39973541259766
2026-07-01 04:00:00+00:00,CVX,163.3543696717164,166.021098986479,163.3543696717164,164.25650024414062,9175500,-0.06939697265625,-0.04223130610063741,2.6667293147625912,177.53264236450195,182.08454986572266
2026-07-02 04:00:00+00:00,CVX,166.8240911376383,168.08310771733343,165.9516997908543,167.7361297607422,9561800,3.4796295166015625,2.118412063711128,2.1314079264791417,176.5160140991211,181.7853204345703
2026-07-06 04:00:00+00:00,CVX,167.3990796858983,167.79561296737074,165.71379054947784,166.64566040039062,9974300,-1.0904693603515625,-0.6501100042709984,2.0818224178929086,175.51227416992188,181.45760162353517
2026-07-07 04:00:00+00:00,CVX,168.6680034240702,173.09933164732058,168.52921526362996,172.5045166015625,9748900,5.858856201171875,3.5157568382489623,4.570116383690618,174.85302734375,181.22191162109374
2026-07-08 04:00:00+00:00,CVX,175.270391748575,177.03499060589527,173.4363912457271,174.44757080078125,9921800,1.94305419921875,1.1263787392342017,3.59859936016818,174.19526748657228,181.07203887939454
2026-07-09 04:00:00+00:00,CVX,173.11915802206258,174.07084391660874,172.3954628736556,172.54417419433594,6582400,-1.9033966064453125,-1.0910995193042727,1.6753810429531484,173.56526565551758,180.89254699707033
2026-07-10 04:00:00+00:00,CVX,173.45621947311395,174.89367153423836,172.0088442474984,174.87384033203125,5996600,2.3296661376953125,1.3501853357688054,2.884827286739977,172.90106201171875,180.68931182861328
2026-07-13 04:00:00+00:00,CVX,177.4711768935554,180.8021077864773,177.4711768935554,180.6236572265625,7685100,5.74981689453125,3.287979999532298,3.330930892921913,172.72162704467775,180.52523559570312
2026-07-14 04:00:00+00:00,CVX,181.1689097881995,181.77363288285085,179.06725614039013,180.18746948242188,6823300,-0.436187744140625,-0.24148981968264982,2.7063767424607192,172.45098876953125,180.3310205078125
2026-07-15 04:00:00+00:00,CVX,180.59393033258408,180.8219362216628,177.0349933228906,180.02886962890625,6665700,-0.158599853515625,-0.08801935782282166,3.786942898772196,172.51047058105468,180.18628692626953
2026-07-16 04:00:00+00:00,CVX,180.99046969361547,183.2309114468484,180.3758234501959,182.2693023681641,6257600,2.240432739257841,1.2444852561014574,2.8550879966525144,172.69634857177738,180.05394470214844
2026-07-17 04:00:00+00:00,CVX,185.8480678146161,186.5221774006786,183.8951104450309,185.75885009765625,7058300,3.489547729492159,1.9145010619745717,2.627066955647706,173.1821090698242,179.98432067871093
2026-07-20 04:00:00+00:00,CVX,184.67827052717857,188.703157383451,184.3213845295161,188.06869506835932,7767000,2.309844970703068,1.2434642922739547,4.381772853934905,173.9791534423828,180.1078530883789
2026-07-21 04:00:00+00:00,CVX,188.85185534793104,189.60527462703973,187.68207158878008,189.4169311523437,6892400,1.348236083984375,0.7168849039412617,1.9232030382596577,174.7727279663086,180.31061126708985
2026-07-22 04:00:00+00:00,CVX,191.7267587657066,192.0241662866403,190.2793986915508,191.31039428710932,6142400,1.893463134765625,0.9996271839304294,1.7447675950895132,175.61537399291993,180.56852813720704
2026-07-23 04:00:00+00:00,CVX,194.60168530647263,195.9796589162297,192.34141226495424,192.73794555664065,8150000,1.4275512695313353,0.7461963971434393,3.638246651275466,176.7539375305176,180.79369720458985
2026-07-24 04:00:00+00:00,CVX,192.77760468776617,195.16674268877932,192.1233111534981,193.104736328125,6700400,0.3667907714843466,0.1903054276235272,3.043431535281229,177.87168197631837,181.00242950439454
2026-07-27 04:00:00+00:00,CVX,187.0376907964813,190.82464874253336,187.0376907964813,188.356185913086,7369200,-4.748550415039006,-2.459054348087164,3.7869579460520697,178.81048889160155,181.1152081298828
2026-07-28 04:00:00+00:00,CVX,189.8134672272052,190.3091413955268,185.11447066587763,185.9571228027344,7406800,-2.399063110351591,-1.2736842693653827,5.194670729649175,179.75772247314453,181.167431640625
2026-07-29 04:00:00+00:00,CVX,190.83455081810604,191.88537761271647,189.1294305045504,190.20008850097656,8101200,4.242965698242159,2.2816903350043383,2.7559471081660547,181.05143203735352,181.21688873291015
2026-07-30 04:00:00+00:00,CVX,188.26696452250857,191.44918418306943,187.67214947524624,190.6461944580078,6645000,0.44610595703125,0.2345456095983689,3.7770347078231907,182.37091674804688,181.17664001464843
2026-07-31 04:00:00+00:00,CVX,193.42197014392968,195.84086245030252,189.8828494022017,195.1270904541016,9958100,4.480895996093778,2.350372641233478,5.95801304810081,183.74046478271484,181.16831268310546
2026-08-03 04:00:00+00:00,CVX,193.68964546360823,194.16548843611125,190.1505245932553,191.5086669921875,9544100,-3.618423461914091,-1.854393182152858,4.014963842855934,184.98361511230468,181.20499237060548
2026-08-04 04:00:00+00:00,CVX,188.504878981844,189.8134660388725,184.7278442631638,188.75271606445312,9455900,-2.755950927734375,-1.4390737354183614,5.085621775708688,185.79602508544923,181.19289794921875
2026-08-05 04:00:00+00:00,CVX,189.5358848998613,189.7242434981416,184.6584530532744,184.7972412109375,8260600,-3.955474853515625,-2.0955856614878865,5.06579044486719,186.31350860595703,181.09336669921876
2026-08-06 04:00:00+00:00,CVX,187.33508936043367,188.13807906271805,185.4019632018278,187.59283447265625,7182100,2.79559326171875,1.5127895002110536,2.736115860890237,187.06594161987306,181.18298431396485
2026-08-07 04:00:00+00:00,CVX,184.59897527825967,186.1256450183685,184.2619053568443,184.9459381103516,7098800,-2.646896362304659,-1.4109794597141012,1.8637396615241926,187.56954650878907,181.26546447753907
2026-08-10 04:00:00+00:00,CVX,187.24587981009512,193.30301878907449,187.24587981009512,193.2237091064453,13667300,8.277770996093722,4.4757787495471435,6.057138978979367,188.1995491027832,181.5010089111328
2026-08-11 04:00:00+00:00,CVX,192.56941920624195,195.7516541021881,192.56941920624195,194.9585723876953,6049800,1.73486328125,0.8978521783236548,3.182234895946152,188.93810424804687,181.78255187988282
2026-08-12 04:00:00+00:00,CVX,193.53102805055292,195.69216021451425,192.89656570522,194.8990936279297,7366200,-0.059478759765625,-0.030508409575003004,2.795594509294233,189.68161544799804,181.99608856201172
2026-08-13 04:00:00+00:00,CVX,193.31292550662155,196.3861113987189,192.0737400867073,195.98956298828125,5908900,1.0904693603515625,0.5595045826294776,4.3123713120116065,190.3676284790039,182.1973321533203
2026-08-14 04:00:00+00:00,CVX,197.14944011106155,199.8855712185893,196.643857901824,198.2696685791016,7910500,2.280105590820341,1.163381129104657,3.241713316765299,190.99316940307617,182.40135162353516
2026-08-17 04:00:00+00:00,CVX,198.99334689273124,201.91782145332888,198.0714002027576,200.94630432128903,8357800,2.676635742187443,1.3499975873110248,3.8464212505712965,191.63704986572267,182.68586853027344
2026-08-18 04:00:00+00:00,CVX,203.2561427580939,204.4358496670976,201.94757085501675,203.9600067138672,7701600,3.0137023925781534,1.4997550727579467,2.488278812080864,192.36420364379885,183.05127960205078
2026-08-19 04:00:00+00:00,CVX,205.0500030517578,207.67999267578125,204.259994506836,205.759994506836,8689900,1.7999877929688068,0.882519971424589,3.4199981689452557,193.0866836547852,183.41442413330077
2026-08-20 04:00:00+00:00,CVX,208.8999938964844,208.97999572753903,205.5200042724609,205.7700042724609,8200600,0.010009765624914735,0.004864777358148942,3.459991455078125,193.7382865905762,183.8269400024414
2026-08-21 04:00:00+00:00,CVX,205.92999267578125,207.82000732421875,205.009994506836,205.2700042724609,7359100,-0.5,-0.24298974078745816,2.8100128173827557,194.346549987793,184.16918182373047
2026-08-24 04:00:00+00:00,CVX,203.6699981689453,205.3000030517578,201.75,203.08999633789065,5853900,-2.1800079345702557,-1.0620197248481844,3.5500030517578125,195.08324050903323,184.54673461914064
2026-08-25 04:00:00+00:00,CVX,201.02999877929688,202.0599975585937,199.7899932861328,199.88999938964844,8176800,-3.199996948242216,-1.5756546388027037,2.2700042724608807,195.77988433837893,184.83252990722656
2026-08-26 04:00:00+00:00,CVX,198.72999572753903,202.38999938964844,198.1199951171875,200.2100067138672,6863100,0.32000732421875,0.16009171304010028,4.2700042724609375,196.28038024902347,185.25994537353515
2026-08-27 04:00:00+00:00,CVX,199.57000732421875,200.8800048828125,197.82000732421875,199.7700042724609,8112300,-0.4400024414062784,-0.21977045434852238,3.05999755859375,196.73657073974613,185.68431060791016
2026-08-28 04:00:00+00:00,CVX,199.97999572753903,202.2400054931641,199.5599975585937,201.8600006103516,5301000,2.089996337890682,1.0462012780658503,2.6800079345703978,197.0732162475586,186.2006378173828
2026-08-31 04:00:00+00:00,CVX,206.0800018310547,208.4199981689453,203.83999633789065,206.13999938964844,12067400,4.279998779296847,2.120280771998262,4.580001831054659,197.80478286743164,186.88088165283204
2026-09-01 04:00:00+00:00,CVX,209.0,211.0800018310547,207.8000030517578,211.0500030517578,8551500,4.910003662109375,2.3818781782512843,3.279998779296875,198.91964721679688,187.63097290039062
2026-09-02 04:00:00+00:00,CVX,210.4900054931641,212.7899932861328,209.4600067138672,211.77999877929688,7595300,0.7299957275390625,0.34588757023614747,3.329986572265625,200.26878509521484,188.3774234008789
2026-09-03 04:00:00+00:00,CVX,212.3800048828125,213.1999969482422,211.1699981689453,211.32000732421875,6668200,-0.459991455078125,-0.21720250152493792,2.029998779296875,201.45514373779298,189.20449005126954
2026-09-04 04:00:00+00:00,CVX,209.509994506836,209.8600006103516,207.1199951171875,208.6000061035156,5458400,-2.7200012207031534,-1.287147987142545,2.740005493164091,202.63784713745116,189.96149322509766
2026-09-08 04:00:00+00:00,CVX,211.25,213.3099975585937,209.17999267578125,209.8000030517578,7703900,1.199996948242216,0.5752621827090021,4.130004882812443,203.4666618347168,190.76589233398437
2026-09-09 04:00:00+00:00,CVX,212.8800048828125,215.27999877929688,212.22999572753903,213.8099975585937,8384700,4.009994506835881,1.9113414911851034,3.050003051757841,204.4092330932617,191.70184326171875
2026-09-10 04:00:00+00:00,CVX,217.3999938964844,217.3999938964844,211.33999633789065,212.759994506836,9625200,-1.0500030517576988,-0.49109165321885584,6.05999755859375,205.30227813720703,192.67052520751952
2026-09-11 04:00:00+00:00,CVX,212.0200042724609,215.5500030517578,212.0200042724609,214.0599975585937,6570300,1.3000030517576988,0.6110185586209571,3.5299987792969034,206.20579986572267,193.6665951538086
2026-09-14 04:00:00+00:00,CVX,217.0,217.6499938964844,211.2700042724609,212.1699981689453,9366000,-1.8899993896483807,-0.8829297445596018,6.379989624023494,206.90081634521485,194.55527252197265
2026-09-15 04:00:00+00:00,CVX,212.88999938964844,217.77999877929688,212.7400054931641,217.7700042724609,9557600,5.600006103515597,2.639395839112213,5.039993286132784,207.74200134277345,195.57775939941405
2026-09-16 04:00:00+00:00,CVX,215.08999633789065,215.27999877929688,210.3699951171875,211.5399932861328,8045100,-6.230010986328097,-2.8608214465264403,4.910003662109375,208.12100067138672,196.35846893310546
2026-09-17 04:00:00+00:00,CVX,209.6100006103516,211.75,209.1699981689453,211.57000732421875,7387300,0.0300140380859375,0.014188351630206597,2.5800018310546875,208.41150131225587,197.10091766357422
2026-09-18 04:00:00+00:00,CVX,211.08999633789065,211.8999938964844,207.3099975585937,209.509994506836,47298700,-2.0600128173827557,-0.9736790405389995,4.58999633789071,208.5985008239746,197.84023406982422
2026-09-21 04:00:00+00:00,CVX,207.88999938964844,209.0,203.5,203.6699981689453,8464000,-5.839996337890682,-2.7874547711374875,5.5,208.51850051879882,198.4161572265625
2026-09-23 04:00:00+00:00,CVX,204.4600067138672,207.0,203.47999572753903,205.509994506836,8247575,1.8399963378906818,0.9034204126443734,3.520004272460966,208.6395004272461,198.91388397216798
2021-09-24 04:00:00+00:00,DELL,47.25305254680969,47.92987009873967,47.23923633695292,47.82857894897461,6315968,,,0.6906337617867493,,
2021-09-27 04:00:00+00:00,DELL,47.6213926001421,48.38569209995716,47.59837251201399,48.284400939941406,4292853,0.4558219909667969,0.9530326866978189,0.7873195879431734,,
2021-09-28 04:00:00+00:00,DELL,47.97591825033495,48.65734126967455,47.89764371368774,48.47777557373047,4103643,0.1933746337890625,0.40049090394553843,0.7596975559868113,,
2021-09-29 04:00:00+00:00,DELL,48.6204981458113,48.9243785116771,47.84238948011503,48.51920700073242,4778211,0.041431427001953125,0.08546478569120275,1.0819890315620668,,
2021-09-30 04:00:00+00:00,DELL,48.64351228270653,48.73559606913553,47.28987403810379,47.9022331237793,4859104,-0.616973876953125,-1.2716075036919072,1.4457220310317425,,
2021-10-01 04:00:00+00:00,DELL,48.15548340154438,48.91978294228908,47.94369026266766,48.70338439941406,3768825,0.8011512756347656,1.6724716644516135,0.9760926796214235,,
2021-10-04 04:00:00+00:00,DELL,48.827683003582166,49.06710155679614,48.07719645722085,48.45474243164063,4091805,-0.2486419677734304,-0.5105229766669384,0.9899050995752887,,
2021-10-05 04:00:00+00:00,DELL,48.76322689456157,49.01185279863032,48.21992799019336,48.77243423461914,3353114,0.3176918029785085,0.6556464590162792,0.7919248084369599,,
2021-10-06 04:00:00+00:00,DELL,48.15088075271323,48.6665543480473,47.85621111689818,48.57447052001953,3063674,-0.19796371459960938,-0.4058926270673835,0.810343231149119,,
2021-10-07 04:00:00+00:00,DELL,48.87372621621192,49.48608533615256,48.61128411815585,49.28810501098633,4105024,0.7136344909667969,1.4691554706143028,0.874801217996712,,
2021-10-08 04:00:00+00:00,DELL,49.48609186440288,49.67947027795484,48.00353673332452,48.37187194824219,5286654,-0.9162330627441406,-1.8589334334113916,1.6759335446303183,,
2021-10-11 04:00:00+00:00,DELL,48.39949987235368,48.92898610209569,48.19230870454644,48.43633270263672,2772065,0.06446075439453125,0.13326082245381787,0.7366773975492507,,
2021-10-12 04:00:00+00:00,DELL,48.40410918279227,48.58827681438815,47.59837146291651,47.76872634887695,3830579,-0.6676063537597656,-1.3783173013084515,0.9899053514716414,,
2021-10-13 04:00:00+00:00,DELL,47.88843617531741,48.18310577519265,47.400388134448704,47.73649597167969,5377017,-0.032230377197265625,-0.0674717114328538,0.7827176407439467,,
2021-10-14 04:00:00+00:00,DELL,47.99432916915173,49.00725800922574,47.96210174159255,48.80467224121094,3618679,1.06817626953125,2.237651188652312,1.045156267633189,,
2021-10-15 04:00:00+00:00,DELL,49.1453854376368,49.71170454711782,48.92438497132412,49.59199523925781,3345024,0.787322998046875,1.6132123460549597,0.7873195757936955,,
2021-10-18 04:00:00+00:00,DELL,49.93270790218602,50.50362894344032,49.81760053402069,50.0247917175293,5004909,0.4327964782714844,0.8727143890530087,0.6860284094196274,,
2021-10-19 04:00:00+00:00,DELL,50.278022977922255,51.08376069224705,50.02479161989375,51.01930236816406,7436829,0.9945106506347656,1.9880355649462444,1.0589690723532996,,
2021-10-20 04:00:00+00:00,DELL,51.18965559484722,51.55338890541616,50.97786248029983,51.39684677124024,7434461,0.377544403076179,0.7400030685479564,0.5755264251163368,,
2021-10-21 04:00:00+00:00,DELL,51.33698302958082,52.25782448472536,51.13900268850162,52.01840591430664,7329695,0.6215591430663991,1.2093332220026287,1.1188217962237417,48.99873867034912,
2021-10-22 04:00:00+00:00,DELL,51.95395010599842,52.84256418025759,51.86647170560768,52.73666763305664,5251140,0.71826171875,1.3807837939771472,0.97609247464991,49.244143104553224,
2021-10-25 04:00:00+00:00,DELL,52.85637605070796,52.948459852608416,51.659279695373016,51.70071792602539,13385424,-1.03594970703125,-1.9643821908494896,1.2891801572353998,49.41495895385742,
2021-10-26 04:00:00+00:00,DELL,51.85265609077472,51.95855263211223,50.71081075399998,50.74303817749024,5858824,-0.9576797485351491,-1.852352901376375,1.247741878112251,49.52822208404541,
2021-10-27 04:00:00+00:00,DELL,50.54966901515171,50.738442036139,49.68868037776794,49.90507888793945,7104576,-0.8379592895507884,-1.6513778434388504,1.049761658371061,49.59751567840576,
2021-10-28 04:00:00+00:00,DELL,50.53584700250492,50.84432926494462,50.08923731947605,50.68318176269531,6544638,0.7781028747558594,1.5591657043626084,0.7550919454685712,49.73656311035156,
2021-10-29 04:00:00+00:00,DELL,50.28722060902863,51.49812964848999,50.28722060902863,50.641746520996094,8913619,-0.04143524169921875,-0.08175343429152049,1.210909039461363,49.83348121643066,
2021-11-01 04:00:00+00:00,DELL,50.34707651958584,51.36921255214187,50.34707651958584,51.34158706665039,6635002,0.6998405456542969,1.3819439370325481,1.022136032556027,49.977823448181155,
2021-11-02 04:00:00+00:00,DELL,51.4705955465115,52.08831564487832,48.15489217925772,49.60835266113281,18238300,-1.7332344055175781,-3.3758878611748755,3.9334234656205993,50.019619369506835,
2021-11-03 04:00:00+00:00,DELL,49.971713415239805,50.27149086354258,49.29949086834862,50.14431381225586,9923000,0.5359611511230469,1.0803848996641996,0.9719999951939613,50.09811153411865,
2021-11-04 04:00:00+00:00,DELL,49.98080740361948,50.3714246747514,48.83620682973493,49.572021484375,5980600,-0.5722923278808594,-1.1412905758837688,1.5352178450164757,50.11230735778808,
2021-11-05 04:00:00+00:00,DELL,49.79002974403246,51.26165523176961,49.59017812848644,51.19806671142578,7625100,1.6260452270507812,3.280167276541879,1.6714771032831663,50.25361709594726,
2021-11-08 05:00:00+00:00,DELL,51.20714214083444,51.5250881634128,50.20789113344868,50.44407653808594,4450600,-0.7539901733398438,-1.472692665505626,1.3171970299641202,50.354004287719725,
2021-11-09 05:00:00+00:00,DELL,50.37142152013942,51.12540131035725,49.9717182173258,50.94372177124024,3980100,0.499645233154304,0.9904933689827145,1.1536830930314466,50.51275405883789,
2021-11-10 05:00:00+00:00,DELL,50.825619703838186,51.9429653359585,50.79836500479116,51.43425369262695,5205200,0.49053192138671164,0.9628898406547792,1.1446003311673394,50.697641944885255,
2021-11-11 05:00:00+00:00,DELL,51.53419087341378,51.94297679616419,50.8528821572682,51.04364776611328,3695300,-0.3906059265136719,-0.7594276157829483,1.090094638895991,50.80959072113037,
2021-11-12 05:00:00+00:00,DELL,51.19808053284838,51.39793220234631,50.72570606469032,50.87105178833008,3945600,-0.17259597778320312,-0.3381340976531533,0.6722261376559899,50.87354354858398,
2021-11-15 05:00:00+00:00,DELL,51.297993282379885,52.26999321102728,51.12539289718067,51.506927490234375,7123900,0.6358757019042969,1.2499755353007513,1.1446003138466097,50.94765033721924,
2021-11-16 05:00:00+00:00,DELL,51.55234736753935,51.88845861797357,51.33432710503516,51.506927490234375,6305700,0.0,0.0,0.5541315129384117,50.972031593322754,
2021-11-17 05:00:00+00:00,DELL,51.68862364962583,51.961146448285945,50.82563189943929,50.87105178833008,3566600,-0.6358757019042969,-1.234544036867391,1.1355145488466576,50.94574184417725,
2021-11-18 05:00:00+00:00,DELL,50.78927973254756,51.48875690568797,50.453168494781046,50.78019714355469,5020300,-0.09085464477539062,-0.1785979286479611,1.035588410906925,50.88383140563965,
2021-11-19 05:00:00+00:00,DELL,50.74386254644196,50.871039590969055,49.93537693596439,49.98079681396485,3828900,-0.7994003295898366,-1.5742363648765467,0.9356626550046627,50.74603786468506,
2021-11-22 05:00:00+00:00,DELL,50.26240961535832,50.58035225206272,49.34491206604304,50.08072662353516,6228400,0.0999298095703125,0.19993640746118757,1.2354401860196802,50.66503829956055,
2021-11-23 05:00:00+00:00,DELL,49.9353794533374,50.162482320103074,49.23590220786135,49.6628532409668,4646700,-0.4178733825683665,-0.8343995998891685,0.926580112241723,50.611029052734374,
2021-11-24 05:00:00+00:00,DELL,50.28057223450322,52.687863956576095,49.78094663142621,52.05197525024414,13025100,2.3891220092773438,4.810682136375033,2.906917325149884,50.71837387084961,
2021-11-26 05:00:00+00:00,DELL,51.32525257600707,52.44259836669118,50.8619642102366,51.03456115722656,3858600,-1.0174140930175781,-1.9546118819243175,1.580634156454579,50.73594284057617,
2021-11-29 05:00:00+00:00,DELL,51.82486689247959,52.56976392323245,51.28890405666334,52.2972412109375,5353600,1.2626800537109375,2.4741665747274544,1.2808598665691093,50.818717575073244,
2021-11-30 05:00:00+00:00,DELL,52.26091822839158,52.5516096631068,50.616695450530216,51.29800415039063,9760600,-0.9992370605468679,-1.9106879013302214,1.9349142125765866,50.816538429260255,
2021-12-01 05:00:00+00:00,DELL,51.77036997175467,52.00655542361253,50.48950996805645,50.59851837158203,6301600,-0.6994857788086009,-1.3635730870891427,1.5170454555560795,50.86604671478271,
2021-12-02 05:00:00+00:00,DELL,50.41684143742328,52.02473030991405,50.41684143742328,51.91572189331055,6671100,1.3172035217285156,2.603245241402763,1.6078888724907685,50.95461711883545,
2021-12-03 05:00:00+00:00,DELL,52.23365480812001,53.26924323595242,52.17006628818745,53.12389755249024,8107200,1.2081756591796946,2.3271864766949646,1.099176947764974,51.132210922241214,50.19391395568848
2021-12-06 05:00:00+00:00,DELL,53.36917495727539,53.86880058296138,52.81504339475799,53.36917495727539,5165000,0.24527740478514914,0.4617082256489047,1.0537571882033845,51.24076633453369,50.304725875854494
2021-12-07 05:00:00+00:00,DELL,53.82337109803772,54.041391341147765,52.86953989822394,53.51451110839844,4197500,0.14533615112304688,0.2723222744953402,1.171851442923824,51.394288063049316,50.409328079223634
2021-12-08 05:00:00+00:00,DELL,53.596276881694095,53.596276881694095,52.61519082796624,53.051231384277344,3505900,-0.46327972412109375,-0.8657085985195323,0.9810860537278572,51.499663543701175,50.50079719543457
2021-12-09 05:00:00+00:00,DELL,53.005811755780336,53.214749458601815,52.31542051294655,52.36992645263672,4445000,-0.681304931640625,-1.2842396186915739,0.8993289456552631,51.54644718170166,50.577811584472656
2021-12-10 05:00:00+00:00,DELL,52.37899933779372,52.75144786004356,51.879373778480186,52.324493408203125,3037400,-0.04543304443359375,-0.08675407339875374,0.8720740815633761,51.610489463806154,50.666256790161135
2021-12-13 05:00:00+00:00,DELL,51.915724267819,52.224584350084726,50.56218946060046,50.616695404052734,3542400,-1.7077980041503906,-3.2638596055335145,1.6623948894842684,51.597771644592285,50.70452301025391
2021-12-14 05:00:00+00:00,DELL,49.68102071845303,50.10797520683816,49.29040351957188,49.62651824951172,4771500,-0.9901771545410156,-1.9562263925703371,0.8175716872662804,51.50375118255615,50.72795852661133
2021-12-15 05:00:00+00:00,DELL,49.998960195347976,50.93462275186499,49.46299737460301,50.907371520996094,3518100,1.280853271484375,2.580985563090521,1.4716253772619794,51.47377338409424,50.770657272338866
2021-12-16 05:00:00+00:00,DELL,51.09814146068008,51.27073837987848,49.91720732887392,49.95354461669922,2863300,-0.953826904296875,-1.8736518421570425,1.353531051004559,51.4278980255127,50.79823875427246
2021-12-17 05:00:00+00:00,DELL,49.889959530743255,49.98988535342654,49.1087285263325,49.64469146728516,5389000,-0.3088531494140554,-0.6182807482110197,0.8811568270940384,51.37112274169922,50.805370483398434
2021-12-20 05:00:00+00:00,DELL,49.06330168078873,49.20864737651949,48.21848220675757,48.69085311889648,3697400,-0.9538383483886861,-1.9213299956093888,0.9901651697619158,51.306625556945804,50.81175010681152
2021-12-21 05:00:00+00:00,DELL,49.34490456757791,50.39866160164522,48.99970728210166,50.37141036987305,3567200,1.6805572509765696,3.4514845054632204,1.398954319543563,51.321159744262694,50.85045166015625
2021-12-22 05:00:00+00:00,DELL,50.25333194185179,50.64394922656443,49.81729476793626,50.29875183105469,3787400,-0.07265853881835938,-0.14424559146712923,0.8266544586281697,51.35295467376709,50.901052169799804
2021-12-23 05:00:00+00:00,DELL,50.50767779456339,51.09814665312545,50.35324950358507,50.76203536987305,2885900,0.4632835388183594,0.921063688368351,0.7448971495403782,51.28845767974853,50.961562957763675
2021-12-27 05:00:00+00:00,DELL,50.91646248600878,51.57960244699032,50.91646248600878,51.41608810424805,2009400,0.654052734375,1.28846830039282,0.6631399609815389,51.30753402709961,51.01379127502442
2021-12-28 05:00:00+00:00,DELL,51.3706732946071,52.08831926245,51.3706732946071,51.73403930664063,2353700,0.31795120239258523,0.6183885513575627,0.7176459678428984,51.27937393188476,51.05663215637207
2021-12-29 05:00:00+00:00,DELL,51.78853377458494,52.506179631457165,51.770368595575775,51.82487106323242,2207800,0.09083175659178977,0.17557445312439413,0.7358110358813903,51.30571727752685,51.092633743286136
2021-12-30 05:00:00+00:00,DELL,51.78852955822736,51.88845536121521,51.28890400860242,51.33432388305664,1581300,-0.49054718017578125,-0.9465478063172772,0.5995513526127851,51.34250755310059,51.098934173583984
2021-12-31 05:00:00+00:00,DELL,51.26165582465223,51.48875867573954,51.0163843296402,51.02546691894531,1252900,-0.3088569641113281,-0.6016578007629447,0.47237434609933615,51.29799480438233,51.09150657653809
2022-01-03 05:00:00+00:00,DELL,51.016390524417005,51.87029610067941,51.00730793400902,51.76128768920898,2906500,0.7358207702636648,1.442065726576347,0.8629881666703909,51.229864311218265,51.08636421203613
2022-01-04 05:00:00+00:00,DELL,52.006556237629866,53.59627629729541,52.006556237629866,53.13298797607422,5745700,1.3717002868652415,2.650050545692295,1.5897200596655452,51.218054962158206,51.09429061889649
2022-01-05 05:00:00+00:00,DELL,53.02398056836646,54.050486577864525,52.56977479880457,52.669700622558594,6049000,-0.463287353515625,-0.8719392060620446,1.480711779059952,51.17581443786621,51.11367027282715
2022-01-06 05:00:00+00:00,DELL,52.66969907882656,53.323756476726274,52.3063365530161,52.72420501708984,3751300,0.054504394531242895,0.10348339536203621,1.0174199237101718,51.15946311950684,51.15329360961914
2022-01-07 05:00:00+00:00,DELL,52.778709590933104,53.11482435896359,52.07014969188029,52.67878723144531,3516200,-0.045417785644524145,-0.0861421914845395,1.0446746670832994,51.174906158447264,51.20876777648926
2022-01-10 05:00:00+00:00,DELL,53.75071223926422,54.51377811521326,53.24200396550833,54.39568710327149,10511600,1.716899871826179,3.2591864051139785,1.2717741497049317,51.278465843200685,51.28301788330078
2022-01-11 05:00:00+00:00,DELL,54.50468197897757,55.1224019852978,54.25941049423445,54.73178482055664,7313500,0.33609771728514914,0.6178756721044065,0.8629914910633474,51.484220314025876,51.36481864929199
2022-01-12 05:00:00+00:00,DELL,54.91347623029102,54.967978702849024,53.705287263970256,54.45927047729492,3098100,-0.27251434326171875,-0.49790874563141463,1.2626914388787682,51.72585792541504,51.42717231750488
2022-01-13 05:00:00+00:00,DELL,54.95888844143523,55.16782264281288,54.38658830225291,54.65911102294922,4133000,0.19984054565429688,0.36695413637171104,0.7812343405599691,51.913444900512694,51.52818748474121
2022-01-14 05:00:00+00:00,DELL,54.48651940546323,55.20416529647234,54.17765936789695,54.98614501953125,5790400,0.32703399658203125,0.5983156155699776,1.0265059285753892,52.1650749206543,51.62502410888672
2022-01-18 05:00:00+00:00,DELL,54.75904665594504,55.24050712973431,53.959646993820826,54.032318115234375,5053900,-0.953826904296875,-1.7346677130358423,1.2808601359134855,52.38445625305176,51.7142300415039
2022-01-19 05:00:00+00:00,DELL,54.50469156434577,54.9225600346635,52.62427998260104,52.65153121948242,3957500,-1.3807868957519531,-2.555483354993504,2.2982800520624593,52.58249015808106,51.74329933166504
2022-01-20 05:00:00+00:00,DELL,52.89679428021797,53.64169133513717,52.09739129494575,52.14281463623047,2893700,-0.5087165832519531,-0.9661952301659116,1.5443000401914162,52.67106037139892,51.77727409362793
2022-01-21 05:00:00+00:00,DELL,51.98839366868357,52.00656231589812,50.198821769174536,50.480430603027344,4212100,-1.662384033203125,-3.1881363612620284,1.8077405467235863,52.68014430999756,51.76800827026367
2022-01-24 05:00:00+00:00,DELL,49.76278297179292,50.49859756551592,48.53642878090292,50.34416580200195,5523700,-0.13626480102539062,-0.2699358927758855,1.9621687846130058,52.659250831604005,51.746206512451174
2022-01-25 05:00:00+00:00,DELL,49.82636847658144,50.89829430418028,48.69085412237207,50.36233139038086,4421900,0.01816558837890625,0.036082807390935834,2.2074401818082094,52.60656299591064,51.73258018493652
2022-01-26 05:00:00+00:00,DELL,51.04364038490963,51.53418342127478,49.91721207768019,50.27149200439453,3126700,-0.09083938598632812,-0.18037168550080196,1.6169713435945923,52.53343563079834,51.72058898925781
2022-01-27 05:00:00+00:00,DELL,50.72569024416858,52.32449270556528,50.00804444144391,50.37141036987305,4359300,0.09991836547851562,0.19875750946436455,2.3164482641213695,52.46076259613037,51.69787864685058
2022-01-28 05:00:00+00:00,DELL,50.37141961728448,51.21624261046145,49.699193565874594,51.08906555175781,3920500,0.7176551818847656,1.424727194682629,1.5170490445868552,52.44849967956543,51.689521408081056
2022-01-31 05:00:00+00:00,DELL,51.070890614226215,51.60685348510742,50.825619117519786,51.60685348510742,3319000,0.5177879333496094,1.013500497136799,0.7812343675876363,52.477569007873534,51.7042374420166
2022-02-01 05:00:00+00:00,DELL,51.67044757188593,53.25108165604201,51.316167638034216,53.20566177368164,3395200,1.5988082885742188,3.0980541935880623,1.9349140180077953,52.54978771209717,51.75274673461914
2022-02-02 05:00:00+00:00,DELL,53.58718816566884,54.24124199473516,53.28741075063957,53.95963668823242,3886500,0.7539749145507812,1.4170952665863323,0.9538312440955892,52.59112014770508,51.83232353210449
2022-02-03 05:00:00+00:00,DELL,53.51451776710575,54.59552613269391,53.45092924356025,53.777957916259766,2814900,-0.18167877197265625,-0.3366938384377183,1.144596889133659,52.64653301239014,51.90626815795898
2022-02-04 05:00:00+00:00,DELL,53.668936859542896,53.87787102554552,52.91495387911644,53.36007690429688,1952100,-0.4178810119628835,-0.7770488656590246,0.9629171464290778,52.67832660675049,51.980212631225584
2022-02-07 05:00:00+00:00,DELL,53.66895985631317,54.1685855513024,53.45093954406072,53.5599479675293,2132500,0.19987106323241477,0.37457041823776294,0.717646007241683,52.72238464355469,52.01037208557129
2022-02-08 05:00:00+00:00,DELL,53.696204673648886,54.53194159581056,53.25108151097416,54.45927047729492,2933500,0.899322509765625,1.6790951893957073,1.280860084836398,52.72556381225586,52.07886627197266
2022-02-09 05:00:00+00:00,DELL,54.76812931497215,55.41310063826658,54.55919508905908,55.20416641235352,3346900,0.7448959350586009,1.3678037339283966,0.8539055492074965,52.749182891845706,52.13700477600098
2022-02-10 05:00:00+00:00,DELL,54.90437965326807,55.903634197560166,54.63185694675721,55.15873718261719,3676800,-0.04542922973633523,-0.08229311787265603,1.2717772508029555,52.784156227111815,52.21421943664551
2022-02-11 05:00:00+00:00,DELL,55.18599827540551,55.68562390417749,53.91422079733607,54.059566497802734,2449800,-1.0991706848144531,-1.992740843894536,1.7714031068414187,52.75417900085449,52.28344039916992
2022-02-14 05:00:00+00:00,DELL,53.77797067256658,54.1867566104063,52.89681025825823,53.2329216003418,2902500,-0.8266448974609375,-1.5291371185792602,1.2899463521480712,52.66651782989502,52.309784393310544
2022-02-15 05:00:00+00:00,DELL,53.505434415486505,54.89530278935192,53.469097126745226,54.34117126464844,3400900,1.1082496643066406,2.0818877322328344,1.426205662606698,52.68196048736572,52.33412986755371
2022-02-16 05:00:00+00:00,DELL,53.92330451121956,54.99523030510558,53.89605327647634,54.76812744140625,3001700,0.4269561767578125,0.7856955726597725,1.0991770286292422,52.787790298461914,52.36210891723633
2022-02-17 05:00:00+00:00,DELL,54.70453220463859,54.840791826950536,53.814289504006304,53.83245468139648,2716100,-0.9356727600097727,-1.7084256915864127,1.026502322944232,52.87227230072021,52.368467788696286
2022-02-18 05:00:00+00:00,DELL,53.82337856588371,54.4229299859797,53.37825542937676,53.50543594360352,3198000,-0.32701873779295454,-0.607475062633478,1.044674556602942,53.023522567749026,52.377551879882816
2022-02-22 05:00:00+00:00,DELL,53.00581221773989,53.62353234501871,51.697700841610335,51.897552490234375,3316400,-1.6078834533691477,-3.005084296601024,1.925831503408375,53.10119190216064,52.36810440063476
2022-02-23 05:00:00+00:00,DELL,52.40625557298821,53.03306169451896,51.37066706910311,51.5796012878418,3477400,-0.3179512023925781,-0.6126516321793951,1.6623946254158497,53.16205539703369,52.35320655822754
2022-02-24 05:00:00+00:00,DELL,50.04439172548362,50.83470879259927,49.39033430976584,50.72570037841797,6516000,-0.8539009094238281,-1.6555011828389365,1.4443744828334317,53.18476581573486,52.355386657714845
2022-02-25 05:00:00+00:00,DELL,46.101877808113166,48.19122330142783,44.65750356674394,46.746849060058594,14711100,-3.978851318359375,-7.843856839189622,3.533719734683892,53.00353775024414,52.297793273925784
2022-02-28 05:00:00+00:00,DELL,46.15638106530893,47.24647189237569,45.70217539892637,46.29264068603516,6844300,-0.4542083740234304,-0.9716342024248092,1.5442964934493162,52.763716506958005,52.20549865722656
2022-03-01 05:00:00+00:00,DELL,45.438742451376406,45.91111683479674,45.05720782944218,45.31156539916992,5359800,-0.9810752868652415,-2.1192899612685,0.8539090053545664,52.44895210266113,52.11265907287598
2022-03-02 05:00:00+00:00,DELL,45.8475277295813,48.91795598505797,45.66584474358917,48.69085311889648,6072200,3.3792877197265554,7.4578922399985315,3.2521112414688034,52.223211669921874,52.0935823059082
2022-03-03 05:00:00+00:00,DELL,48.49099938297065,49.0087935811151,47.66434518371246,47.77335357666016,4004200,-0.9174995422363139,-1.8843365508423249,1.3444483974026369,51.91389751434326,52.075232315063474
2022-03-04 05:00:00+00:00,DELL,47.3100693015468,47.682517852098194,46.692349247171606,47.20105743408203,2984600,-0.5722961425781321,-1.1979400643494453,0.9901686049265876,51.585052490234375,52.011825256347656
2022-03-07 05:00:00+00:00,DELL,46.71052382761014,47.0012187340415,44.49400072277154,44.81194686889648,4649800,-2.389110565185554,-5.061561530739079,2.5072180112699627,51.15764598846435,51.90208915710449
2022-03-08 05:00:00+00:00,DELL,45.19347241842611,46.80136119970338,44.557583671234525,45.63859558105469,5920600,0.8266487121582102,1.84470608825964,2.243777528468854,50.76157836914062,51.799620361328124
2022-03-09 05:00:00+00:00,DELL,46.73777365252468,47.746110999686486,46.447082241761,47.21923065185547,4199800,1.5806350708007812,3.463373600078379,1.299028757925484,50.399576377868655,51.715683212280275
2022-03-10 05:00:00+00:00,DELL,46.61058885988416,47.41907442850948,46.35623131868255,47.21014022827149,3590400,-0.00909042358397727,-0.019251528367758564,1.0628431098269289,49.99987506866455,51.62520523071289
2022-03-11 05:00:00+00:00,DELL,47.23740407238933,47.900544136798494,46.81953556034772,47.24648666381836,2977400,0.036346435546867895,0.07698862018017394,1.0810085764507775,49.60426254272461,51.53363754272461
2022-03-14 04:00:00+00:00,DELL,47.11022782815167,47.74611666413011,45.765779027539885,46.09280776977539,3406400,-1.1536788940429688,-2.4418300184984143,1.980337636590228,49.205924606323244,51.428807220458985
2022-03-15 04:00:00+00:00,DELL,46.09280598781715,47.41908608866208,45.9292916230209,47.31007766723633,2477400,1.2172698974609375,2.640910711148181,1.4897944656411752,48.90978240966797,51.354499435424806
2022-03-16 04:00:00+00:00,DELL,46.80135441679959,47.62800862874748,45.98378279385579,47.21014022827149,5130700,-0.09993743896483664,-0.21123921982915128,1.6442258348916923,48.55323085784912,51.26347648620605
2022-03-17 04:00:00+00:00,DELL,46.71960189095319,46.746853125984266,44.9845361325753,45.88386154174805,5634300,-1.3262786865234446,-2.8093089325949783,1.762316993408966,48.109017562866214,51.11849395751953
2022-03-18 04:00:00+00:00,DELL,45.79302353473687,47.137472137676255,45.44782619476268,47.082969665527344,4907200,1.1991081237792969,2.6133548561257713,1.6896459429135717,47.77154331207275,51.006759338378906
2022-03-21 04:00:00+00:00,DELL,47.01028958452026,48.11855259280475,46.94670106423978,47.52808380126953,3853500,0.4451141357421875,0.9453824576152181,1.1718515285649644,47.47267570495605,50.9028369140625
2022-03-22 04:00:00+00:00,DELL,47.63710483785347,48.44559410295136,47.50992776354818,48.13673400878906,2764900,0.6086502075195312,1.2806117117292182,0.9356663394031841,47.28463478088379,50.811995849609374
2022-03-23 04:00:00+00:00,DELL,47.75519657638918,48.50009379621483,47.69160804289054,47.782447814941406,2895900,-0.35428619384765625,-0.7359996500447386,0.808485753324284,47.09477710723877,50.67973106384277
2022-03-24 04:00:00+00:00,DELL,47.80969692372188,48.91795656736844,47.62801393556703,48.60909652709961,2806000,0.8266487121582031,1.7300258776188349,1.2899426318014093,46.98894691467285,50.557277297973634
2022-03-25 04:00:00+00:00,DELL,48.60001792817174,49.85362683754176,48.47284086561385,49.77186965942383,3715400,1.1627731323242188,2.392089578698453,1.3807859719279136,47.140197944641116,50.46352928161621
2022-03-28 04:00:00+00:00,DELL,49.28132419735572,49.58110165766774,48.7998672081072,49.32674407958984,2892100,-0.4451255798339915,-0.8943316433155379,0.7812344495605359,47.29190311431885,50.35688194274903
2022-03-29 04:00:00+00:00,DELL,49.771862806733495,50.23515110873864,49.335825738577306,49.9898796081543,3417800,0.6631355285644602,1.3443732014715604,0.8993253701613355,47.525818824768066,50.25695663452149
2022-03-30 04:00:00+00:00,DELL,49.69010314774193,50.18972871336412,49.21772881460195,49.34490585327149,2829000,-0.6449737548828054,-1.2902086581092709,0.9719998987621707,47.55852146148682,50.163208389282225
2022-03-31 04:00:00+00:00,DELL,46.601511345351206,46.93762264512564,45.5750053340609,45.59317398071289,6459300,-3.751731872558601,-7.603078388100459,1.3626173110647457,47.44951248168945,50.02204124450684
2022-04-01 04:00:00+00:00,DELL,44.12154824443497,44.51216548407141,43.24947399723897,44.33048248291016,8086300,-1.2626914978027273,-2.769474874324118,1.2626914868324377,47.30598373413086,49.86579460144043
2022-04-04 04:00:00+00:00,DELL,44.45765378133994,45.275225447930985,44.28505685853275,44.85735702514648,3326400,0.5268745422363139,1.1885152444244929,0.9901685893982375,47.30825424194336,49.75333312988281
2022-04-05 04:00:00+00:00,DELL,44.38498728728447,45.04812727903917,44.20330429077149,44.20330429077149,3335000,-0.6540527343749858,-1.4580723826602915,0.8448229882676799,47.2364896774292,49.63051589965821
2022-04-06 04:00:00+00:00,DELL,43.82176743978607,44.003446947447614,42.46823292969485,42.804344177246094,6815300,-1.3989601135253977,-3.164831534590651,1.5352140177527644,47.01574535369873,49.47935615539551
2022-04-07 04:00:00+00:00,DELL,43.16771146063049,44.24871981209248,42.63174857966884,43.32213973999024,6182900,0.5177955627441477,1.2096799348216614,1.6169712324236443,46.82134532928467,49.340369110107424
2022-04-08 04:00:00+00:00,DELL,43.09504146518316,43.69459293260724,42.804350054633,43.04962158203125,3707700,-0.2725181579589915,-0.6290505491985954,0.8902428779742451,46.61150207519531,49.19393333435059
2022-04-11 04:00:00+00:00,DELL,42.63176039720255,43.63101185855077,42.46824601766331,42.64992904663086,3663000,-0.3996925354003906,-0.9284461064048455,1.1627658408874595,46.439358139038085,49.02515060424805
2022-04-12 04:00:00+00:00,DELL,42.72259006358176,43.40389866190967,42.70442141845525,42.78617858886719,3970200,0.13624954223632812,0.3194601850037282,0.6994772434544245,46.213163185119626,48.84873710632324
2022-04-13 04:00:00+00:00,DELL,42.64083683121126,43.34940019532479,42.6135855936621,42.97695159912109,3200100,0.19077301025389914,0.44587531895998733,0.735814601662689,46.00150375366211,48.64416290283203
2022-04-14 04:00:00+00:00,DELL,42.84068644840269,43.32214343727797,42.595414926150696,42.64083480834961,3678200,-0.33611679077147727,-0.7820861607558793,0.726728511127277,45.839352416992185,48.417786865234376
2022-04-18 04:00:00+00:00,DELL,42.42281681298984,43.44023670039587,42.35922828660913,43.09503936767578,3565000,0.4542045593261719,1.0651868364388362,1.0810084137867406,45.63995590209961,48.2041284942627
2022-04-19 04:00:00+00:00,DELL,43.13163252821556,44.04640731363188,43.05844887037959,43.90004348754883,4394000,0.8050041198730469,1.867973974927728,0.987958443252289,45.458553886413576,48.014927825927735
2022-04-20 04:00:00+00:00,DELL,44.3665795618174,45.39112640141773,44.3665795618174,44.82396697998047,3039900,0.9239234924316406,2.104607237333811,1.024546839600326,45.29291553497315,47.840208206176754
2022-04-21 04:00:00+00:00,DELL,44.970324512445,45.272201841132826,43.81770991561101,44.10128784179688,3098800,-0.7226791381835866,-1.612260553614886,1.4544919255218147,45.10885753631592,47.6330485534668
2022-04-22 04:00:00+00:00,DELL,43.918338673240754,43.918338673240754,42.83890756901538,42.87549591064453,4111900,-1.2257919311523509,-2.7794923711742747,1.079431104225371,44.822177505493165,47.38647514343262
2022-04-25 04:00:00+00:00,DELL,42.57361654181971,43.25969758561513,42.02474961303019,43.24140167236328,6537200,0.36590576171875,0.853414646168349,1.2349479725849406,44.49565410614014,47.14812843322754
2022-04-26 04:00:00+00:00,DELL,42.97611835506403,43.61646139316209,42.50958475692318,42.546173095703125,4114600,-0.6952285766601562,-1.6077845531646928,1.1068766362389084,44.1566255569458,46.91786056518555
2022-04-27 04:00:00+00:00,DELL,42.54617946742077,43.287148399706055,41.83265615531673,42.58277130126953,3404400,0.03659820556640625,0.08601997054842325,1.4544922443893284,43.78627014160156,46.7048575592041
2022-04-28 04:00:00+00:00,DELL,43.11334148900438,44.30254814660308,42.866351850261765,44.01896667480469,2604600,1.4361953735351562,3.372714667568699,1.4361962963413148,43.51997318267822,46.498413467407225
2022-04-29 04:00:00+00:00,DELL,43.67134774545914,45.02521394570429,42.93037894772978,43.00355911254883,4124000,-1.0154075622558594,-2.3067501101452503,2.094834997974509,43.39049243927002,46.26312210083008
2022-05-02 04:00:00+00:00,DELL,42.77487019438137,43.48839694602832,42.44555418160866,43.451805114746094,3573200,0.4482460021972656,1.0423462881854029,1.0428427644196603,43.346558570861816,46.05550910949707
2022-05-03 04:00:00+00:00,DELL,43.589028085962,44.14703787833696,43.19567457538342,43.77198028564453,2943600,0.3201751708984375,0.7368512540570693,0.9513633029535384,43.29228973388672,45.86083999633789
2022-05-04 04:00:00+00:00,DELL,44.0647029071433,44.86055954018861,43.20481580327046,44.65016174316406,4166600,0.8781814575195312,2.0062639427979923,1.6557437369181471,43.31463260650635,45.715892181396484
2022-05-05 04:00:00+00:00,DELL,44.50378996102568,44.6958918079785,42.91208046870168,43.23225021362305,3265300,-1.4179115295410156,-3.17560222446025,1.7838113392768165,43.33602790832519,45.54894515991211
2022-05-06 04:00:00+00:00,DELL,42.76572717266166,42.93038693612996,41.49419060222591,41.69544219970703,5542700,-1.5368080139160156,-3.5547722043664187,1.43619633390405,43.254693031311035,45.36833999633789
2022-05-09 04:00:00+00:00,DELL,41.1374169592863,41.91497401277774,40.87213147436773,41.33866500854492,4320500,-0.3567771911621094,-0.8556743191576399,1.0428425384100137,43.16914520263672,45.26017631530762
2022-05-10 04:00:00+00:00,DELL,42.12537886026816,42.308334518264935,40.91787640291399,41.62225341796875,5163100,0.2835884094238281,0.6860125003195217,1.3904581153509454,43.11776142120361,45.16676856994629
2022-05-11 04:00:00+00:00,DELL,41.50332784750139,42.29003466083103,40.56111100760541,40.625144958496094,4552400,-0.9971084594726562,-2.3956138305625596,1.7289236532256211,43.00970973968506,45.07304016113281
2022-05-12 04:00:00+00:00,DELL,40.4056066283386,41.07339539221415,39.49083170637026,40.01225662231445,5832700,-0.6128883361816406,-1.5086428289862952,1.582563685843894,42.86147499084473,44.89946823120117
2022-05-13 04:00:00+00:00,DELL,40.4787852198544,41.722879516019184,40.41475126251553,41.247196197509766,4100500,1.2349395751953125,3.0864032160250687,1.3081282535036536,42.79179306030274,44.76894508361816
2022-05-16 04:00:00+00:00,DELL,40.99106603545552,41.47589563364915,40.67089271490602,41.19231414794922,5127700,-0.054882049560546875,-0.133056436849055,0.8050029187431349,42.69665679931641,44.64877021789551
2022-05-17 04:00:00+00:00,DELL,42.07050148827787,42.7474329971457,41.58566839182984,42.63766098022461,4664700,1.4453468322753906,3.5087779411571374,1.1617646053158595,42.633537673950194,44.60528450012207
2022-05-18 04:00:00+00:00,DELL,42.01560944648947,42.21686103162765,39.55486633827178,39.618900299072266,4560600,-3.0187606811523438,-7.080033500318994,2.6619946933558722,42.373284339904785,44.48489059448242
2022-05-19 04:00:00+00:00,DELL,38.88706480170512,38.92365662141007,37.39598478940226,37.59723281860352,7072800,-2.021667480468743,-5.102785451407598,1.5276718320078047,42.04808158874512,44.29245063781738
2022-05-20 04:00:00+00:00,DELL,37.83508644331592,37.94485844268647,35.063319904484025,36.6367301940918,9450800,-0.9605026245117259,-2.5547162716625715,2.8815385382024417,41.73614330291748,44.08098243713379
2022-05-23 04:00:00+00:00,DELL,36.837975561399176,37.999739785244486,36.837975561399176,37.70701217651367,8961000,1.070281982421875,2.921335983729456,1.16176422384531,41.459423828125,43.890192947387696
2022-05-24 04:00:00+00:00,DELL,37.2862167979521,37.91741360072032,36.49951345426305,37.395992279052734,6600600,-0.3110198974609375,-0.8248330469807441,1.4179001464572707,41.20191478729248,43.716256637573245
2022-05-25 04:00:00+00:00,DELL,37.45087610915777,39.957360399369705,37.395991858812906,39.609745025634766,6045400,2.2137527465820312,5.91975934229203,2.561368540556799,41.05326347351074,43.562249984741214
2022-05-26 04:00:00+00:00,DELL,38.77730030587318,40.57940764340706,38.42053871895989,40.18605422973633,6899900,0.5763092041015625,1.4549682249370255,2.1588689244471695,40.86161785125732,43.421768264770506
2022-05-27 04:00:00+00:00,DELL,46.095495592345614,48.117146798761866,44.320833968416494,45.354530334472656,15886600,5.168476104736328,12.86136746640787,3.7963128303453715,40.979166412353514,43.411181640625
2022-05-31 04:00:00+00:00,DELL,45.21731952770688,46.159536473470034,44.24765696448635,45.68385314941406,13254200,0.32932281494140625,0.7261078717225589,1.9118795089836809,41.090768814086914,43.383199310302736
2022-06-01 04:00:00+00:00,DELL,45.97658503841177,47.14749928587496,45.64726900495173,46.35164260864258,5584400,0.6677894592285156,1.4617625554579128,1.5002302809232262,41.21975193023682,43.3596704864502
2022-06-02 04:00:00+00:00,DELL,45.73873831116623,46.96453663748904,45.6747043566977,46.90964889526367,3747400,0.5580062866210938,1.2038543948322822,1.2898322807913374,41.332726287841794,43.33512878417969
2022-06-03 04:00:00+00:00,DELL,46.61692240655847,47.3395953273174,46.36078658232548,46.67181015014648,2721800,-0.2378387451171946,-0.5070145497107048,0.9788087449919161,41.504704284667966,43.31291603088379
2022-06-06 04:00:00+00:00,DELL,46.75413829878629,46.91879803389707,45.68385002056623,45.77532958984375,2722900,-0.8964805603027273,-1.92081806430624,1.2349480133308361,41.7086986541748,43.256240692138675
2022-06-07 04:00:00+00:00,DELL,45.51919712013676,46.89135945903013,45.162435470358766,46.79073715209961,2451900,1.0154075622558594,2.2182419468174563,1.7289239886713617,41.98130226135254,43.19661804199219
2022-06-08 04:00:00+00:00,DELL,46.81817610661457,46.9279481091954,46.040618896484375,46.040618896484375,2511100,-0.7501182556152344,-1.6031340843741693,0.8873292127110233,42.20222053527832,43.13089553833008
2022-06-09 04:00:00+00:00,DELL,45.92169624188152,47.019426713758605,45.73874058163717,46.05891036987305,3142800,0.018291473388671875,0.03972899111064354,1.2806861321214384,42.47390880584717,43.052276153564456
2022-06-10 04:00:00+00:00,DELL,45.3728250938694,46.01316810111764,44.85140377829593,44.9703254699707,2544600,-1.0885848999023438,-2.3634621209241313,1.1617643228217105,42.72181224822998,42.96478454589844
2022-06-13 04:00:00+00:00,DELL,43.76282748178346,44.24765701919871,43.06760015474292,43.22311019897461,2612700,-1.7472152709960938,-3.885262676523904,1.1800568644557927,42.82060794830322,42.91738327026367
2022-06-14 04:00:00+00:00,DELL,43.543284180869975,43.845161575207165,43.01271654935371,43.31459045410156,2352400,0.09148025512695312,0.211646627708717,0.8324450258534526,42.92672176361084,42.8970654296875
2022-06-15 04:00:00+00:00,DELL,43.68964851646645,44.43976715910279,43.1133428310502,43.82686614990234,2515300,0.5122756958007741,1.1826862275048144,1.326424328052596,42.986182022094724,42.87645561218262
2022-06-16 04:00:00+00:00,DELL,42.89378625985414,43.07674190261378,41.53077387495146,41.97901153564453,2830700,-1.8478546142578054,-4.21625997153785,1.545968027662326,43.10418758392334,42.83196975708008
2022-06-17 04:00:00+00:00,DELL,42.61935535474923,43.84515364819244,42.39066166932765,43.53413009643555,5094900,1.5551185607910156,3.7045144797431817,1.4544919788647945,43.40103244781494,42.84656547546387
2022-06-21 04:00:00+00:00,DELL,44.66845496828441,45.23561436477794,44.21106757023728,45.03436279296875,5271400,1.5002326965332031,3.446106981372843,1.0245467945406546,43.820914077758786,42.880809936523434
2022-06-22 04:00:00+00:00,DELL,44.52208930407411,45.52834371089481,44.28424938367738,44.46720504760742,3735800,-0.5671577453613281,-1.2593888537263398,1.2440943272174323,44.15892372131348,42.90916160583496
2022-06-23 04:00:00+00:00,DELL,44.47634653902923,45.34538323325113,44.20191481706144,44.86055374145508,3014000,0.39334869384765625,0.8845815549381353,1.143468416189684,44.532151794433595,42.95337409973145
2022-06-24 04:00:00+00:00,DELL,45.09839342460928,46.37907944055707,44.869699742446365,45.967430114746094,9204600,1.1068763732910156,2.467371177962452,1.5093796981107062,44.85003604888916,43.016999130249026
2022-06-27 04:00:00+00:00,DELL,46.068062105253176,46.16868789730787,45.65641272393357,45.958290100097656,3329700,-0.0091400146484375,-0.019883675518994615,0.5122751733742987,45.138647842407224,43.07662590026855
2022-06-28 04:00:00+00:00,DELL,46.0772055396716,46.33334485570684,44.71419304655198,44.76907730102539,3149800,-1.1892127990722656,-2.5875914801924638,1.6191518091548573,45.109375190734866,43.11919075012207
2022-06-29 04:00:00+00:00,DELL,44.81481504590325,44.85140338259768,43.223105498476855,43.351173400878906,3346400,-1.4179039001464844,-3.1671501527997914,1.6282978841208262,44.99274120330811,43.12431343078613
2022-06-30 04:00:00+00:00,DELL,42.68340084677282,43.25971006692274,41.99731960502899,42.271751403808594,3976900,-1.0794219970703125,-2.489948742767889,1.2623904618937516,44.7887466430664,43.09174758911133
2022-07-01 04:00:00+00:00,DELL,41.89667747204521,42.48213267853153,38.79559202609607,39.097469329833984,6384400,-3.1742820739746094,-7.50922771959861,3.686540652435461,44.39813766479492,42.9772176361084
2022-07-05 04:00:00+00:00,DELL,38.42968997635754,39.52742049608284,38.02719029794688,39.46338653564453,3849800,0.3659172058105469,0.935910206166013,1.5002301981359594,44.037716484069826,42.88445960998535
2022-07-06 04:00:00+00:00,DELL,39.02428825803302,39.43593756773993,37.990591878010896,38.603492736816406,3685400,-0.859893798828125,-2.178966060227605,1.4453456897290309,43.679124641418454,42.79901954650879
2022-07-07 04:00:00+00:00,DELL,39.07002445996568,39.76525514806339,39.00599051363936,39.28042221069336,2983500,0.6769294738769531,1.7535446299949964,0.7592646344240279,43.303608894348145,42.71979995727539
2022-07-08 04:00:00+00:00,DELL,38.79559337916376,39.56400423687387,38.53030788897599,39.26212692260742,3315000,-0.0182952880859375,-0.04657609836219434,1.0336963478978802,42.964684295654294,42.65411903381348
2022-07-11 04:00:00+00:00,DELL,38.786446612498565,39.37190183101973,38.70411675429476,38.85962677001953,2400000,-0.4025001525878906,-1.0251613555762984,0.667785076724968,42.60472011566162,42.57965614318848
2022-07-12 04:00:00+00:00,DELL,38.81389453309871,39.975658932582185,38.759006789568,39.38105392456055,4518200,0.5214271545410156,1.3418223433460774,1.216652143014187,42.325256538391116,42.48689788818359
2022-07-13 04:00:00+00:00,DELL,38.8779311890148,39.86588970364432,38.79560131279568,39.46338653564453,3584700,0.08233261108398438,0.20906655073706926,1.0702883908486385,42.13727035522461,42.41609443664551
2022-07-14 04:00:00+00:00,DELL,38.9877065283719,39.161515998359455,37.81679573497517,39.06089019775391,3574700,-0.4024963378906179,-1.019923461274852,1.344720263384282,41.92458534240723,42.32827613830566
2022-07-15 04:00:00+00:00,DELL,39.39019954678294,39.76525703142415,38.99684614952648,39.756107330322266,2208800,0.6952171325683523,1.779829207805217,0.7684108818976654,41.72104740142822,42.24795867919922
2022-07-18 04:00:00+00:00,DELL,40.24094390877248,40.37815803134114,39.152359692614745,39.243839263916016,2183000,-0.51226806640625,-1.2885267215674845,1.225798338726392,41.5842887878418,42.13983222961426
2022-07-19 04:00:00+00:00,DELL,39.64945929321796,40.69116896771233,39.64945929321796,40.59898376464844,2321500,1.3551445007324219,3.453139463799748,1.0417096744943706,41.43753147125244,42.08716690063476
2022-07-20 04:00:00+00:00,DELL,40.56211073590755,41.20741774639778,40.07352280009538,40.71882629394531,2559000,0.119842529296875,0.29518603222089546,1.133894946302398,41.22175464630127,42.06763458251953
2022-07-21 04:00:00+00:00,DELL,40.65429436949597,41.24429163859247,40.3224255212194,41.16132354736328,2177600,0.44249725341796875,1.086714165638325,0.9218661173730709,41.056460571289065,42.0640877532959
2022-07-22 04:00:00+00:00,DELL,40.82022712806233,41.11522397954694,39.82461363346171,39.95367431640625,3365400,-1.2076492309570312,-2.9339416881661307,1.2906103460852307,40.81111660003662,42.03071617126465
2022-07-25 04:00:00+00:00,DELL,40.23945771353834,40.82945147015208,39.86149274341766,40.423828125,2262200,0.47015380859375,1.176747362133579,0.9679587267344232,40.533936500549316,42.02668983459473
2022-07-26 04:00:00+00:00,DELL,40.42382219447103,40.6819470626005,39.89835886228698,40.03664016723633,2309300,-0.3871879577636719,-0.9578211063197561,0.7835882003135168,40.23785400390625,42.027177505493164
2022-07-27 04:00:00+00:00,DELL,40.18414550810389,41.01382644746692,39.98133383033954,40.82945251464844,1889000,0.7928123474121094,1.980216981496108,1.0324926171273816,40.040872764587405,42.01882263183594
2022-07-28 04:00:00+00:00,DELL,40.77412513194879,41.36411869893893,40.45147349895076,41.02302932739258,1625700,0.19357681274414062,0.47411072356331463,0.9126451999881695,39.924465560913085,42.0154369354248
2022-07-29 04:00:00+00:00,DELL,41.03225840083879,41.566942424704095,40.580545982949886,41.53928756713867,2121300,0.5162582397460938,1.2584595730997572,0.9863964417542093,39.88784236907959,41.99346946716309
2022-08-01 04:00:00+00:00,DELL,41.27194395574032,42.166155159861866,41.106007783498384,41.87115478515625,1807400,0.3318672180175781,0.7989237116337033,1.0601473763634814,40.026526641845706,42.03851455688476
2022-08-02 04:00:00+00:00,DELL,41.48397460787091,41.70522401976787,40.67273145310221,40.80179214477539,2242000,-1.0693626403808594,-2.55393634560076,1.0324925666656597,40.09344692230225,42.102605743408205
2022-08-03 04:00:00+00:00,DELL,40.7556983788466,41.36412984838399,40.03664396484058,40.97694778442383,3057300,0.1751556396484375,0.4292841819960813,1.3274858835434102,40.21211967468262,42.189410095214846
2022-08-04 04:00:00+00:00,DELL,41.0138287052904,41.0138287052904,40.14727222833143,40.74648666381836,3152100,-0.23046112060546875,-0.5624165123715552,0.8665564769589693,40.28542289733887,42.25019958496094
2022-08-05 04:00:00+00:00,DELL,40.433050442958574,41.8895971508051,40.37773720722757,41.861942291259766,3221300,1.1154556274414062,2.737550446114656,1.5118599435775337,40.41541366577148,42.33951858520508
2022-08-08 04:00:00+00:00,DELL,42.073972279547135,42.81146452700274,41.66835242260666,41.89881896972656,2821200,0.036876678466796875,0.08809117888086693,1.1431121043960815,40.567373275756836,42.38530006408691
2022-08-09 04:00:00+00:00,DELL,41.77897291113553,41.87115811787853,41.08757331064237,41.56694412231445,2767400,-0.3318748474121094,-0.7920864014136053,0.78358480723616,40.67666778564453,42.412917861938475
2022-08-10 04:00:00+00:00,DELL,42.405839047235126,43.54895451669957,42.30443321728587,43.53973388671875,1967200,1.9727897644042969,4.746054361367502,1.244521299413698,40.880485153198244,42.3766219329834
2022-08-11 04:00:00+00:00,DELL,43.705671749358274,44.70128882737349,43.62270365952367,43.88082504272461,2342400,0.3410911560058594,0.7834020228357552,1.0785851678498162,41.12148189544678,42.340561370849606
2022-08-12 04:00:00+00:00,DELL,44.15739565363096,44.516922935568026,43.926929086579946,44.452392578125,1987300,0.5715675354003906,1.3025450976454689,0.5899938489880796,41.356296157836915,42.30257637023926
2022-08-15 04:00:00+00:00,DELL,44.29567174764651,44.8948862051484,44.23114139273284,44.52613830566406,2258300,0.0737457275390625,0.16589821888541856,0.6637448124155654,41.62041110992432,42.25490615844726
2022-08-16 04:00:00+00:00,DELL,44.53535091686983,45.3926866396276,44.39706960030633,44.79347229003906,2257200,0.267333984375,0.6003978663943421,0.9956170393212673,41.83013553619385,42.21733940124512
2022-08-17 04:00:00+00:00,DELL,44.50769814414821,44.50769814414821,43.49364675054712,44.09286117553711,2086900,-0.7006111145019531,-1.5640919952922494,1.0140513936010862,41.998837280273435,42.183690032958985
2022-08-18 04:00:00+00:00,DELL,44.67363169495403,45.20831573689489,44.07442082205915,45.11612701416016,2147200,1.023265838623054,2.3207063713768905,1.1338949148357358,42.19657745361328,42.1501978302002
2022-08-19 04:00:00+00:00,DELL,44.406291357596,44.50769719812878,43.63192715710631,43.94535827636719,2123000,-1.1707687377929759,-2.595011618407572,0.87577004102247,42.39616165161133,42.10829261779785
2022-08-22 04:00:00+00:00,DELL,43.30927463648796,43.53052407682889,42.91287188016421,43.180213928222656,2883200,-0.7651443481445312,-1.7411266585486196,0.6176521966646789,42.53398094177246,42.05071868896484
2022-08-23 04:00:00+00:00,DELL,42.95896145400609,44.083639289416986,42.95896145400609,43.27239608764648,2737700,0.09218215942382102,0.21348240556902098,1.1246778354108997,42.69576873779297,42.01676010131836
2022-08-24 04:00:00+00:00,DELL,43.15255090349183,43.53973295504219,42.58099142267003,42.97739410400391,1981400,-0.2950019836425639,-0.6817324907200661,0.9587415323721586,42.80316581726074,42.01184577941895
2022-08-25 04:00:00+00:00,DELL,43.68723688224544,44.258792918388906,43.4659909725436,44.15739059448242,3798400,1.1799964904785085,2.745621308781443,0.7928019458453051,42.95988388061524,42.02870178222656
2022-08-26 04:00:00+00:00,DELL,42.27678440919213,42.27678440919213,37.96245032058312,38.19291687011719,12423800,-5.964473724365234,-13.507305671976255,4.314334088609009,42.79256534576416,41.91602279663086
2022-08-29 04:00:00+00:00,DELL,37.71353779226472,39.05946130373632,37.354010616138446,37.41854095458984,6315200,-0.7743759155273509,-2.027538033192844,1.7054506875978745,42.56993465423584,41.82481338500977
2022-08-30 04:00:00+00:00,DELL,37.64901469447145,38.109947781565054,36.5888671875,36.5888671875,4619700,-0.8296737670898366,-2.217279845562947,1.5210805940650545,42.35928840637207,41.68590812683105
2022-08-31 04:00:00+00:00,DELL,36.100274589262014,36.52433213075788,35.1968462769552,35.29825210571289,6819900,-1.2906150817871094,-3.5273436457415874,1.3274858538026777,42.07535362243652,41.491185913085936
2022-09-01 04:00:00+00:00,DELL,34.966384804623786,35.058570016800445,34.20123418032389,34.7082633972168,4298400,-0.5899887084960938,-1.6714388767159583,0.8573358364765582,41.77344245910645,41.29600708007813
2022-09-02 04:00:00+00:00,DELL,35.30746468629512,35.46418372424884,34.53309715849421,34.83731460571289,3422400,0.12905120849609375,0.37181695615011723,0.931086565754633,41.4222110748291,41.09554229736328
2022-09-06 04:00:00+00:00,DELL,34.85576709125531,34.89263907168966,33.91546301568078,34.37639617919922,3994600,-0.4609184265136719,-1.3230595748562335,0.9771760560088794,41.04608993530273,40.86372161865234
2022-09-07 04:00:00+00:00,DELL,34.265764986322694,35.1691969575018,33.86936575539697,35.01247787475586,3571500,0.6360816955566406,1.8503443241718376,1.2998312021048335,40.718366622924805,40.644805374145506
2022-09-08 04:00:00+00:00,DELL,34.67138392646047,35.50106129074974,34.51466486377826,35.491844177246094,3894700,0.4793663024902344,1.369129897646748,0.9863964269714813,40.31597213745117,40.45926071166992
2022-09-09 04:00:00+00:00,DELL,35.83293078987971,36.81932713830816,35.83293078987971,36.68104934692383,3104800,1.1892051696777344,3.3506434992187195,0.9863963484284497,39.955983352661136,40.32585823059082
2022-09-12 04:00:00+00:00,DELL,36.87464024233078,37.57525685961358,36.87464024233078,37.15119934082031,2611400,0.4701499938964844,1.2817244933477134,0.7006166172828046,39.5909236907959,40.223447189331054
2022-09-13 04:00:00+00:00,DELL,36.2016795930023,36.4137083589182,35.159969989467754,35.30746841430664,3918700,-1.8437309265136719,-4.962776328159746,1.2537383694504456,39.12999019622803,40.14764717102051
2022-09-14 04:00:00+00:00,DELL,35.464191463606376,35.63012764982168,34.84653932232937,35.1507568359375,3267800,-0.15671157836914062,-0.4438482434657942,0.7835883274923106,38.64785442352295,40.06139457702637
2022-09-15 04:00:00+00:00,DELL,34.8649789612452,35.14153811441561,34.37639100675614,34.7082633972168,3472000,-0.4424934387207031,-1.258844697956274,0.7651471076594731,38.17862453460693,39.983489990234375
2022-09-16 04:00:00+00:00,DELL,34.29342465146753,35.150760531502264,34.0445203459761,34.994041442871094,5918500,0.2857780456542969,0.8233717785984362,1.1062401855261612,37.67252025604248,39.89776237487793
2022-09-19 04:00:00+00:00,DELL,34.45935516508128,35.02169403833912,34.26576061501676,34.86497497558594,2780400,-0.12906646728515625,-0.36882412537534437,0.7559334233223609,37.21850109100342,39.8098193359375
2022-09-20 04:00:00+00:00,DELL,34.46857377711363,34.54232475494264,33.850925162676475,34.06295394897461,2601800,-0.8020210266113281,-2.300363121364468,0.6913995922661655,36.762638092041016,39.7138858795166
2022-09-21 04:00:00+00:00,DELL,34.27498645175674,34.85576315689399,33.88780080945172,33.9062385559082,2533300,-0.15671539306640625,-0.46007575649827936,0.967962347442274,36.2943302154541,39.60438957214355
2022-09-22 04:00:00+00:00,DELL,33.69420532545002,33.99842282710339,33.37155359639957,33.4453010559082,2568400,-0.4609375,-1.35944746345118,0.626869230703818,35.817725563049315,39.48402786254883
2022-09-23 04:00:00+00:00,DELL,32.87374682527007,33.334679901068384,32.08094137223452,32.744686126708984,2881200,-0.7006149291992188,-2.094808260293568,1.253738528833864,35.247090339660645,39.35770378112793
2022-09-26 04:00:00+00:00,DELL,32.32984181603989,32.87374292156003,31.92422202349465,31.988752365112305,3611400,-0.7559337615966797,-2.3085692703589067,0.94952089806538,34.9368821144104,39.20235668182373
2022-09-27 04:00:00+00:00,DELL,32.55108794047966,32.89217735711091,31.850467849592228,32.00718688964844,3306600,0.018434524536132812,0.05762814481078404,1.0417095075186822,34.66631441116333,39.05762363433838
2022-09-28 04:00:00+00:00,DELL,31.813595896950247,32.63405963694347,31.813595896950247,32.53265380859375,2908400,0.5254669189453125,1.6417154083455454,0.8204637399932224,34.463503742218016,38.89629703521729
2022-09-29 04:00:00+00:00,DELL,31.97031059285213,32.200777074336564,31.16828822194533,31.51859474182129,4703500,-1.014059066772461,-3.1170499423093134,1.0324888523912357,34.27452087402344,38.7122924041748
2022-09-30 04:00:00+00:00,DELL,31.647656407628293,32.22842936278397,31.426407055683885,31.50015449523925,3041500,-0.018440246582038355,-0.058505928748053826,0.8020223071000849,34.11411542892456,38.519069023132325
2022-10-03 04:00:00+00:00,DELL,31.822826021761824,33.31624848645401,31.52782907852981,33.07656478881836,4119700,1.5764102935791087,5.004452577581353,1.7884194079241986,34.02607793807984,38.38152683258057
2022-10-04 04:00:00+00:00,DELL,33.72186801594105,34.56076613548422,33.66655477674987,34.53310775756836,2670300,1.45654296875,4.403549697646936,0.8942113587343528,34.03391351699829,38.26371242523194
2022-10-05 04:00:00+00:00,DELL,34.06295363060938,35.14153529647648,33.887796818222654,34.901851654052734,2512400,0.368743896484375,1.0677981810182091,1.2537384782538297,34.02838220596313,38.161016654968265
2022-10-06 04:00:00+00:00,DELL,34.94793535491989,35.32590022488978,34.45934756405716,34.55153274536133,2757500,-0.35031890869140625,-1.0037258543293626,0.8665526608326175,33.9813666343689,38.03545825958252
2022-10-07 04:00:00+00:00,DELL,33.23327694479405,33.63890033733512,31.841260482444216,31.89657020568848,5615000,-2.654962539672848,-7.6840658828059905,1.7976398548909067,33.74214267730713,37.85292907714844
2022-10-10 04:00:00+00:00,DELL,32.182350567537135,32.30219416440123,31.057672619983325,31.785947799682617,3266600,-0.11062240600586293,-0.34681599084949166,1.2445215444179034,33.47388010025024,37.65786228179932
2022-10-11 04:00:00+00:00,DELL,31.712195632530964,32.02563025101045,31.10376413979316,31.223604202270508,3090600,-0.5623435974121094,-1.7691578711323652,0.9218661112172875,33.26968688964844,37.4449112701416
2022-10-12 04:00:00+00:00,DELL,31.122197597946727,31.454069952442563,30.95626493733885,31.13141822814941,2873300,-0.0921859741210973,-0.2952445000388271,0.49780501510371167,33.068719959259035,37.251503791809085
2022-10-13 04:00:00+00:00,DELL,30.48611838376678,32.50500432299423,30.32940280011646,32.256103515625,3036300,1.1246852874755895,3.612701738267221,2.1756015228777734,32.94611196517944,37.0770869064331
2022-10-14 04:00:00+00:00,DELL,32.32984071003141,32.48655976048425,31.361882102240724,31.583127975463867,2288100,-0.6729755401611328,-2.0863510058961143,1.1246776582435238,32.775566291809085,36.89381973266602
2022-10-17 04:00:00+00:00,DELL,31.74907501732782,32.42203701364747,31.426423209722834,31.7767333984375,3412400,0.1936054229736328,0.6130026865104776,0.995613803924634,32.62115421295166,36.69211555480957
2022-10-18 04:00:00+00:00,DELL,32.43756704920067,32.76334102934446,31.65571446773953,32.16764450073242,2468800,0.3909111022949219,1.2301802623744251,1.1076265616049312,32.52638874053955,36.49749206542969
2022-10-19 04:00:00+00:00,DELL,31.674340788734213,32.56788942456256,31.55334233284049,32.102500915527344,2225700,-0.06514358520507812,-0.20251276155328624,1.0145470917220685,32.436201858520505,36.30820320129394
2022-10-20 04:00:00+00:00,DELL,32.13041608143554,33.25665517548859,32.13041608143554,32.44688034057617,2122100,0.3443794250488281,1.0727495217740524,1.126239094053048,32.3862808227539,36.08634613037109
2022-10-21 04:00:00+00:00,DELL,32.9122664859483,34.420123828505425,32.81918668046235,34.29912185668945,2964700,1.8522415161132812,5.708534986018288,1.600937148043073,32.46400260925293,35.89471206665039
2022-10-24 04:00:00+00:00,DELL,34.46666946999892,34.913441981837614,34.11297678393847,34.699363708496094,2346600,0.4002418518066406,1.166915740522323,0.8004651978991433,32.59953317642212,35.69965148925781
2022-10-25 04:00:00+00:00,DELL,34.634218630397605,35.34161128810823,34.52252636099238,35.127532958984375,2434300,0.42816925048828125,1.233939775049664,0.8190849271158527,32.75555047988892,35.51167938232422
2022-10-26 04:00:00+00:00,DELL,34.73658322914934,35.57428360872329,34.615581274181764,35.174049377441406,2339600,0.04651641845703125,0.13242153529924305,0.9587023345415275,32.887620258331296,35.31929092407226
2022-10-27 04:00:00+00:00,DELL,35.46260540213524,35.78837951119827,34.89483436467579,35.146141052246094,3395800,-0.0279083251953125,-0.07934350946016133,0.8935451465224844,33.06899757385254,35.14035652160644
2022-10-28 04:00:00+00:00,DELL,35.34160675066537,36.66330849573055,35.34160675066537,36.4492301940918,3062300,1.3030891418457031,3.707630774908144,1.3217017450651767,33.31645135879516,34.967018585205075
2022-10-31 04:00:00+00:00,DELL,36.00244527442934,36.2072172973399,35.63944290700175,35.74182891845703,2578800,-0.7074012756347656,-1.940785228845332,0.5677743903381511,33.4497145652771,34.802947998046875
2022-11-01 04:00:00+00:00,DELL,36.244456456974405,36.532998615990856,35.43468143087352,36.43992233276367,2227300,0.6980934143066406,1.953155267737694,1.0983171851173381,33.545055294036864,34.6681421661377
2022-11-02 04:00:00+00:00,DELL,36.30961170821048,36.58884766794626,35.05306409193038,35.06237030029297,2865600,-1.3775520324707031,-3.780337454869176,1.5357835760158807,33.55308122634888,34.50394165039062
2022-11-03 04:00:00+00:00,DELL,34.58767239004931,35.21129481217176,34.457364181119004,34.76451873779297,2385300,-0.2978515625,-0.8494906646328793,0.7539306310527536,33.563730525970456,34.33968414306641
2022-11-04 04:00:00+00:00,DELL,35.61151661680868,36.60745099817331,35.48120844091934,36.30029296875,2816400,1.5357742309570312,4.4176484723991605,1.126242557253974,33.78391666412354,34.18254219055176
2022-11-07 05:00:00+00:00,DELL,36.38407574192163,37.22177652364586,36.24445776142335,37.11008071899414,2497900,0.8097877502441406,2.230802244326968,0.9773187622225095,34.05012331008911,34.1608854675293
2022-11-08 05:00:00+00:00,DELL,37.38931120753175,38.208395979712726,37.27761895925379,37.62200546264648,2523800,0.5119247436523366,1.379476233233623,0.9307770204589332,34.37004337310791,34.16495475769043
2022-11-09 05:00:00+00:00,DELL,37.12868511598965,37.510303453043775,36.5050663788704,36.607452392578125,2106400,-1.0145530700683523,-2.6967011928050066,1.0052370741733725,34.643845081329346,34.16532646179199
2022-11-10 05:00:00+00:00,DELL,38.18977386341373,38.84131838294133,37.68715705178455,38.83201217651367,3582200,2.224559783935547,6.0767948560839,1.1541613311567787,34.97264051437378,34.23600166320801
2022-11-11 05:00:00+00:00,DELL,38.82270821390341,40.08856551491843,38.68309379285861,39.725563049316406,2524200,0.8935508728027344,2.3010676571201927,1.405471722059822,35.37976226806641,34.33634765625
2022-11-14 05:00:00+00:00,DELL,38.78547645468105,39.95825748023999,38.78547645468105,39.3253288269043,2918200,-0.4002342224121094,-1.007497922471856,1.1727810255589404,35.757192039489745,34.42610794067383
2022-11-15 05:00:00+00:00,DELL,40.20956618771849,40.42364446673163,39.26017324342168,39.41840362548828,2967200,0.09307479858398438,0.2366790090774895,1.1634712233099478,36.11972999572754,34.52694808959961
2022-11-16 05:00:00+00:00,DELL,39.07401614812592,39.07401614812592,38.20839329585218,38.32939529418945,2679800,-1.0890083312988281,-2.7626900917790187,0.8656228522737379,36.431074714660646,34.59328643798828
2022-11-17 05:00:00+00:00,DELL,37.85469289564354,39.00885775528903,37.55684458682507,38.869239807128906,2382100,0.5398445129394531,1.4084347243048967,1.4520131684639566,36.752192687988284,34.66083435058594
2022-11-18 05:00:00+00:00,DELL,38.94370763932079,39.222940013543976,38.50624133763738,39.12986373901367,3992300,0.2606239318847656,0.6705146104683202,0.7166986759065992,36.993729782104495,34.70981063842773
2022-11-21 05:00:00+00:00,DELL,38.68308722436995,38.82270162170787,37.137997792993,38.22700500488281,7317500,-0.9028587341308594,-2.3073393256687558,1.6847038287148735,37.17011184692383,34.731326751708984
2022-11-22 05:00:00+00:00,DELL,38.841321439212855,40.916953597838486,37.60338995027123,40.81456756591797,12566200,2.5875625610351562,6.768938766467958,3.313563647567257,37.45446357727051,34.84146873474121
2022-11-23 05:00:00+00:00,DELL,40.81456497668571,42.19211789069388,40.52602641481311,41.52195739746094,4938500,0.7073898315429688,1.733179778030225,1.6660914758807692,37.77185897827148,34.96889274597168
2022-11-25 05:00:00+00:00,DELL,41.41957493520869,41.95011752111471,41.34511107371828,41.54057693481445,2034700,0.018619537353515625,0.04484262910653403,0.605006447396434,38.0915807723999,35.10553901672363
2022-11-28 05:00:00+00:00,DELL,41.1403359412963,41.23341220256207,40.54463934767908,40.563255310058594,2959900,-0.9773216247558594,-2.3526915051985786,0.6887728548829912,38.29728202819824,35.216923294067385
2022-11-29 05:00:00+00:00,DELL,40.62841012438904,40.89833270710472,40.39571591646157,40.50740814208984,3448800,-0.055847167968757105,-0.13767920632077324,0.5026167906431525,38.53556098937988,35.32977195739746
2022-11-30 05:00:00+00:00,DELL,40.44225399188165,41.708111049354144,39.79070950046118,41.68949508666992,6805600,1.1820869445800852,2.9181994079542806,1.9174015488929612,38.7980396270752,35.482302780151365
2022-12-01 05:00:00+00:00,DELL,41.88495782508229,42.220038055784045,41.29856742135421,41.7918815612793,2331400,0.102386474609375,0.24559298306807698,0.9214706344298378,39.13451519012451,35.64001564025879
2022-12-02 05:00:00+00:00,DELL,41.21480218763737,41.63365252503861,40.88903167556544,41.45680618286133,2518000,-0.33507537841796875,-0.8017714587141733,0.7446208494731721,39.46912956237793,35.80024574279785
2022-12-05 05:00:00+00:00,DELL,40.85179492143342,41.019335036609874,39.9768659704478,40.08855819702149,2304100,-1.3682479858398366,-3.300418222775403,1.0424690661620772,39.65854282379151,35.9471231842041
2022-12-06 05:00:00+00:00,DELL,40.0327186760778,40.16303044338878,39.15778954221405,39.53010177612305,2844600,-0.5584564208984446,-1.3930568870893834,1.00524090117473,39.77954387664795,36.09795017242432
2022-12-07 05:00:00+00:00,DELL,39.12986519743431,39.3439434773388,38.61793856717294,39.01816940307617,2906000,-0.511932373046875,-1.2950444093116187,0.7260049101658552,39.849352073669436,36.23816982269287
2022-12-08 05:00:00+00:00,DELL,39.13918055357607,39.51149285386459,38.83202592387629,39.30672073364258,3438600,0.28855133056640625,0.739530672455535,0.6794669299883012,39.98431549072266,36.37365116119385
2022-12-09 05:00:00+00:00,DELL,38.99024681176824,39.57663729864804,38.86924481116045,38.93440246582031,1835200,-0.3723182678222656,-0.9472127434522859,0.7073924874875885,39.989435005187985,36.52196731567383
2022-12-12 05:00:00+00:00,DELL,38.75755703253865,39.9117221737026,38.515556554083005,39.90241241455078,3319500,0.9680099487304688,2.4862586489680094,1.3961656196195946,39.998277473449704,36.69001247406006
2022-12-13 05:00:00+00:00,DELL,41.25202830703972,41.27995047538928,39.641784837299056,39.883785247802734,2816400,-0.018627166748046875,-0.04668180598839111,1.6381656380902214,40.02620029449463,36.82615688323975
2022-12-14 05:00:00+00:00,DELL,39.64177975594641,39.93032181088925,38.6272330119213,38.79477310180664,3367900,-1.0890121459960938,-2.7304633680828694,1.3030887989679485,39.995018768310544,36.911390190124514
2022-12-15 05:00:00+00:00,DELL,38.07808304239634,38.07808304239634,36.57022545043881,36.653995513916016,4463300,-2.140777587890625,-5.518211389644478,1.5078575919575243,39.911248779296876,36.94643306732178
2022-12-16 05:00:00+00:00,DELL,36.26307095007253,36.71915324086955,36.03037670082828,36.532997131347656,4645900,-0.12099838256835938,-0.330109667095968,0.6887765400412746,39.794436645507815,36.986062355041504
2022-12-19 05:00:00+00:00,DELL,36.61675720332334,36.691217496418034,35.96521277324511,36.30029296875,2648600,-0.23270416259765625,-0.6369698105003874,0.7260047231729203,39.65295810699463,37.07413681030273
2022-12-20 05:00:00+00:00,DELL,36.06760899481113,36.43061145917383,35.99314513000211,36.25376510620117,1893400,-0.046527862548828125,-0.12817489541718796,0.4374663291717198,39.55429611206055,37.163493156433105
2022-12-21 05:00:00+00:00,DELL,36.43991684065013,36.81222546807827,36.328221056852826,36.411991119384766,2863900,0.15822601318359375,0.436440222746759,0.4840044112254418,39.334167289733884,37.26726089477539
2022-12-22 05:00:00+00:00,DELL,35.797682022332786,36.4399204149506,35.388141426801404,36.43061065673828,2285900,0.018619537353515625,0.05113572968988844,1.051778988149195,39.079599952697755,37.373244743347165
2022-12-23 05:00:00+00:00,DELL,36.48645497524964,36.56091528048243,35.955912429424686,36.411991119384766,1466400,-0.018619537353515625,-0.051109594425835514,0.6050028510577476,38.82317066192627,37.45636249542236
2022-12-27 05:00:00+00:00,DELL,36.50506896105523,36.84945539918824,36.23514282412012,36.681915283203125,1832500,0.2699241638183594,0.7413056949655772,0.6143125750681193,38.629103660583496,37.55833824157715
2022-12-28 05:00:00+00:00,DELL,36.65399617423397,36.76568841067167,35.92798776080856,36.07691192626953,1822900,-0.6050033569335938,-1.6493232489706688,0.837700649863109,38.40757884979248,37.64434181213379
2022-12-29 05:00:00+00:00,DELL,36.402686820073896,37.15661387173209,36.30030078821111,37.06353759765625,1582800,0.9866256713867188,2.7347841561469854,0.8563130835209805,38.1762809753418,37.742259674072265
2022-12-30 05:00:00+00:00,DELL,36.75638152185865,37.435848236083984,36.65399549426007,37.435848236083984,1582400,0.3723106384277344,1.0045199745079891,0.7818527418239114,37.95847930908203,37.8489266204834
2023-01-03 05:00:00+00:00,DELL,37.752307118071656,38.1432316576722,37.2031486810388,38.06877136230469,2679200,0.6329231262207031,1.6906872851638388,0.9400829766334056,37.789077568054196,37.96136444091797
2023-01-04 05:00:00+00:00,DELL,38.52485695518746,38.720319260317446,37.7709299066483,38.10600662231445,2790000,0.037235260009765625,0.09781051154866827,0.9493893536691473,37.68994998931885,38.03750213623047
2023-01-05 05:00:00+00:00,DELL,37.92915555368881,38.25492602162728,37.49168931048703,38.04084777832031,2483700,-0.06515884399414062,-0.170993630059324,0.7632367111402445,37.615487289428714,38.10433181762696
2023-01-06 05:00:00+00:00,DELL,38.32007999964529,39.64178493122052,37.99430953268931,39.48355102539063,3179700,1.4427032470703196,3.7925107649481093,1.6474753985312134,37.638756370544435,38.191452178955075
2023-01-09 05:00:00+00:00,DELL,39.7441690591816,40.116477639332416,39.269470914902406,39.35324096679688,2966400,-0.13031005859375,-0.3300363194535194,0.8470067244300097,37.64108238220215,38.275036010742184
2023-01-10 05:00:00+00:00,DELL,39.16709528127466,39.67902188738714,38.92509128888039,39.54871368408203,2780300,0.19547271728514914,0.4967131359017607,0.7539305985067486,37.67179794311524,38.3630874633789
2023-01-11 05:00:00+00:00,DELL,39.16709588091603,39.27878812108294,36.93322977378407,37.9477767944336,5620300,-1.6009368896484304,-4.048012540779022,2.3455583472988693,37.574066162109375,38.393058395385744
2023-01-12 05:00:00+00:00,DELL,37.71508648843518,37.89193284969035,37.0263099092233,37.16592788696289,4410100,-0.7818489074707102,-2.060328624008867,0.8656229404670484,37.43817329406738,38.42154037475586
2023-01-13 05:00:00+00:00,DELL,36.63537252956366,37.42653132697479,36.29098613487509,37.39860916137695,3383600,0.2326812744140625,0.6260607164759735,1.1355451920996984,37.368365097045896,38.44071411132813
2023-01-17 05:00:00+00:00,DELL,37.352086341431885,37.40793069551164,36.71915762388678,37.25900650024414,2691600,-0.1396026611328125,-0.3732830291373168,0.6887730716248583,37.3986156463623,38.48464683532715
2023-01-18 05:00:00+00:00,DELL,37.48239290561292,37.69647120489814,36.94254050257239,37.249698638916016,2757400,-0.009307861328125,-0.02498150702988644,0.7539307023257464,37.434450721740724,38.53435043334961
2023-01-19 05:00:00+00:00,DELL,36.6912226627382,37.10076675963528,36.32822025003906,36.72845458984375,3341700,-0.5212440490722656,-1.3993242042707577,0.7725465095962178,37.45585880279541,38.542913665771486
2023-01-20 05:00:00+00:00,DELL,37.09146126132772,37.50100540524804,36.67261446051091,37.47307968139648,2907900,0.7446250915527273,2.027379316304345,0.82839094473713,37.51682453155517,38.550173645019534
2023-01-23 05:00:00+00:00,DELL,37.9384614977152,38.738930128416726,37.78023114313231,38.19908142089844,2745200,0.7260017395019602,1.9373954467435617,0.9586989852844141,37.60617904663086,38.56171516418457
2023-01-24 05:00:00+00:00,DELL,37.72053050675091,38.53686932834751,37.63608141628141,38.08647537231445,1903000,-0.11260604858398438,-0.2947873205201734,0.9007879120661002,37.688972282409665,38.591295623779295
2023-01-25 05:00:00+00:00,DELL,37.53288128731909,38.26477132700918,37.326449294826205,38.020809173583984,2705600,-0.06566619873046875,-0.17241343045936164,0.9383220321829739,37.76941318511963,38.575071563720705
2023-01-26 05:00:00+00:00,DELL,38.42428495762873,38.51811572181359,37.7393103567195,38.46181869506836,1645300,0.441009521484375,1.1599161908179,0.7788053650940867,37.85840835571289,38.549796676635744
2023-01-27 05:00:00+00:00,DELL,38.18970599243895,38.63071489701167,37.81437576188642,37.823760986328125,2677300,-0.6380577087402344,-1.6589379555835948,0.8163391351252542,37.94575080871582,38.51976531982422
2023-01-30 05:00:00+00:00,DELL,37.4953438352266,37.917589423792826,37.38274620474699,37.542259216308594,2444000,-0.28150177001953125,-0.7442458462057266,0.5348432190458396,37.969686889648436,38.48224243164063
2023-01-31 05:00:00+00:00,DELL,37.48596149793897,38.1146354675293,37.06371591717693,38.1146354675293,2562500,0.5723762512207031,1.5246185583100536,1.0509195503523685,38.0036262512207,38.47794723510742
2023-02-01 05:00:00+00:00,DELL,38.00203341038288,38.88405462563989,37.8519020635431,38.687007904052734,3476500,0.5723724365234375,1.5017130021118819,1.0321525620967904,38.0345380783081,38.4743025970459
2023-02-02 05:00:00+00:00,DELL,38.94035735855314,40.422907621889,38.93097571485462,39.80361175537109,4623200,1.1166038513183523,2.886250221489428,1.4919319070343846,38.11941833496094,38.48777755737305
2023-02-03 05:00:00+00:00,DELL,39.371987274559416,40.14141096984517,39.12802514800636,39.63471984863281,2936700,-0.16889190673827414,-0.4243130190703992,1.0133858218388099,38.19911193847656,38.515931854248045
2023-02-06 05:00:00+00:00,DELL,39.5784201541463,39.5784201541463,37.82375910913777,38.43366622924805,4299200,-1.2010536193847656,-3.0303068218260565,1.7546610450085325,38.14661769866943,38.46831382751465
2023-02-07 05:00:00+00:00,DELL,38.33983037489339,39.59718176464191,38.28352977675646,39.4001350402832,3268800,0.9664688110351562,2.5146412139565033,1.31365198788545,38.14896240234375,38.42587738037109
2023-02-08 05:00:00+00:00,DELL,39.1092642111606,39.63472585958414,39.00604821062967,39.259395599365234,2643200,-0.14073944091796875,-0.3572054785448753,0.628677648954465,38.13449649810791,38.38025375366211
2023-02-09 05:00:00+00:00,DELL,39.97251768572885,40.31969941956162,39.334458408767794,39.447059631347656,2878400,0.18766403198242188,0.47801049689479846,0.9852410107938283,38.20946063995361,38.35792984008789
2023-02-10 05:00:00+00:00,DELL,39.29692670993736,40.58242685907552,39.14679533178557,40.08511734008789,3964200,0.6380577087402344,1.6175038512457052,1.4356315272899494,38.35542011260986,38.349484024047854
2023-02-13 05:00:00+00:00,DELL,40.169564941732965,41.1172685592615,40.01004834507117,40.723175048828125,3705100,0.6380577087402344,1.591757118550663,1.1072202141903276,38.52164840698242,38.330157623291015
2023-02-14 05:00:00+00:00,DELL,40.58242379293153,41.09850014262355,40.28216105931384,40.37599182128906,2277200,-0.3471832275390625,-0.8525445943809218,0.8163390833097068,38.677497673034665,38.30183982849121
2023-02-15 05:00:00+00:00,DELL,39.92559864838181,40.39475962798539,39.85053475294063,40.1601791381836,2139900,-0.21581268310546164,-0.5345074470509248,0.5442248750447547,38.823021697998044,38.275907287597654
2023-02-16 05:00:00+00:00,DELL,39.85053683801231,41.02343934839021,39.72855397469698,40.08511734008789,2960900,-0.07506179809571023,-0.18690603405288053,1.2948853736932335,38.990854835510255,38.275838470458986
2023-02-17 05:00:00+00:00,DELL,39.963125026829616,40.31968830790524,39.70977771496644,39.85990905761719,2728400,-0.22520828247070312,-0.561825179554809,0.609910592938796,39.11019630432129,38.282434616088864
2023-02-21 05:00:00+00:00,DELL,39.325071799701874,39.82238127537563,39.11863983044224,39.30630493164063,3973200,-0.5536041259765554,-1.3888745334976194,0.7037414449333923,39.1655574798584,38.28819732666015
2023-02-22 05:00:00+00:00,DELL,39.46581979020773,39.65348130376464,39.03418900255061,39.231239318847656,2240600,-0.07506561279297586,-0.19097600988829955,0.6192923012140312,39.22279567718506,38.28668769836426
2023-02-23 05:00:00+00:00,DELL,39.59718442909451,39.81299803402073,38.88405778902931,39.43766784667969,3414200,0.20642852783203125,0.5261840599892986,0.9289402449914164,39.29363861083984,38.296753005981444
2023-02-24 05:00:00+00:00,DELL,38.77145728552292,39.22185132923869,38.57441056253733,39.04357147216797,3712800,-0.39409637451171875,-0.9992892481468063,0.647440766701358,39.322726249694824,38.27957618713379
2023-02-27 05:00:00+00:00,DELL,39.53150381617995,39.58780084101685,38.34921618280776,38.47119903564453,5148200,-0.5723724365234375,-1.465983809732807,1.238584658209092,39.35509815216064,38.25132446289062
2023-02-28 05:00:00+00:00,DELL,38.3398357541278,39.10925947288395,38.011420921371645,38.13340377807617,7672500,-0.3377952575683594,-0.8780471262551104,1.0978385515123037,39.38465538024902,38.23809707641602
2023-03-01 05:00:00+00:00,DELL,38.32106611904718,38.42428209962182,37.50472707723295,37.94573593139648,7083400,-0.1876678466796946,-0.4921350524381696,0.9195550223888702,39.376210403442386,38.263931884765626
2023-03-02 05:00:00+00:00,DELL,37.720542533969336,37.76745791487517,36.50072473334687,37.69239044189453,9033100,-0.253345489501946,-0.6676520649381512,1.266733181528302,39.326479530334474,38.287119750976565
2023-03-03 05:00:00+00:00,DELL,36.65085610480006,38.46181772743807,36.42565726524212,37.33583068847656,7775700,-0.35655975341796875,-0.9459727792208605,2.0361604621959444,39.20309047698974,38.30783050537109
2023-03-06 05:00:00+00:00,DELL,37.77683420053315,37.82375315419752,36.66023254394531,36.66023254394531,5330200,-0.67559814453125,-1.8095168423285402,1.1635206102522062,39.05436611175537,38.31595985412598
2023-03-07 05:00:00+00:00,DELL,36.70715826900414,37.09187017340446,35.64685691017803,35.6562385559082,4813000,-1.0039939880371094,-2.738645988766175,1.4450132632264285,38.915494728088376,38.300844802856446
2023-03-08 05:00:00+00:00,DELL,35.84389523738916,36.40688691329129,35.68437866225483,36.37873840332031,3009800,0.7224998474121094,2.0262929480888703,0.7225082510364587,38.764424896240236,38.29980735778808
2023-03-09 05:00:00+00:00,DELL,36.20046429962146,36.51949034181061,35.39350681089411,35.46857070922852,2730900,-0.9101676940917898,-2.5019220952662735,1.1259835309164998,38.5748836517334,38.280938949584964
2023-03-10 05:00:00+00:00,DELL,35.34658797172711,35.412273804695126,34.042320966284066,34.45518493652344,3661900,-1.0133857727050852,-2.8571373259239197,1.3699528384110593,38.32528991699219,38.23640434265137
2023-03-13 04:00:00+00:00,DELL,33.93910383289682,34.54901454329564,33.74205707885938,34.31443405151367,5580600,-0.14075088500976562,-0.4085042215535073,0.8069574644362589,38.03675575256348,38.20115478515625
2023-03-14 04:00:00+00:00,DELL,35.177692687469566,35.937731202223155,34.86804471522603,35.23398971557617,4433900,0.9195556640625,2.6797925988872207,1.0696864869971279,37.762296485900876,38.16456382751465
2023-03-15 04:00:00+00:00,DELL,34.642843027153354,35.77821525297331,34.577160780132445,35.19645309448242,5072600,-0.03753662109375,-0.10653525586162838,1.201054472840866,37.503319549560544,38.119775924682614
2023-03-16 04:00:00+00:00,DELL,34.26751651416844,35.75944849126,34.20183426695298,35.703147888183594,5951500,0.5066947937011719,1.4396189080217336,1.5576142243070237,37.28046798706055,38.07246345520019
2023-03-17 04:00:00+00:00,DELL,35.52487632754905,35.83452076839538,34.60532107192972,34.92435073852539,13488400,-0.7787971496582031,-2.1813122811951136,1.2291996964656562,37.022429656982425,38.008830337524415
2023-03-20 04:00:00+00:00,DELL,35.27151795731836,36.44442025228184,35.177687205486784,36.172306060791016,5994100,1.247955322265625,3.5733100140040497,1.2667330467950535,36.838049507141115,37.971459503173826
2023-03-21 04:00:00+00:00,DELL,36.59455986190309,36.92297114684666,36.35059770443281,36.73530960083008,3619400,0.5630035400390625,1.556449121858261,0.5723734424138556,36.709499740600585,37.91649467468262
2023-03-22 04:00:00+00:00,DELL,36.80098676777111,37.04494889149831,35.70314826246357,35.731300354003906,3286300,-1.0040092468261719,-2.7330904727245975,1.3418006290347364,36.534502792358396,37.84405586242676
2023-03-23 04:00:00+00:00,DELL,35.95649617138472,36.22861039090194,35.0744748433174,35.487335205078125,3216000,-0.24396514892578125,-0.6827771351972212,1.154135547584545,36.33698616027832,37.76282829284668
2023-03-24 04:00:00+00:00,DELL,35.3090471340481,35.35596250391061,34.53962361418043,35.074466705322266,4260900,-0.4128684997558594,-1.1634249158747223,0.8163388897301829,36.13853092193604,37.70536209106445
2023-03-27 04:00:00+00:00,DELL,35.45918548989679,35.806363590953005,35.30905412894702,35.6468505859375,3018900,0.5723838806152344,1.6319104305251741,0.4973094620059868,35.997313499450684,37.674980545043944
2023-03-28 04:00:00+00:00,DELL,35.54363056457523,35.95649086541162,35.243367876800846,35.94710922241211,3981900,0.3002586364746094,0.8423146267879877,0.7131229886107704,35.88799877166748,37.64595054626465
2023-03-29 04:00:00+00:00,DELL,36.50071734085738,36.81974687758382,36.256751682494766,36.70714569091797,3746600,0.7600364685058594,2.1143187448074308,0.5629951950890515,35.82606925964355,37.63491333007813
2023-03-30 04:00:00+00:00,DELL,37.03555961670059,37.48595361499512,37.00740753096053,37.40150451660156,4139600,0.6943588256835938,1.8916175927440548,0.47854608403459054,35.81152496337891,37.63794944763183
2023-03-31 04:00:00+00:00,DELL,37.4765721132654,37.89881764714599,37.4765721132654,37.72991943359375,3915700,0.3284149169921875,0.8780794281856075,0.4222455338805915,35.83122940063477,37.657978744506835
2023-04-03 04:00:00+00:00,DELL,37.664245206639016,38.61195244870798,37.58918130654071,38.44305419921875,4756200,0.713134765625,1.8901041304372423,1.0227711421672723,35.920370483398436,37.67737823486328
2023-04-04 04:00:00+00:00,DELL,38.69639045566377,38.79960284121837,37.9926491447874,38.34920883178711,3749300,-0.09384536743164062,-0.24411527488247264,0.8069536964309734,36.055018997192384,37.680380783081056
2023-04-05 04:00:00+00:00,DELL,38.21785656139399,38.593186812122966,37.85191153561124,38.283538818359375,3046600,-0.06567001342773438,-0.17124215969039902,0.741275276511729,36.150259017944336,37.68432205200195
2023-04-06 04:00:00+00:00,DELL,38.08648803300606,38.27415313858995,37.74869155883789,37.74869155883789,2186500,-0.5348472595214844,-1.3970684947886558,0.5254615797520614,36.264265060424805,37.67887969970703
2023-04-10 04:00:00+00:00,DELL,37.43904809445347,38.88406121020237,37.43904809445347,38.87467956542969,3470200,1.1259880065917969,2.9828530740906523,1.4450131157488997,36.485239791870114,37.68713691711426
2023-04-11 04:00:00+00:00,DELL,38.86529289664722,39.362605957056985,38.84652960779926,39.0341911315918,2897800,0.15951156616210938,0.4103225234143304,0.5160763492577232,36.72122764587402,37.711345520019535
2023-04-12 04:00:00+00:00,DELL,39.22185437499802,39.40013782532696,38.61194729276428,39.28753662109375,3519200,0.2533454895019531,0.6490348132176749,0.7881905325626803,36.923904991149904,37.746251068115235
2023-04-13 04:00:00+00:00,DELL,39.37199139312519,40.1320335235702,39.1843262718458,40.01943588256836,4411800,0.7318992614746094,1.8629298867306687,0.9477072517244025,37.165054130554196,37.78434707641602
2023-04-14 04:00:00+00:00,DELL,40.10387791563899,41.032814553593305,40.0569589590561,40.61056900024414,7116900,0.5911331176757812,1.4771150683142498,0.975855594537208,37.41042518615723,37.82281829833985
2023-04-17 04:00:00+00:00,DELL,40.11326173025914,41.2861641200328,40.07572799472701,41.220481872558594,6329400,0.6099128723144531,1.5018574901296988,1.2104361253057903,37.72523174285889,37.85115570068359
2023-04-18 04:00:00+00:00,DELL,41.51136519423313,42.83439901812709,41.473831456675256,42.69364929199219,9277600,1.4731674194335938,3.573872387004573,1.3605675614518304,38.05129890441894,37.912334289550785
2023-04-19 04:00:00+00:00,DELL,41.72718109467532,42.51537172936034,41.1172703540042,41.12665557861328,7267000,-1.5669937133789062,-3.6703203857366695,1.3981013753561413,38.2708662033081,37.96619407653809
2023-04-20 04:00:00+00:00,DELL,40.73255304305569,40.88268440206289,40.11326073972423,40.27277374267578,4489200,-0.8538818359375,-2.076224832591389,0.7694236623386601,38.497939872741696,37.983646850585934
2023-04-21 04:00:00+00:00,DELL,40.09450167417267,40.479213580200806,39.89745489827366,40.45106506347656,4904900,0.17829132080078125,0.44270931508214595,0.5817586819271483,38.746126365661624,38.007480239868165
2023-04-24 04:00:00+00:00,DELL,40.41320118334754,40.57409509621956,40.10087260838271,40.39427185058594,2814400,-0.056793212890625,-0.14039979615246834,0.47322248783684984,39.01211662292481,38.02642448425293
2023-04-25 04:00:00+00:00,DELL,40.31856242243335,40.384813294884346,39.46676394360553,39.47622680664063,2396000,-0.9180450439453054,-2.2727109609527174,0.9180493512788175,39.20358543395996,38.01424667358398
2023-04-26 04:00:00+00:00,DELL,39.51408709996942,39.93052168822442,39.249083599298245,39.43836975097656,2501400,-0.037857055664069605,-0.09589836396851625,0.6814380889261713,39.37814846038818,37.98855056762695
2023-04-27 04:00:00+00:00,DELL,39.589797602121045,40.51731330446328,39.55193893417207,40.50784683227539,2988500,1.0694770812988281,2.711767976343249,0.9653743702912081,39.568183517456056,37.99118766784668
2023-04-28 04:00:00+00:00,DELL,40.60248982135104,41.30285706290928,40.5267724923172,41.160892486572266,3792400,0.653045654296875,1.6121460540740262,0.7760845705920829,39.75615291595459,38.01120193481445
2023-05-01 04:00:00+00:00,DELL,41.16089205749167,41.74768690978308,41.06624539718601,41.47321701049805,4516200,0.31232452392578125,0.7587894845275001,0.6814415125970683,39.9433177947998,38.03896392822266
2023-05-02 04:00:00+00:00,DELL,42.5994843076538,43.20521208985924,41.53000414636169,42.36287307739258,6777900,0.8896560668945312,2.14513397084517,1.675207943497547,40.13930873870849,38.089023208618165
2023-05-03 04:00:00+00:00,DELL,42.63734935824714,43.29986162430588,42.40073809254056,42.741458892822266,5124900,0.3785858154296875,0.8936736059852457,0.8991235317653263,40.35892124176026,38.1577262878418
2023-05-04 04:00:00+00:00,DELL,42.61842267963895,42.73199869374494,41.72876556488498,41.81394577026367,3549600,-0.9275131225585938,-2.1700548988849655,1.0032331288599607,40.53544158935547,38.20938041687012
2023-05-05 04:00:00+00:00,DELL,42.34394613351714,43.347175410201686,42.22090728642161,42.95913314819336,3699600,1.1451873779296875,2.738768984447515,1.1262681237800791,40.79596366882324,38.27980972290039
2023-05-08 04:00:00+00:00,DELL,43.08217078542454,43.7162871134155,42.75091291568543,43.55539321899414,3888000,0.5962600708007812,1.3879704433138906,0.965374197730064,41.029999351501466,38.37004615783692
2023-05-09 04:00:00+00:00,DELL,43.62165332786724,43.74469219761775,42.84556866095125,43.51754379272461,3220600,-0.03784942626953125,-0.08689951685024733,0.8991235366665009,41.254166984558104,38.470973052978515
2023-05-10 04:00:00+00:00,DELL,43.93397510248189,44.066480435024246,43.015925908903,43.37557601928711,3062200,-0.1419677734375,-0.32623112672373056,1.0505545261212461,41.45856895446777,38.575816497802734
2023-05-11 04:00:00+00:00,DELL,43.17681895680017,43.261999149376976,42.09787225776131,42.30609130859375,3737500,-1.0694847106933594,-2.465638059118358,1.1641268916156662,41.57290172576904,38.66302360534668
2023-05-12 04:00:00+00:00,DELL,42.32501802445543,42.40073174073058,41.82339976122906,42.36287307739258,2397200,0.056781768798828125,0.13421653251926013,0.5773319795015155,41.66051692962647,38.75643325805664
2023-05-15 04:00:00+00:00,DELL,42.4007343351827,42.590024053054265,42.069480036708256,42.523773193359375,2996400,0.16090011596679688,0.3798139839874537,0.5205440163460082,41.72568149566651,38.860192108154294
2023-05-16 04:00:00+00:00,DELL,42.43859533048341,43.65951028685543,42.28716426995364,42.94967651367188,3910100,0.4259033203125071,1.0015652147703058,1.372346016901787,41.73848285675049,38.985980987548835
2023-05-17 04:00:00+00:00,DELL,43.34718301621002,43.69736667741919,42.81717609338562,43.39450454711914,2404600,0.4448280334472585,1.0356958877342448,0.8801905840335706,41.85187530517578,39.14074630737305
2023-05-18 04:00:00+00:00,DELL,43.31878219119047,44.77630815943955,43.20520981755048,44.59648132324219,3923300,1.2019767761230469,2.769882473984464,1.5710983418890692,42.0680606842041,39.30510116577149
2023-05-19 04:00:00+00:00,DELL,44.82363226532775,45.60917967636442,44.82363226532775,45.19274520874024,5111000,0.596263885498054,1.3370200244638974,0.7855474110366671,42.305144691467284,39.49958465576172
2023-05-22 04:00:00+00:00,DELL,44.24629950701017,45.3725676492625,43.88664943058642,44.99399185180664,3805600,-0.19875335693360086,-0.439790404445628,1.4859182186760833,42.53513069152832,39.710360794067384
2023-05-23 04:00:00+00:00,DELL,44.80469974131732,45.0507738159264,43.858254882912135,43.86771774291992,4141100,-1.1262741088867188,-2.503165561740428,1.192518933014263,42.75470523834228,39.90142646789551
2023-05-24 04:00:00+00:00,DELL,43.59325832583767,43.59325832583767,42.82663657035864,43.451290130615234,3230700,-0.4164276123046875,-0.9492803221382462,0.7666217554790293,42.95535125732422,40.065772476196294
2023-05-25 04:00:00+00:00,DELL,44.293625306213904,45.732222140381,44.066480527893454,45.50507736206055,4081700,2.0537872314453125,4.726642696388517,1.665741612487544,43.20521278381348,40.27194496154786
2023-05-26 04:00:00+00:00,DELL,45.57132357770146,45.94989937311035,44.93720361453038,45.91204071044922,4296700,0.4069633483886719,0.8943251434354815,1.0126957585799659,43.44277019500733,40.47612281799317
2023-05-30 04:00:00+00:00,DELL,46.1770533800126,46.47044902547776,44.643809848531575,44.7857780456543,5464400,-1.1262626647949219,-2.4530877899718195,1.8266391769461876,43.608398246765134,40.67335136413575
2023-05-31 04:00:00+00:00,DELL,43.51754486489709,43.69736813250026,42.06948503053087,42.41020584106445,9937400,-2.3755722045898438,-5.304300401275164,1.6278831019693882,43.61076488494873,40.79810935974122
2023-06-01 04:00:00+00:00,DELL,42.59948585824982,44.95613538600861,42.31555309368154,43.025386810302734,14458300,0.6151809692382812,1.4505493596133956,2.6405822923270748,43.62496128082275,40.92391090393067
2023-06-02 04:00:00+00:00,DELL,43.06324492817564,45.277926240326416,42.94020607461144,44.73845291137695,7914700,1.7130661010742188,3.981523997976044,2.337720165714977,43.771186637878415,41.10405395507812
2023-06-05 04:00:00+00:00,DELL,44.72898220810272,45.03184788292851,42.87395116089826,43.0443115234375,5765700,-1.6941413879394531,-3.786767931594337,2.1578967220302516,43.775445556640626,41.25519348144531
2023-06-06 04:00:00+00:00,DELL,42.94967452166992,44.55863172167627,42.741455469198186,44.340946197509766,5466200,1.2966346740722656,3.0123252717522364,1.8171762524780846,43.81472320556641,41.440523071289064
2023-06-07 04:00:00+00:00,DELL,44.35041158448252,45.22113921824788,44.26523139331842,45.107566833496094,4096000,0.7666206359863281,1.728922591258053,0.9559078249294544,43.89422435760498,41.62973739624024
2023-06-08 04:00:00+00:00,DELL,45.4198992035026,45.5240051254986,44.67220675301396,45.32525253295898,3976100,0.21768569946288352,0.4825924223898381,0.8517983724846374,43.99170818328857,41.81730026245117
2023-06-09 04:00:00+00:00,DELL,45.514538665406405,46.06347486955691,45.041316181303785,45.060245513916016,3293500,-0.26500701904296164,-0.5846785273843969,1.0221586882531284,44.129415893554686,41.98436225891113
2023-06-12 04:00:00+00:00,DELL,45.164351202172746,45.54292699106093,45.06970454715016,45.49560546875,3596800,0.4353599548339844,0.9661730642358091,0.47322244391077106,44.286052513122556,42.1462442779541
2023-06-13 04:00:00+00:00,DELL,45.69436396920781,46.2054451415709,45.665971774210256,46.18651580810547,2805600,0.6909103393554688,1.5186309364099815,0.5394733673606424,44.46918964385986,42.31537620544434
2023-06-14 04:00:00+00:00,DELL,46.025617060945486,47.02884635656154,46.025617060945486,46.735450744628906,4013600,0.5489349365234375,1.1885177457510387,1.0032292956160518,44.658478355407716,42.48122413635254
2023-06-15 04:00:00+00:00,DELL,46.70705529733291,47.757609734836095,46.54616139413374,47.51153564453125,3216600,0.7760848999023438,1.660591451536475,1.2114483407023542,44.86432991027832,42.66447067260742
2023-06-16 04:00:00+00:00,DELL,47.51153648377395,47.60617953316278,46.87741649958591,47.00991821289063,9363300,-0.5016174316406179,-1.0557802959550444,0.7287630335768682,44.985001754760745,42.838998260498045
2023-06-20 04:00:00+00:00,DELL,46.85849001692458,46.92474448800655,46.129730549435365,46.688133239746094,4212100,-0.32178497314453836,-0.684504430931554,0.7950139385711879,45.05977115631104,43.01778709411621
2023-06-21 04:00:00+00:00,DELL,47.20867556824624,47.88065062267436,46.76384528216517,47.37903594970703,5943300,0.6909027099609375,1.4798250904852317,1.1168053405091882,45.179023361206056,43.187874221801756
2023-06-22 04:00:00+00:00,DELL,47.1708158112174,48.68512626647281,47.09509848325417,48.53369522094727,6326400,1.1546592712402415,2.4370678889834574,1.5900277832186376,45.412322235107425,43.377864303588865
2023-06-23 04:00:00+00:00,DELL,47.88065313856352,48.89334900912534,47.804935804868606,48.14565658569336,18291800,-0.38803863525391336,-0.7995241934235287,1.0884132042567316,45.64704055786133,43.55502670288086
2023-06-26 04:00:00+00:00,DELL,48.382262573372,48.81762997394269,48.00368677729413,48.57155227661133,3404300,0.42589569091796875,0.8845983648803957,0.8139431966485589,45.800364303588864,43.72606903076172
2023-06-27 04:00:00+00:00,DELL,48.571547461320506,48.80815866431229,48.12671724436783,48.63779830932617,3496000,0.06624603271484375,0.13638854351942786,0.6814414199444556,45.936652183532715,43.88661361694336
2023-06-28 04:00:00+00:00,DELL,48.2970847438869,49.139420173479294,48.18351236056233,48.99745559692383,2946800,0.35965728759765625,0.7394604609984867,0.955907812916962,46.147236061096194,44.04215309143066
2023-06-29 04:00:00+00:00,DELL,49.215145052610495,50.30355835851153,49.02585531109708,50.25623321533203,4033400,1.2587776184082031,2.5690673180327916,1.2777030474144482,46.53953742980957,44.19340476989746
2023-06-30 04:00:00+00:00,DELL,51.05123399805597,51.68535392606728,50.88087363592759,51.21213150024414,5182400,0.9558982849121094,1.9020492061480043,0.8044802901396864,46.94887466430664,44.39511428833008
2023-07-03 04:00:00+00:00,DELL,51.10802795032357,51.84625386538882,50.86195384876884,51.685359954833984,1828600,0.47322845458984375,0.924055376581201,0.9843000166199758,47.296220016479495,44.62336601257324
2023-07-05 04:00:00+00:00,DELL,51.18374271469184,51.75160821929297,50.97552367815104,51.30677795410156,2639900,-0.3785820007324219,-0.7324743429536928,0.7760845411419268,47.709343338012694,44.84048027038574
2023-07-06 04:00:00+00:00,DELL,50.77677093370065,51.42035376219511,50.48337171146321,50.91873550415039,3596100,-0.3880424499511719,-0.7563181034254574,0.9369820507319062,48.03823280334473,45.05096954345703
2023-07-07 04:00:00+00:00,DELL,51.03230951324559,51.60017864439236,50.60641217788668,50.6631965637207,5404100,-0.2555389404296875,-0.5018564147353133,0.9937664665056758,48.31601428985596,45.274708938598636
2023-07-10 04:00:00+00:00,DELL,50.41712411947352,51.940901102897456,50.36980259292765,51.931434631347656,3238500,1.2682380676269531,2.5032728956055017,1.5710985099698078,48.64632339477539,45.52457023620605
2023-07-11 04:00:00+00:00,DELL,52.05448132129503,52.86842469780135,51.94090891841555,52.75485229492188,4597100,0.8234176635742259,1.5855862050018876,0.9275157793858,49.031053733825686,45.76951034545898
2023-07-12 04:00:00+00:00,DELL,52.527690498959885,52.70751372524812,51.24999136341573,51.26891708374024,5882000,-1.4859352111816406,-2.816679692087154,1.457522361832389,49.319719314575195,45.97167083740234
2023-07-13 04:00:00+00:00,DELL,51.638032027391546,52.67911991241776,51.31624063577244,52.66019058227539,5375700,1.3912734985351491,2.7136783409384524,1.362879276645323,49.64340305328369,46.19541030883789
2023-07-14 04:00:00+00:00,DELL,52.60341525802902,53.09556348485256,51.9030443637935,52.45198059082031,4227900,-0.20820999145507812,-0.39538404466989974,1.192519121059064,49.92922954559326,46.39719245910644
2023-07-17 04:00:00+00:00,DELL,52.603414754444046,52.67912847692239,51.76107567296488,51.77054214477539,4146500,-0.6814384460449219,-1.299166281938613,0.9180528039575151,50.14217987060547,46.577774124145506
2023-07-18 04:00:00+00:00,DELL,52.03554160949068,52.10179246549294,50.27515346908565,50.9471321105957,5230700,-0.8234100341796875,-1.590499152736391,1.82663899640729,50.33904056549072,46.76043785095215
2023-07-19 04:00:00+00:00,DELL,51.07963897897263,51.6001830188528,51.06070964528955,51.39196395874024,3292700,0.44483184814453836,0.8731244129284832,0.5394733735632542,50.57423210144043,46.92909446716308
2023-07-20 04:00:00+00:00,DELL,50.966049976821765,51.325700004260746,50.38872169355434,50.72943878173828,3414800,-0.6625251770019602,-1.289161039912512,0.936978310706408,50.741752243041994,47.072575378417966
2023-07-21 04:00:00+00:00,DELL,50.578024788197325,51.37303881573223,50.568561925784486,50.69160079956055,2875600,-0.037837982177734375,-0.07458781939325698,0.8044768899477432,50.849647521972656,47.21605651855469
2023-07-24 04:00:00+00:00,DELL,51.244348365480455,51.68274064987396,51.06327423988721,51.20622634887695,2937600,0.5146255493164062,1.0152087154463363,0.6194664099867566,51.002676010131836,47.372669525146485
2023-07-25 04:00:00+00:00,DELL,51.46354634667832,52.092545101050426,51.46354634667832,51.816165924072266,2395400,0.6099395751953125,1.1911433797907378,0.6289987543721054,51.164906692504886,47.562871017456054
2023-07-26 04:00:00+00:00,DELL,51.69227490741386,51.98771145836472,51.2348179620734,51.38730239868164,1931200,-0.428863525390625,-0.8276635635663387,0.7528934962913212,51.302381896972655,47.743359603881835
2023-07-27 04:00:00+00:00,DELL,51.873338317911845,52.20689681794937,51.0727942823068,51.187156677246094,2957500,-0.20014572143554688,-0.38948477949424243,1.134102535642569,51.41186695098877,47.91662727355957
2023-07-28 04:00:00+00:00,DELL,51.596968521372766,51.86381536962312,50.06259187290196,50.13883590698242,4747700,-1.0483207702636719,-2.048015241154577,1.801223496721157,51.405997085571286,48.06041046142578
2023-07-31 04:00:00+00:00,DELL,50.0721282958154,50.66300506626912,49.90058284060045,50.43427658081055,3865500,0.295440673828125,0.5892451798765963,0.7624222256686721,51.36710433959961,48.20120590209961
2023-08-01 04:00:00+00:00,DELL,50.30084926183043,51.15857647167663,50.30084926183043,50.86313629150391,3681300,0.4288597106933665,0.8503338201078625,0.8577272098462032,51.32599315643311,48.326539001464845
2023-08-02 04:00:00+00:00,DELL,50.55816532569389,50.75830045451018,50.00541064103242,50.46286392211914,2788900,-0.40027236938477273,-0.786959669751297,0.7528898134777577,51.28379745483399,48.43194137573242
2023-08-03 04:00:00+00:00,DELL,50.0340018499607,51.42542274316919,49.60513824985792,50.996559143066406,2615500,0.5336952209472656,1.0575999447255624,1.82028449331127,51.287688636779784,48.55199272155762
2023-08-04 04:00:00+00:00,DELL,51.07280109826375,51.99723997247509,50.567697120650784,50.73924255371094,2533600,-0.25731658935546875,-0.5045763747189125,1.4295428518243085,51.291490936279295,48.68942321777344
2023-08-07 04:00:00+00:00,DELL,51.015624200226526,52.073486619263576,51.015624200226526,52.00677490234375,2738300,1.2675323486328125,2.498130214086358,1.0578624190370505,51.2952579498291,48.860532913208004
2023-08-08 04:00:00+00:00,DELL,52.454702850468856,55.96184891309135,52.24503536379069,54.875396728515625,8258000,2.868621826171875,5.515861792157772,3.71681354930066,51.40128517150879,49.04793930053711
2023-08-09 04:00:00+00:00,DELL,54.77055759060737,55.151766868683616,53.89376934355202,53.9128303527832,2754100,-0.9625663757324219,-1.7540946090914167,1.257997525131593,51.53348083496094,49.20795509338379
2023-08-10 04:00:00+00:00,DELL,54.503712732924086,54.68479052158702,52.81685141444801,53.36960983276367,3189100,-0.5432205200195312,-1.0075904315631767,1.8679391071390086,51.568951797485354,49.379631729125975
2023-08-11 04:00:00+00:00,DELL,53.43631070496991,54.87538585667226,53.13134185868506,54.170143127441406,3118100,0.8005332946777344,1.4999796648059505,1.7440439979871982,51.654859924316405,49.61483047485351
2023-08-14 04:00:00+00:00,DELL,53.865177756178895,54.28450903799417,53.6459816109903,54.09390258789063,2253900,-0.07624053955077414,-0.14074273234133683,0.6385274270038721,51.77102794647217,49.83620079040527
2023-08-15 04:00:00+00:00,DELL,53.90330112941344,54.02719223490932,53.07416359593075,53.11228561401367,2279300,-0.9816169738769602,-1.8146536428612303,0.9530286389785729,51.879285621643064,50.003677444458006
2023-08-16 04:00:00+00:00,DELL,53.06463974738303,53.66504886262676,52.56906437366776,52.62624740600586,1834700,-0.4860382080078125,-0.9151144643633424,1.0959844889590045,51.940999794006345,50.19531616210938
2023-08-17 04:00:00+00:00,DELL,52.702480995588,53.207588627106176,52.06395357690669,52.28314971923828,3966900,-0.3430976867675781,-0.651951647094684,1.1436350501994852,52.01868534088135,50.35416023254395
2023-08-18 04:00:00+00:00,DELL,51.9495872436511,52.75013141087238,51.77804544079673,52.34986114501953,2324600,0.06671142578125,0.12759641708559588,0.9720859700756463,52.1015983581543,50.49900611877442
2023-08-21 04:00:00+00:00,DELL,52.492816329455415,53.79846447601068,52.492816329455415,53.41725158691406,4076000,1.0673904418945312,2.0389556314918345,1.3056481465552636,52.21214962005615,50.660846099853515
2023-08-22 04:00:00+00:00,DELL,53.77940995480951,53.90330470403728,52.940743678947406,53.17900085449219,2188400,-0.238250732421875,-0.44601832805685193,0.962561025089876,52.280291366577146,50.82322120666504
2023-08-23 04:00:00+00:00,DELL,53.57926979268653,54.24638691345447,53.09322316410916,54.16061782836914,2643700,0.9816169738769531,1.845873292284761,1.1531637493453104,52.41895713806152,50.99652145385742
2023-08-24 04:00:00+00:00,DELL,54.74196753783031,54.95163501641576,53.57927498921393,54.04625701904297,3925900,-0.11436080932617188,-0.2111512274261207,1.3723600272018288,52.56191215515137,51.153716278076175
2023-08-25 04:00:00+00:00,DELL,54.11296634268884,54.20827139033517,53.0074532386022,53.56974029541016,2680900,-0.4765167236328054,-0.8816831172321682,1.2008181517329675,52.73345737457275,51.2904020690918
2023-08-28 04:00:00+00:00,DELL,53.71269598653639,54.79914807982783,53.4363168019578,54.50370788574219,3252400,0.9339675903320241,1.7434611129000466,1.3628312778700291,52.93692893981934,51.43024551391601
2023-08-29 04:00:00+00:00,DELL,54.49417098105702,54.58947237870508,53.67456587342869,53.84611129760742,4939400,-0.6575965881347656,-1.2065171593707125,0.9149065052763916,53.08607769012451,51.56696937561035
2023-08-30 04:00:00+00:00,DELL,52.1116004957622,53.321947169409725,51.10138894159964,53.07415771484375,6340600,-0.7719535827636719,-1.4336292151109764,2.2205582278100877,53.21664237976074,51.6946898651123
2023-08-31 04:00:00+00:00,DELL,53.36007809298701,54.13202900718593,52.95027546436855,53.59833526611328,7050300,0.5241775512695312,0.9876323503536844,1.1817535428173755,53.346731185913086,51.81907585144043
2023-09-01 04:00:00+00:00,DELL,61.07959216207936,66.97884081564564,60.8603996821322,64.98701477050781,32070500,11.388679504394531,21.248196325222146,6.118441133513443,54.05911979675293,52.14814224243164
2023-09-05 04:00:00+00:00,DELL,64.85359805060541,66.54998776678642,64.36755143686928,64.9012451171875,9466400,-0.0857696533203125,-0.1319796787453531,2.182436329917138,54.70384330749512,52.483254013061526
2023-09-06 04:00:00+00:00,DELL,64.80595289804393,67.16946732063847,64.64393976084652,67.1599349975586,7585600,2.2586898803710938,3.4801949890063577,2.5255275597919535,55.31807022094726,52.85502166748047
2023-09-07 04:00:00+00:00,DELL,66.20690358730701,67.30288802391632,65.34917632078529,65.73992156982422,7649300,-1.420013427734375,-2.1143758221117914,1.9537117031310345,55.909424781799316,53.19706413269043
2023-09-08 04:00:00+00:00,DELL,66.11160254164547,67.56020294459114,65.84474840199456,67.18852233886719,5549400,1.4486007690429688,2.2035328525671805,1.715454542596575,56.60037040710449,53.560885467529296
2023-09-11 04:00:00+00:00,DELL,67.7793878423441,69.39953334341054,67.24568695139176,68.77053833007812,7449200,1.5820159912109375,2.354592624067542,2.153846392018778,57.33039016723633,53.931171569824215
2023-09-12 04:00:00+00:00,DELL,68.28450712328957,68.87538025789381,67.27429176713545,67.40772247314453,4782500,-1.3628158569335938,-1.981685602623151,1.6010884907583574,57.99608116149902,54.25508338928223
2023-09-13 04:00:00+00:00,DELL,67.58878611359094,67.85563295643604,66.48327672594252,67.14086151123047,2801500,-0.2668609619140625,-0.3958907853924054,1.3723562304935228,58.697509956359866,54.564193420410156
2023-09-14 04:00:00+00:00,DELL,67.15992806656435,67.81752014160156,66.82636950351335,67.81752014160156,5116800,0.6766586303710938,1.0078194040717081,0.9911506380882145,59.45707359313965,54.894408264160155
2023-09-15 04:00:00+00:00,DELL,67.56973909618955,67.75080961242325,65.42542443195173,66.03536224365234,6093500,-1.7821578979492188,-2.6278724055791347,2.325385180471528,60.14468421936035,55.196740798950195
2023-09-18 04:00:00+00:00,DELL,65.76850072112823,66.18782832894311,65.187152737649,65.90192413330078,3527400,-0.1334381103515625,-0.2020706873072209,1.0006755912941117,60.82228736877441,55.5015153503418
2023-09-19 04:00:00+00:00,DELL,66.53093048515568,67.10275351566305,66.02582644310179,66.61670684814453,3844000,0.71478271484375,1.084615850362658,1.0769270725612614,61.482260131835936,55.79522079467773
2023-09-20 04:00:00+00:00,DELL,66.62625191308888,67.14088110531651,65.63510101396051,65.70181274414062,3089800,-0.9148941040039062,-1.3733703560121047,1.5057800913560015,62.10840072631836,56.05416000366211
2023-09-21 04:00:00+00:00,DELL,65.05373532011335,65.94957727424703,64.84406786136995,65.22528076171875,3924700,-0.476531982421875,-0.7252950299523886,1.1055094128770833,62.66163387298584,56.33328727722168
2023-09-22 04:00:00+00:00,DELL,65.50165382004982,67.27428018984149,65.39682010046126,66.75965118408203,4494700,1.5343704223632812,2.352416738486185,1.8774600893802358,63.29730358123779,56.61527648925781
2023-09-25 04:00:00+00:00,DELL,66.89308102552113,67.64597450628033,66.14018754476194,66.74059295654297,3643700,-0.0190582275390625,-0.02854752414225281,1.5057869615183819,63.95584621429443,56.901048736572264
2023-09-26 04:00:00+00:00,DELL,66.52140595549973,66.75013080687872,65.69226837158203,65.69226837158203,3214200,-1.0483245849609375,-1.5707450870919515,1.0578624352966841,64.51527423858643,57.1794832611084
2023-09-27 04:00:00+00:00,DELL,66.521409789038,66.69295525521615,64.07212618756975,64.75830078125,5517400,-0.9339675903320312,-1.4217313749148253,2.6208290676463974,65.06088371276856,57.45570663452148
2023-09-28 04:00:00+00:00,DELL,65.00608389038358,66.01629194114477,64.86312813747566,65.28246307373047,3375100,0.5241622924804688,0.8094132893496697,1.1531638036691163,65.67129898071289,57.73351661682129
2023-09-29 04:00:00+00:00,DELL,65.85426856500912,66.33078281985149,65.33010724730082,65.66366577148438,6379700,0.38120269775390625,0.5839281788791784,1.0006755725506764,66.27456550598144,58.03220115661621
2023-10-02 04:00:00+00:00,DELL,65.38727886211367,66.07346047092238,64.17692872684565,64.52001953125,3902500,-1.143646240234375,-1.7416728517935187,1.8965317440767393,66.25121574401855,58.30876953125
2023-10-03 04:00:00+00:00,DELL,65.51118507592578,65.70179516188415,63.681371876913296,64.0816421508789,4329700,-0.43837738037109375,-0.6794439672461183,2.020423284970853,66.21023559570312,58.56627784729004
2023-10-04 04:00:00+00:00,DELL,64.14836707630795,64.68206815589033,63.33829403946441,64.04353332519531,6075300,-0.03810882568359375,-0.05946917776212812,1.3437741164259265,66.05441551208496,58.8108251953125
2023-10-05 04:00:00+00:00,DELL,63.17627217811731,63.910101063722365,61.29880451193099,63.08097076416016,7329800,-0.9625625610351491,-1.502981661157765,2.6112965517913764,65.92146797180176,59.044698562622074
2023-10-06 04:00:00+00:00,DELL,63.58607070079465,63.91962926364624,62.79505520100992,63.29063415527344,8053800,0.20966339111327414,0.3323718525149788,1.12457406263632,65.72657356262206,59.286768112182614
2023-10-09 04:00:00+00:00,DELL,63.12861817596477,64.29131433719311,62.89989332702813,64.02446746826172,6012500,0.7338333129882812,1.1594658874612307,1.3914210101649829,65.48927001953125,59.564480743408204
2023-10-10 04:00:00+00:00,DELL,64.17694312266386,65.33011413954735,64.17694312266386,64.7868881225586,8039300,0.762420654296875,1.190827014179896,1.1531710168834906,65.35822830200195,59.85153297424316
2023-10-11 04:00:00+00:00,DELL,65.03467486346601,67.0455659530272,64.88219405612736,67.0360336303711,5088600,2.2491455078125,3.471606019350326,2.1633718968998323,65.35298690795898,60.17499092102051
2023-10-12 04:00:00+00:00,DELL,66.7406047641161,67.44584403033086,65.42542765614272,65.806640625,4301700,-1.2293930053710938,-1.8339286183753467,2.0204163741881445,65.2524429321289,60.481866455078126
2023-10-13 04:00:00+00:00,DELL,66.15924735838084,67.32194347861974,64.57722357504629,64.84407043457031,4633600,-0.9625701904296875,-1.4627250096459155,2.744719903573454,65.1928783416748,60.758816680908204
2023-10-16 04:00:00+00:00,DELL,64.69156058969806,65.38727447164543,64.10068767703258,64.57720184326172,5387500,-0.26686859130859375,-0.4115543480230355,1.2865867946128446,65.12664222717285,61.03557586669922
2023-10-17 04:00:00+00:00,DELL,64.10070982120827,65.42541907927587,63.56700882635992,64.71064758300781,4220100,0.13344573974609375,0.20664528028015994,1.8584102529159523,65.03133926391601,61.2896533203125
2023-10-18 04:00:00+00:00,DELL,64.09116824292157,65.1204407939519,63.72902002135043,63.748077392578125,3434600,-0.9625701904296875,-1.487498930056208,1.391420772601471,64.93365249633788,61.46710693359375
2023-10-19 04:00:00+00:00,DELL,64.0816468398595,65.45401047505308,63.65278683937744,63.88151168823242,4750700,0.13343429565429688,0.2093150117023379,1.8012236356756404,64.86646404266358,61.66648056030274
2023-10-20 04:00:00+00:00,DELL,63.68137352909717,64.09117613575067,62.28042026283914,62.81412124633789,4617000,-1.0673904418945312,-1.670891019460885,1.8107558729115354,64.66918754577637,61.85537078857422
2023-10-23 04:00:00+00:00,DELL,62.727860641596855,63.51375566041194,61.99947512996905,62.81412124633789,2945000,0.0,0.0,1.514280530442889,64.47286396026611,62.02825035095215
2023-10-24 04:00:00+00:00,DELL,63.62875215426571,64.36673093812728,63.27413830767579,64.16545867919922,4078500,1.3513374328613281,2.151327450020024,1.0925926304514846,64.39652347564697,62.22968147277832
2023-10-25 04:00:00+00:00,DELL,64.05045899072559,64.73092833080477,63.33165242291367,63.580833435058594,4581200,-0.584625244140625,-0.9111214291531944,1.3992759078911021,64.3376501083374,62.43905242919922
2023-10-26 04:00:00+00:00,DELL,63.38916151453037,63.83002871337006,61.24232771215642,61.82695770263672,4406100,-1.753875732421875,-2.75849754975811,2.587701001213645,64.16487483978271,62.623066635131835
2023-10-27 04:00:00+00:00,DELL,62.29657270612986,63.40833043652945,62.29657270612986,63.216644287109375,5273200,1.3896865844726562,2.2477033257183754,1.1117577303995887,64.04252376556397,62.84173652648926
2023-10-30 04:00:00+00:00,DELL,63.20705954237189,64.01212676349232,63.1016339858909,63.66709899902344,3741900,0.4504547119140625,0.7125571390158569,0.9104927776014193,63.999877738952634,63.068081283569335
2023-10-31 04:00:00+00:00,DELL,63.28373180788684,64.17505228315618,62.9962135555257,64.12713623046875,3114100,0.4600372314453125,0.7225666610824577,1.1788387276304775,64.00215244293213,63.28227897644043
2023-11-01 04:00:00+00:00,DELL,64.49134769060254,65.8810379278904,63.9738059113977,65.81394958496094,3407600,1.6868133544921875,2.630420526545718,1.9072320164927064,64.09067325592041,63.534977951049804
2023-11-02 04:00:00+00:00,DELL,66.49441136626176,67.02153922189859,65.46891406608839,65.7947769165039,3747200,-0.01917266845703125,-0.029131618111266633,1.5526251558102047,64.2263635635376,63.7676611328125
2023-11-03 04:00:00+00:00,DELL,66.12063415585509,67.14613148241035,65.7851924718567,66.61901092529297,3924400,0.8242340087890625,1.2527347115030896,1.3609390105536505,64.39278240203858,64.0191162109375
2023-11-06 05:00:00+00:00,DELL,66.85860193637059,69.29296123867717,66.85860193637059,68.9766845703125,6350300,2.3576736450195312,3.539040301369001,2.434359302306575,64.64039325714111,64.32725509643555
2023-11-07 05:00:00+00:00,DELL,68.62207432524637,69.30254375239517,68.19079325420599,68.63166046142578,5657300,-0.34502410888671875,-0.5002039617242104,1.1117504981891813,64.83263187408447,64.60981414794922
2023-11-08 05:00:00+00:00,DELL,68.67958956463849,69.48464958102015,68.07578724027218,69.46548461914062,3526300,0.8338241577148438,1.2149263941872546,1.408862340747973,64.95410442352295,64.92220161437989
2023-11-09 05:00:00+00:00,DELL,69.60923726807627,70.22261839226964,68.67958675727806,69.23545837402344,3555700,-0.2300262451171875,-0.3311374654310084,1.5430316349915785,65.12554531097412,65.24542762756347
2023-11-10 05:00:00+00:00,DELL,69.68591029024019,70.72099365786251,69.39839200728706,70.44305419921875,2560000,1.2075958251953125,1.7441869434468682,1.32260165057545,65.40549449920654,65.58232200622558
2023-11-13 05:00:00+00:00,DELL,69.82009348668046,70.97018866238322,69.34088899149106,70.70182800292969,3234700,0.2587738037109375,0.36735176612174847,1.6292996708921663,65.71172580718994,65.69661827087403
2023-11-14 05:00:00+00:00,DELL,71.34396131935007,71.36312628015955,70.28012684847252,70.81683349609375,5171800,0.1150054931640625,0.16266268696658592,1.0829994316870284,66.01703510284423,65.81493003845215
2023-11-15 05:00:00+00:00,DELL,69.98301633878677,71.03727200373015,69.49423305276372,69.9063491821289,5267000,-0.9104843139648438,-1.2856891066939102,1.5430389509664337,66.32494869232178,65.86985832214356
2023-11-16 05:00:00+00:00,DELL,69.77216808786402,70.0405213993276,68.82333804965863,69.52297973632812,4044300,-0.38336944580078125,-0.5484043299156971,1.2171833496689715,66.60702209472656,65.94551948547364
2023-11-17 05:00:00+00:00,DELL,69.77217190887536,70.93184581811114,69.59007187523281,70.53889465332031,4052500,1.0159149169921875,1.4612649239792885,1.3417739428783335,66.99326076507569,66.0125269317627
2023-11-20 05:00:00+00:00,DELL,70.81682388966524,70.94141439822505,70.06926621414901,70.30886840820312,3241800,-0.2300262451171875,-0.32609845426088135,0.872148184076039,67.36799812316895,66.0432935333252
2023-11-21 05:00:00+00:00,DELL,70.75932466636783,70.9701757758985,69.87759031022044,70.55805969238281,3737300,0.2491912841796875,0.354423687681793,1.0925854656780558,67.68762817382813,66.10630027770996
2023-11-22 05:00:00+00:00,DELL,71.16185850333714,72.24485789265552,70.93184242222374,71.573974609375,3521000,1.0159149169921875,1.4398283079514185,1.313015470431779,68.08728523254395,66.19496253967286
2023-11-24 05:00:00+00:00,DELL,71.52605224699806,71.92858953470676,71.08518503863091,71.3152084350586,1695900,-0.25876617431640625,-0.361536683869601,0.8434044960758484,68.56169776916504,66.26491630554199
2023-11-27 05:00:00+00:00,DELL,71.22894438067577,72.00525319777033,70.28970050432306,71.36312103271484,3686200,0.04791259765625,0.06718426364815677,1.7155526934472647,68.96902160644531,66.37147148132324
2023-11-28 05:00:00+00:00,DELL,70.92226055985307,71.7944161927523,70.77849775846444,70.95101165771484,3126700,-0.412109375,-0.5774822752091735,1.0159184342878547,69.33321723937988,66.47245323181153
2023-11-29 05:00:00+00:00,DELL,71.35354135899702,72.92533140701222,71.3247902612533,71.93817138671875,5427800,0.9871597290039062,1.3913257978141358,1.6005411457589247,69.72376899719238,66.578882522583
2023-11-30 05:00:00+00:00,DELL,71.98609991712543,72.81991837185457,71.53564652130902,72.71449279785156,10519900,0.7763214111328125,1.079150882164548,1.2842718505455508,70.06879615783691,66.71913612365722
2023-12-01 05:00:00+00:00,DELL,68.87126615970226,70.02135394861487,65.65101157625115,68.9383544921875,14361200,-3.7761383056640625,-5.193102723224429,4.370342372363723,70.2259750366211,66.79339759826661
2023-12-04 05:00:00+00:00,DELL,67.92244943267534,68.10454217306201,65.81394521530544,66.4369125366211,7444100,-2.5014419555664062,-3.628519963948207,2.290596957756577,70.2168701171875,66.78694282531738
2023-12-05 05:00:00+00:00,DELL,66.3314752567719,67.39530965923551,66.23563583472853,66.40814971923828,4977400,-0.0287628173828125,-0.04329342873505837,1.1596738245069815,70.08844337463378,66.78029396057129
2023-12-06 05:00:00+00:00,DELL,66.59025441426593,66.91610993450456,64.70218768794295,64.81719207763672,5260000,-1.5909576416015625,-2.3957265009307505,2.2139222465616086,69.89771995544433,66.76279243469239
2023-12-07 05:00:00+00:00,DELL,64.7596851103787,65.94811002613918,64.7596851103787,65.73725891113281,5460600,0.9200668334960938,1.4194796226193462,1.1884249157604785,69.71130867004395,66.78237159729004
2023-12-08 05:00:00+00:00,DELL,65.58392992392015,66.42732723422297,65.58392992392015,65.84269714355469,3003400,0.105438232421875,0.16039341184641565,0.8433973103028194,69.5416706085205,66.79357627868653
2023-12-11 05:00:00+00:00,DELL,65.73725469353705,66.85859852302919,65.64141527797739,66.36022186279297,3945500,0.5175247192382812,0.7860017005529629,1.2171832450517996,69.33752899169922,66.80750740051269
2023-12-12 05:00:00+00:00,DELL,66.22604207996497,67.38571577105797,66.0727004847525,67.07902526855469,3436300,0.7188034057617188,1.0831841509630902,1.3130152863054718,69.15638885498046,66.8586875152588
2023-12-13 05:00:00+00:00,DELL,67.07903178434599,67.54865737448293,66.38897625866474,66.96402740478516,4234200,-0.11499786376953125,-0.1714363965623078,1.159681115818188,68.96374855041503,66.91633522033692
2023-12-14 05:00:00+00:00,DELL,68.04702426754179,69.44630022714318,67.94159871540042,69.41754913330078,7684300,2.453521728515625,3.66393991461198,1.5047015117427662,68.93930854797364,67.02381553649903
2023-12-15 05:00:00+00:00,DELL,69.02460066298104,69.95425839725537,68.42080573292205,68.64124298095703,5539400,-0.77630615234375,-1.1183139739679215,1.5334526643333248,68.89522171020508,67.13502098083497
2023-12-18 05:00:00+00:00,DELL,68.64124310301462,70.61556295484955,68.09495036187198,70.3184585571289,4810300,1.677215576171875,2.4434516383061045,2.520612592977571,68.8841999053955,67.27557746887207
2023-12-19 05:00:00+00:00,DELL,70.63472186081303,70.93183354515054,69.82966202162913,70.47179412841797,2684000,0.1533355712890625,0.21805877778804383,1.102171523521406,68.89234619140625,67.40452400207519
2023-12-20 05:00:00+00:00,DELL,70.48138714963791,71.19060764565279,69.30254105613606,69.40796661376953,4336900,-1.0638275146484375,-1.5095791554701532,1.8880665895167255,68.83484153747558,67.49694557189942
2023-12-21 05:00:00+00:00,DELL,70.33762564925182,72.26402950520166,70.33762564925182,72.1873550415039,4381800,2.779388427734375,4.004422782186778,1.926403855949843,68.86551055908203,67.59997200012207
2023-12-22 05:00:00+00:00,DELL,72.53238324234312,72.98283657911558,71.92858828935326,72.5611343383789,4244000,0.373779296875,0.5177905419309292,1.0542482897623273,68.92780685424805,67.73506187438964
2023-12-26 05:00:00+00:00,DELL,72.82947525586297,74.08499562835576,72.71447089129255,73.79747009277344,3001100,1.2363357543945312,1.7038539511097683,1.3705247370632065,69.04952430725098,67.91412986755371
2023-12-27 05:00:00+00:00,DELL,73.81665322580511,74.22876936184248,73.7208137943713,74.04667663574219,2050300,0.24920654296875,0.33768981870985204,0.5079555674711855,69.20430755615234,68.10351936340332
2023-12-28 05:00:00+00:00,DELL,73.79748186202994,73.96999574847631,73.46204022507294,73.49079132080078,1546500,-0.5558853149414062,-0.750722841588114,0.5079555234033677,69.28193855285645,68.27912223815918
2023-12-29 05:00:00+00:00,DELL,73.6249659845957,73.7303915407997,73.03074987799847,73.31827545166016,2293400,-0.172515869140625,-0.23474487897070517,0.699641662801227,69.31212768554687,68.47052619934082
2024-01-02 05:00:00+00:00,DELL,72.31194361126109,72.83907139487141,71.22894426102792,71.67939758300781,2955000,-1.6388778686523438,-2.23529244046784,1.6101271338434913,69.4491798400879,68.62648391723633
2024-01-03 05:00:00+00:00,DELL,71.71773547109647,73.6153808853268,71.45896098874195,73.41411590576172,4194300,1.7347183227539062,2.420107285004769,2.1564198965848504,69.79804000854492,68.8384838104248
2024-01-04 05:00:00+00:00,DELL,73.4812012309791,73.92206840326882,72.68572016894205,72.81031799316406,3029400,-0.6037979125976562,-0.8224547897201728,1.236348234326769,70.1181484222412,69.03840774536133
2024-01-05 05:00:00+00:00,DELL,72.30237225687175,73.27036001465802,72.19694668925861,72.68572998046875,2951100,-0.1245880126953125,-0.17111312809677814,1.0734133253994145,70.5115753173828,69.20881317138672
2024-01-08 05:00:00+00:00,DELL,74.75589706239471,76.35643823178015,74.1425159278748,76.05933380126953,6552400,3.3736038208007812,4.641356455671963,2.213922303905349,71.02767906188964,69.45838317871093
2024-01-09 05:00:00+00:00,DELL,75.87723608472062,76.14558942527276,73.85499258145691,73.90291595458984,4849100,-2.1564178466796875,-2.835178457273968,2.290596843815848,71.43069000244141,69.69990234375
2024-01-10 05:00:00+00:00,DELL,74.59296107369984,75.48428157903776,74.44919828663004,74.99549102783203,3054700,1.0925750732421875,1.4783923734667415,1.0350832924077196,71.86245346069336,69.93547927856446
2024-01-11 05:00:00+00:00,DELL,75.49386111173825,76.4810283591142,74.3150223332674,76.39476776123047,4023900,1.3992767333984375,1.8658144832722545,2.166006025846812,72.32824058532715,70.1900326538086
2024-01-12 05:00:00+00:00,DELL,76.61520821904952,76.9314775923186,75.89640155893709,76.01140594482422,4843500,-0.38336181640625,-0.501816849033998,1.0350760333815145,72.78060951232911,70.4277180480957
2024-01-16 05:00:00+00:00,DELL,75.71429240289,76.26058510622518,75.23508802059322,76.21266174316406,4348300,0.20125579833984375,0.2647705246840548,1.0254970856319545,73.12036514282227,70.63569229125977
2024-01-17 05:00:00+00:00,DELL,75.23510612776121,75.52263175117078,73.70165319776432,74.43004608154297,4928300,-1.7826156616210938,-2.3390019727017153,1.8209785534064622,73.40980529785156,70.80839767456055
2024-01-18 05:00:00+00:00,DELL,75.43635246868357,75.71429188596755,74.46835757567085,75.14883422851562,3076500,0.7187881469726562,0.9657230981493292,1.245934310296704,73.6513240814209,70.978994140625
2024-01-19 05:00:00+00:00,DELL,75.82931018158786,81.2347354633772,75.82931018158786,79.73003387451172,9448900,4.581199645996094,6.096168613960651,5.4054252817893484,74.11423606872559,71.19406112670899
2024-01-22 05:00:00+00:00,DELL,80.61570295538351,80.6638404197996,77.97793295874015,78.11270904541016,4248200,-1.6173248291015625,-2.028501369568081,2.6859074610594433,74.54947319030762,71.38368209838868
2024-01-23 05:00:00+00:00,DELL,77.9779434325241,79.39309987738496,77.53510661044976,79.3545913696289,2673300,1.24188232421875,1.589859498403512,1.8579932669351962,74.90783500671387,71.58146423339844
2024-01-24 05:00:00+00:00,DELL,80.38465838203061,81.75167715704592,79.90331312225797,80.58682250976562,3637800,1.2322311401367188,1.5528164393123323,1.8483640347879486,75.3091194152832,71.80849151611328
2024-01-25 05:00:00+00:00,DELL,81.34736098198685,81.86721482111119,79.91295395137799,79.94183349609375,2723300,-0.644989013671875,-0.8003653619594098,1.9542608697332042,75.61633758544922,71.99846710205078
2024-01-26 05:00:00+00:00,DELL,79.43159702482453,81.2318236002836,79.05614830883329,81.07779693603516,2927500,1.1359634399414062,1.4209874733444927,2.175675291450318,75.96789360046387,72.2059864807129
2024-01-29 05:00:00+00:00,DELL,81.23183075758213,81.51101191492339,80.24026060773869,80.29802703857422,2710300,-0.7797698974609375,-0.9617551622377207,1.270751307184696,76.30825538635254,72.3956103515625
2024-01-30 05:00:00+00:00,DELL,82.52184306208142,83.22460311814893,81.174074693439,81.63616943359375,3838900,1.3381423950195312,1.666469830419004,2.0505284247099382,76.72415008544922,72.6302067565918
2024-01-31 05:00:00+00:00,DELL,80.17287373783849,80.47130548001513,78.76734631261613,79.78779602050781,3587200,-1.8483734130859375,-2.264159901071161,1.703959167399006,77.12957000732422,72.8355030822754
2024-02-01 05:00:00+00:00,DELL,80.48093169726909,82.77213999761484,79.90331881335075,82.57959747314453,2729300,2.7918014526367188,3.4990331753482096,2.8688211842640925,77.58784408569336,73.07631713867187
2024-02-02 05:00:00+00:00,DELL,82.43519788690833,83.65781912801035,82.04049853885543,83.09945678710938,3683900,0.5198593139648438,0.6295251246942746,1.6173205891549145,78.10230102539063,73.33212890625
2024-02-05 05:00:00+00:00,DELL,83.30160529441783,83.62892387388024,81.59764639215051,82.51219940185547,2204200,-0.5872573852539062,-0.7066922070963599,2.031277481729731,78.59362449645997,73.57121170043945
2024-02-06 05:00:00+00:00,DELL,82.53146203318855,82.78175628175435,79.09465714884522,79.59525299072266,5013800,-2.9169464111328125,-3.535169868550636,3.6870991329091396,78.77042045593262,73.73163726806641
2024-02-07 05:00:00+00:00,DELL,80.32689702722593,80.70234573164045,79.69151777683483,80.6156997680664,2964200,1.02044677734375,1.2820447690048642,1.0108279548056203,79.10605964660644,73.91764709472656
2024-02-08 05:00:00+00:00,DELL,80.49056521853568,81.96348072661222,80.39429762322123,81.63616943359375,2993800,1.0204696655273438,1.2658448273267675,1.5691831033909835,79.43809356689454,74.12310806274414
2024-02-09 05:00:00+00:00,DELL,82.06937175474133,83.4171400325661,81.8383280726059,82.98392486572266,2315700,1.3477554321289062,1.6509292896517147,1.5788119599601913,79.76755142211914,74.3637663269043
2024-02-12 05:00:00+00:00,DELL,83.27274199391428,83.64819076330132,82.62774101519777,83.38826751708984,2979100,0.4043426513671875,0.48725419052118024,1.0204497481035446,80.13639450073242,74.59276824951172
2024-02-13 05:00:00+00:00,DELL,81.81907587421713,82.01161841009387,80.33653139932653,80.84676361083984,3144300,-2.54150390625,-3.047795549570731,1.6750870107673421,80.36809959411622,74.75541366577148
2024-02-14 05:00:00+00:00,DELL,81.88646260026603,83.01281621886157,81.55915131169317,82.82990264892578,2361300,1.9831390380859375,2.4529603282969825,1.4536649071684025,80.78809242248535,75.03324462890625
2024-02-15 05:00:00+00:00,DELL,82.29079423903774,82.7047514833793,79.34495606161438,79.6337661743164,4418500,-3.196136474609375,-3.8586746723054732,3.3597954217649146,81.0123390197754,75.29718170166015
2024-02-16 05:00:00+00:00,DELL,80.19213917110886,82.13677117580764,79.70116485192733,81.06818389892578,4841800,1.434417724609375,1.8012682226650867,2.4356063238803074,81.0792465209961,75.5903823852539
2024-02-20 05:00:00+00:00,DELL,80.75049532331327,80.85639189058328,78.18974181552726,79.38347625732422,3111100,-1.6847076416015625,-2.07813665062736,2.666650075056026,81.1427848815918,75.88170806884766
2024-02-21 05:00:00+00:00,DELL,78.2571183359883,78.75771420722036,77.48696293205835,78.35338592529297,3360500,-1.03009033203125,-1.297613030565925,1.270751275162013,81.092724609375,76.13403060913086
2024-02-22 05:00:00+00:00,DELL,82.75289216606112,85.79499832101722,82.21378772128296,84.51461791992188,8284100,6.161231994628906,7.8633895930207975,3.5812105997342627,81.28911437988282,76.5074690246582
2024-02-23 05:00:00+00:00,DELL,85.73720864529854,89.22215069884015,84.71675912434647,86.97908020019531,6997300,2.4644622802734375,2.916018957345967,4.505391574493686,81.64097671508789,76.91984619140625
2024-02-26 05:00:00+00:00,DELL,89.16440203589524,91.44597395541037,88.37499607292342,89.30879974365234,8175400,2.3297195434570312,2.6784826168485987,3.070977882486943,82.05252685546876,77.3644416809082
2024-02-27 05:00:00+00:00,DELL,89.53022051917215,89.99231521160449,87.344916217758,88.1439437866211,5888100,-1.16485595703125,-1.3043014354406246,2.647398993846494,82.4448226928711,77.78804000854493
2024-02-28 05:00:00+00:00,DELL,88.66381634225452,90.84912845131132,87.86478125939243,89.77091217041016,5909800,1.6269683837890625,1.8458084740655911,2.9843471919188858,82.85155982971192,78.1951072692871
2024-02-29 05:00:00+00:00,DELL,87.60484477011715,91.2630719951195,87.60484477011715,91.1282958984375,14317000,1.3573837280273438,1.5120529525762816,3.6582272250023493,83.4185848236084,78.64484832763672
2024-03-01 05:00:00+00:00,DELL,120.0186368847778,126.17022931041402,112.10531887571614,119.94161987304688,62169000,28.813323974609375,31.61841631135276,14.064910434697879,85.28668594360352,79.63731155395507
2024-03-04 05:00:00+00:00,DELL,119.32549462355202,124.23522246436232,116.2930251680173,117.23645782470705,23836000,-2.7051620483398295,-2.2553989609304326,7.942197296345029,86.9935359954834,80.57260482788087
2024-03-05 05:00:00+00:00,DELL,116.24489097838187,116.98615951525125,109.64083281637816,113.35681915283205,15019200,-3.879638671875,-3.3092424863909398,7.34532669887308,88.53576698303223,81.45158187866211
2024-03-06 05:00:00+00:00,DELL,114.99338765323598,116.06197479214394,112.59629014867726,114.0788345336914,10569100,0.7220153808593608,0.6369404031052683,3.4656846434666875,90.25994606018067,82.28941146850586
2024-03-07 05:00:00+00:00,DELL,115.5228661501556,117.46749783199496,114.85860731947348,116.00421142578124,9644300,1.9253768920898295,1.6877599599960824,2.6088905125214836,92.02937164306641,83.15827301025391
2024-03-08 05:00:00+00:00,DELL,115.80205161536652,116.26413898416344,110.66128006046335,111.91278076171876,11015200,-4.091430664062472,-3.5269673521121647,5.602858923700083,93.54320220947265,83.92057922363281
2024-03-11 04:00:00+00:00,DELL,111.17151085298326,112.47114166052128,109.39052741311116,111.5373306274414,5936800,-0.37545013427735796,-0.33548459051943036,3.080614247410125,94.97087249755859,84.6703923034668
2024-03-12 04:00:00+00:00,DELL,112.92359638464154,113.87665790451754,109.16910203894648,109.31350708007812,6570000,-2.2238235473632812,-1.993793051038073,4.7075558655710665,96.267134475708,85.38684661865234
2024-03-13 04:00:00+00:00,DELL,109.26538266268643,110.0644176202276,105.2509646394925,105.89596557617188,7162000,-3.41754150390625,-3.126367084172599,4.813452980735107,97.51959457397462,86.03840042114258
2024-03-14 04:00:00+00:00,DELL,106.5698358249314,107.25335254595537,101.08250289157286,102.47840118408205,8069800,-3.4175643920898295,-3.227284791724705,6.170849654382508,98.50201950073242,86.65438049316407
2024-03-15 04:00:00+00:00,DELL,103.04638966504716,104.91401154302208,101.69862152665536,103.00788116455078,9159700,0.5294799804687358,0.5166747083784395,3.215390016366726,99.67072525024415,87.24625579833985
2024-03-18 04:00:00+00:00,DELL,102.99826445240296,103.84543687458336,100.75520095350718,102.65169525146484,7403800,-0.3561859130859375,-0.34578510795396644,3.0902359210761716,100.7499008178711,87.84308334350585
2024-03-19 04:00:00+00:00,DELL,103.02715380335196,104.81775906375152,101.13065932484538,103.5084991455078,7971700,0.8568038940429545,0.8346709637323091,3.6870997389061415,101.95615196228027,88.45953872680664
2024-03-20 04:00:00+00:00,DELL,103.8839496987844,107.1763498998364,102.10296615251524,106.9260482788086,9600200,3.4175491333007955,3.301708711375051,5.073383747321159,103.38478507995606,89.07687301635742
2024-03-21 04:00:00+00:00,DELL,108.95731050139646,111.45067535759114,108.06200804739215,109.78522491455078,11678000,2.8591766357421875,2.6739757821096166,3.388667310198983,104.6483154296875,89.79451919555665
2024-03-22 04:00:00+00:00,DELL,108.69740701217444,109.55420112039803,107.6191908182905,108.05239868164062,4711400,-1.7328262329101562,-1.5783783603475543,1.9350103021075284,105.70198135375976,90.45565734863281
2024-03-25 04:00:00+00:00,DELL,107.11857680633172,110.52650231549482,106.19439473779111,108.7840347290039,6152300,0.7316360473632812,0.6771122680200081,4.3321075777037095,106.67574310302734,91.10344268798828
2024-03-26 04:00:00+00:00,DELL,109.12097399887108,112.4903909740574,109.0247064113864,110.37247467041016,7389200,1.58843994140625,1.4601774473278928,3.465684562671001,107.7871696472168,91.7906640625
2024-03-27 04:00:00+00:00,DELL,109.75636134745172,110.9308450972531,106.79127242905912,107.51329040527344,4376000,-2.8591842651367188,-2.5904866894347567,4.139572668193978,108.67428855895996,92.41667663574219
2024-03-28 04:00:00+00:00,DELL,108.06201791433442,110.1799342584986,107.71544871696264,109.85262298583984,4153400,2.3393325805664062,2.1758543262402785,2.4644855415359643,109.61050491333008,93.12512817382813
2024-04-01 04:00:00+00:00,DELL,109.9873911405154,115.24368046157232,109.9873911405154,115.1762924194336,8064100,5.32366943359375,4.84619237019035,5.256289321056926,109.37223854064942,93.92567733764649
2024-04-02 04:00:00+00:00,DELL,113.01024436081303,114.35801261507405,111.00784623132505,114.02107238769533,5503100,-1.155220031738267,-1.0030015791195446,3.3501663837489986,109.21146926879882,94.61149810791015
2024-04-03 04:00:00+00:00,DELL,113.39531405976284,124.91871309219174,113.27016693977252,123.78274536132812,19390800,9.761672973632798,8.561288513794253,11.648546152419215,109.73276557922364,95.52489883422851
2024-04-04 04:00:00+00:00,DELL,125.0053966284632,131.0799727583082,121.95366144548524,122.41575622558594,19494800,-1.3669891357421875,-1.104345465720502,9.126311312822963,110.14961166381836,96.38612213134766
2024-04-05 04:00:00+00:00,DELL,123.2244092795327,127.96084574847542,118.90193010430328,127.768310546875,10813500,5.3525543212890625,4.372439044060195,9.058915644172146,110.73781661987304,97.32975189208985
2024-04-08 04:00:00+00:00,DELL,127.9897138084572,128.4614374961159,120.87543077997395,122.40611267089844,11952300,-5.3621978759765625,-4.19681363322818,7.586006716141952,111.26248321533203,98.17903747558594
2024-04-09 04:00:00+00:00,DELL,121.71297011985286,122.02103081114836,115.95607722938212,119.11370849609376,9985300,-3.2924041748046733,-2.689738365972494,6.064953581766247,111.64130210876465,98.93975570678711
2024-04-10 04:00:00+00:00,DELL,116.66846993046369,121.36639716333433,116.58182396182524,118.7671356201172,5945000,-0.3465728759765625,-0.2909596891510824,4.78457320150909,112.11398353576661,99.70913787841796
2024-04-11 04:00:00+00:00,DELL,118.9981750482862,121.08721170136904,118.5457093314512,119.4121322631836,5058300,0.644996643066392,0.5430767018996363,2.5415023699178363,112.78979187011718,100.46465713500976
2024-04-12 04:00:00+00:00,DELL,116.95727928432152,117.78519379035652,113.22204238935296,113.36644744873048,7501700,-6.045684814453111,-5.062873177013927,4.563151401003552,113.33419418334961,101.13623016357423
2024-04-15 04:00:00+00:00,DELL,114.56018550418896,117.9296027249004,112.89472747483448,113.41458129882812,6764100,0.04813385009764204,0.042458638495679324,5.034875250065923,113.85452919006347,101.75292984008789
2024-04-16 04:00:00+00:00,DELL,112.30749307664846,117.19795592357931,111.3640530220545,116.56258392333984,7596700,3.1480026245117188,2.775659521430729,5.833902901524809,114.55007362365723,102.4221923828125
2024-04-17 04:00:00+00:00,DELL,118.0451306788293,119.05595145903436,113.89592896421188,115.15705871582033,5346000,-1.405525207519517,-1.205811642305299,5.160022494822485,115.13250160217285,103.0750895690918
2024-04-18 04:00:00+00:00,DELL,115.14740845041273,115.18591695083168,111.2003789667858,113.95367431640624,5053700,-1.203384399414091,-1.0449940393004953,3.9855379840458767,115.48388290405273,103.76225799560547
2024-04-19 04:00:00+00:00,DELL,112.01867353257305,114.73346060303967,110.035533340208,110.58426666259766,9440000,-3.3694076538085795,-2.9568222999576177,4.697927262831669,115.52383499145508,104.3616293334961
2024-04-22 04:00:00+00:00,DELL,111.139974428256,114.3678623202876,110.41514850807172,111.66184997558594,5410000,1.0775833129882812,0.9744454120911072,3.952713812215876,115.70430755615234,104.96214294433594
2024-04-23 04:00:00+00:00,DELL,112.47363957613916,117.01588595306792,111.81646384971717,116.58098602294922,5086900,4.919136047363281,4.405386484675655,5.199422103350756,116.0941551208496,105.63408416748047
2024-04-24 04:00:00+00:00,DELL,121.78040982584274,121.78040982584274,115.30529444240268,116.16542053222656,5815900,-0.41556549072265625,-0.3564607788107521,6.475115383440055,116.38380241394043,106.2896272277832
2024-04-25 04:00:00+00:00,DELL,114.3581904691732,121.07490696092152,113.0728308784816,120.7173309326172,6823000,4.551910400390639,3.918472794688377,8.002076082439928,117.04400444030762,107.08703857421875
2024-04-26 04:00:00+00:00,DELL,121.40351305930976,122.30229750228052,118.91011010483471,120.8623046875,5512200,0.1449737548827983,0.12009357211826277,3.3921873974458094,117.59448852539063,107.84768661499024
2024-04-29 04:00:00+00:00,DELL,120.99759481297514,123.4426802584614,119.13237595828843,123.41368103027344,4406300,2.5513763427734375,2.110977735672215,4.310304300172959,118.00635795593261,108.72328491210938
2024-04-30 04:00:00+00:00,DELL,122.0123504497266,122.7275098848656,119.68323986432928,120.45639038085938,5054500,-2.9572906494140625,-2.3962421546186885,3.0442700205363167,118.32812385559082,109.51104904174805
2024-05-01 04:00:00+00:00,DELL,118.784462202232,119.99250526893776,113.4883981535377,114.79308319091795,7199800,-5.6633071899414205,-4.701541505631335,6.5041071154000605,117.8786407470703,110.21924118041993
2024-05-02 04:00:00+00:00,DELL,117.55709920142895,119.75090978005731,114.38719502670745,119.24835968017578,4856900,4.455276489257827,3.881136707381616,5.363714753349868,117.7202709197998,111.03714065551758
2024-05-03 04:00:00+00:00,DELL,121.27786406759024,123.30737505509607,120.52404633280037,120.90095520019533,3942800,1.6525955200195455,1.3858433981413398,2.783328722295707,117.37690315246581,111.76486740112304
2024-05-06 04:00:00+00:00,DELL,120.80432712257092,125.04697450125072,120.07950115983547,124.9889907836914,5025200,4.0880355834960795,3.381309582481684,4.967473341415243,117.50604705810547,112.52506561279297
2024-05-07 04:00:00+00:00,DELL,123.91622420543906,125.346543037531,122.01234719229316,123.26871490478516,3247100,-1.72027587890625,-1.3763419226925366,3.3341958452378435,117.71379737854004,113.20426391601562
2024-05-08 04:00:00+00:00,DELL,122.89182805836232,127.45340057916232,121.77076037602868,127.19245910644533,4921500,3.9237442016601705,3.183081939883081,5.682640203133644,118.13506355285645,113.9852342224121
2024-05-09 04:00:00+00:00,DELL,126.76722498010236,127.97526823265342,124.93100513487347,127.26010131835938,6675400,0.06764221191404829,0.05318099232396456,3.0442630977799467,118.52746200561523,114.73501800537109
2024-05-10 04:00:00+00:00,DELL,129.434544451496,130.082068438189,127.00879955987536,128.31349182128906,4536900,1.0533905029296875,0.8277460822496696,3.073268878313641,119.27481422424316,115.47872192382812
2024-05-13 04:00:00+00:00,DELL,128.82569933469898,130.3719854170855,126.29363135853929,126.61255645751952,4105800,-1.7009353637695455,-1.3256091309077234,4.078354058546225,119.93471298217773,115.61214065551758
2024-05-14 04:00:00+00:00,DELL,125.14358326513286,130.16903869385425,124.28345732490912,129.6181640625,4175800,3.005607604980483,2.373862189560083,5.885581368945125,120.58749198913574,115.85977478027344
2024-05-15 04:00:00+00:00,DELL,135.2041736447957,145.23576795385645,134.00580436473456,144.1533660888672,16982500,14.535202026367188,11.21386198570018,11.229963589121894,122.03730735778808,116.47570571899413
2024-05-16 04:00:00+00:00,DELL,145.4483958298763,145.7769800287748,138.6833541633704,141.38937377929688,9411500,-2.7639923095703125,-1.9173969949937697,7.093625865404391,123.40909233093262,117.02191650390625
2024-05-17 04:00:00+00:00,DELL,143.64115567571014,145.23576660461208,140.98346096312736,144.50128173828125,9893500,3.111907958984375,2.200948965119509,4.252305641484725,125.1049430847168,117.59185791015625
2024-05-20 04:00:00+00:00,DELL,145.83496693189431,149.40111276216018,140.1523418353845,140.56790161132812,10586900,-3.933380126953125,-2.7220382266762266,9.248770926775677,126.55024566650391,118.16496032714844
2024-05-21 04:00:00+00:00,DELL,140.18129706744597,144.86849453779973,139.16653811106272,142.29779052734375,6665700,1.729888916015625,1.2306429107825645,5.701956426737013,127.83608589172363,118.78016952514649
2024-05-22 04:00:00+00:00,DELL,142.94534336372033,143.98909448772295,140.97380854728596,142.8197021484375,4708400,0.52191162109375,0.3667742268938845,3.0152859404369963,129.16879997253417,119.45029342651367
2024-05-23 04:00:00+00:00,DELL,153.6534171408669,157.24855444246168,145.09080740053818,148.41534423828125,16843100,5.59564208984375,3.9179763055576133,12.1577470419235,130.55370063781737,120.30068099975585
2024-05-24 04:00:00+00:00,DELL,150.7831105968828,161.17228118096924,149.4204344508511,154.803466796875,17563700,6.38812255859375,4.304219749905114,11.751846730118132,132.25075874328613,121.34718231201173
2024-05-28 04:00:00+00:00,DELL,162.7765596693144,163.9942766064218,155.60561727653945,160.5054473876953,18692600,5.7019805908203125,3.6833675038441926,8.388659329882358,134.10534706115723,122.49713363647462
2024-05-29 04:00:00+00:00,DELL,160.00290703283108,173.6682914321362,158.78520476832242,173.1947479248047,23215900,12.689300537109375,7.9058379286397695,14.88308666381377,136.74226493835448,123.9079946899414
2024-05-30 04:00:00+00:00,DELL,172.79851209234025,172.83716298842236,159.56801985498427,164.21656799316406,43508200,-8.978179931640625,-5.18386385223335,13.269143133438092,139.21343917846679,125.12215606689453
2024-05-31 04:00:00+00:00,DELL,138.9732983623722,139.9397329619066,126.61259157621896,134.8756103515625,67192800,-29.340957641601562,-17.86723349547955,13.32714138568764,139.99480171203612,125.68114730834961
2024-06-03 04:00:00+00:00,DELL,135.8323606518399,136.01598555106045,124.28347228458551,127.59833526611328,41199200,-7.277275085449219,-5.395545619019259,11.732513266474939,140.32967071533204,126.03740951538086
2024-06-04 04:00:00+00:00,DELL,127.76265071335278,134.31507609816882,127.45339931070303,131.20315551757812,21568400,3.6048202514648438,2.825131099043565,6.8616767874657825,140.64037895202637,126.50042465209961
2024-06-05 04:00:00+00:00,DELL,131.38678844421324,134.72098505581337,128.48748447819182,133.03939819335938,19148600,1.83624267578125,1.3995415495439367,6.233500577621555,141.12891311645507,126.98553192138672
2024-06-06 04:00:00+00:00,DELL,131.6767058752372,132.11159846825328,127.7143183686001,129.4635772705078,13929100,-3.5758209228515625,-2.687790963737269,4.397280099653173,141.2424690246582,127.36735397338867
2024-06-07 04:00:00+00:00,DELL,127.08613411415315,129.56020402338015,123.30737175833823,125.60749053955078,19597600,-3.8560867309570312,-2.97851087715576,6.252832265041917,141.15983848571778,127.72923797607422
2024-06-10 04:00:00+00:00,DELL,124.67003112700876,130.9132035153693,124.09016461846856,128.0042266845703,13994500,2.3967361450195312,1.9081156185226433,6.823038896900741,141.14437522888184,128.09227005004882
2024-06-11 04:00:00+00:00,DELL,127.08613530827472,130.32369674519435,125.6558163935546,127.221435546875,9176400,-0.7827911376953125,-0.6115353828309744,4.667880351639752,141.1748191833496,128.33317291259766
2024-06-12 04:00:00+00:00,DELL,128.3715096079424,128.47781800374133,125.73314728063356,127.3857421875,11427900,0.164306640625,0.129150123105215,2.744670723107774,141.0631980895996,128.60046630859375
2024-06-13 04:00:00+00:00,DELL,127.55969595498316,131.61871793719968,127.37607103909708,130.4879913330078,16066800,3.1022491455078125,2.4353189707381873,4.242646898102592,140.37992935180665,128.73457122802733
2024-06-14 04:00:00+00:00,DELL,128.8933804929422,130.9808828103996,126.88319471464492,130.4493408203125,12995300,-0.0386505126953125,-0.029619976750716592,4.097688095754691,139.83292770385742,128.89524291992188
2024-06-17 04:00:00+00:00,DELL,132.52714254264444,139.88170828118967,132.43049321234597,137.26266479492188,26911400,6.813323974609375,5.222965429924553,7.451215068843709,139.47099685668945,129.0851300048828
2024-06-18 04:00:00+00:00,DELL,138.76065980963116,148.96620522077237,138.49005934392815,144.14369201660156,33500100,6.8810272216796875,5.013036306675467,10.476145876844214,139.64978637695313,129.5198815917969
2024-06-20 04:00:00+00:00,DELL,151.3726351863384,156.0984991370194,140.15233044192627,143.53485107421875,39976400,-0.6088409423828125,-0.4223847286447313,15.946168695093121,139.71163940429688,130.00830444335938
2024-06-21 04:00:00+00:00,DELL,140.88681298786594,142.24948910200527,135.91934050308782,140.19097900390625,16745500,-3.3438720703125,-2.329658647559718,6.330148598917447,139.5802032470703,130.43678131103516
2024-06-24 04:00:00+00:00,DELL,138.49973240315978,138.7413410396168,132.94273376464844,132.94273376464844,14015000,-7.2482452392578125,-5.170265084642745,5.7986072749683615,138.80657272338868,130.70739334106446
2024-06-25 04:00:00+00:00,DELL,134.64364239039853,136.99207081165014,132.99103314288888,135.63906860351562,8378100,2.6963348388671875,2.028192713142607,4.001037668761256,137.8483528137207,131.15284576416016
2024-06-26 04:00:00+00:00,DELL,133.87049974938145,136.566845287874,130.5556220264347,133.5998992919922,12714100,-2.0391693115234375,-1.5033790282681037,6.011223261439312,136.50307540893556,131.55655212402343
2024-06-27 04:00:00+00:00,DELL,133.2036678834587,137.0694058538241,132.9813920792163,134.7499542236328,9483000,1.150054931640625,0.8608202084996242,4.088013774607788,134.58083572387696,131.9202995300293
2024-06-28 04:00:00+00:00,DELL,134.84660983235588,137.01142850505445,131.63805483622454,133.28099060058594,20573600,-1.468963623046875,-1.0901403503328577,5.373373668829913,133.03405685424804,132.28277816772462
2024-07-01 04:00:00+00:00,DELL,132.86541258052677,139.8334119005503,129.144648557304,138.02618408203125,11565700,4.7451934814453125,3.560292776983953,10.68876334324628,133.19158554077148,132.76422836303712
2024-07-02 04:00:00+00:00,DELL,135.51346072059408,138.72201592266651,135.22352739142192,138.6543731689453,7748200,0.6281890869140625,0.4551231283339119,3.4984885312445897,133.7443874359131,133.32563049316406
2024-07-03 04:00:00+00:00,DELL,142.73269992024524,144.45295198486673,135.87100973233248,137.88119506835938,13173300,-0.7731781005859375,-0.5576297976868316,8.581942252534247,134.07828941345215,133.85001739501953
2024-07-05 04:00:00+00:00,DELL,137.42698422070987,137.96818518625216,133.66755457083184,134.29574584960938,8901200,-3.58544921875,-2.6003902975836435,4.300630615420317,134.14110679626464,134.20431259155274
2024-07-08 04:00:00+00:00,DELL,135.30080522334154,142.1818128843539,134.52765481559896,141.07041931152344,12355600,6.7746734619140625,5.044592752402344,7.654158068754924,134.72144889831543,134.70241256713868
2024-07-09 04:00:00+00:00,DELL,141.15741114083102,145.18744096302234,139.0022664809918,140.84815979003906,11396900,-0.222259521484375,-0.15755218037138974,6.185174482030533,135.48348236083984,135.1050291442871
2024-07-10 04:00:00+00:00,DELL,141.37970209029248,142.28815291556683,137.06941230846934,140.87716674804688,7387300,0.0290069580078125,0.020594488455549786,5.218740607097487,136.12712936401368,135.50532638549805
2024-07-11 04:00:00+00:00,DELL,140.6741975701457,141.5343236492652,134.74029057847866,135.9966583251953,8248900,-4.8805084228515625,-3.464371505696273,6.794033070786526,136.56589050292968,135.75698593139649
2024-07-12 04:00:00+00:00,DELL,134.91426102007767,136.7891315479281,132.88474268765455,134.88526916503906,7376400,-1.11138916015625,-0.8172179918558675,3.904388860273542,136.94086685180665,136.0455635070801
2024-07-15 04:00:00+00:00,DELL,136.0256638051341,136.35424801510132,131.93764976086138,132.61415100097656,8064600,-2.2711181640625,-1.6837406917160624,4.416598254239943,137.04717483520508,136.40198486328126
2024-07-16 04:00:00+00:00,DELL,133.0200633252114,133.10703890366486,127.94628146271394,129.75350952148438,10254500,-2.8606414794921875,-2.1571163091570256,5.160757440950917,137.01238327026368,136.6120878601074
2024-07-17 04:00:00+00:00,DELL,123.83893231766407,125.41422547609672,120.48540298755871,120.96862030029295,18887600,-8.78488922119142,-6.770444401534148,4.928822488538003,136.19768104553222,136.61344116210938
2024-07-18 04:00:00+00:00,DELL,122.37959781038424,122.67919751857356,117.9340005948625,121.13289642333984,9659400,0.1642761230468892,0.13580060898361612,4.745196923711063,135.04714126586913,136.53631927490235
2024-07-19 04:00:00+00:00,DELL,121.20055995610171,123.58764709120108,120.09881779018836,121.56780242919922,6932800,0.434906005859375,0.3590321198458257,3.4888293010127143,133.94878883361815,136.50230102539064
2024-07-22 04:00:00+00:00,DELL,123.86790274623188,125.51083837595849,122.8144927259117,124.41877746582033,6255200,2.850975036621108,2.345172800406181,2.69634565004678,133.16017875671386,136.44682739257811
2024-07-23 04:00:00+00:00,DELL,123.11440937912624,124.27815037236014,121.56275225518606,122.04764556884766,5944600,-2.3711318969726705,-1.9057669149852074,2.7153981171740895,132.61542434692382,136.3425782775879
2024-07-24 04:00:00+00:00,DELL,119.79773260616294,119.79773260616294,112.38856387762132,112.6116180419922,15611400,-9.436027526855455,-7.731429379792953,7.409168728541616,131.46405181884765,136.02854080200194
2024-07-25 04:00:00+00:00,DELL,112.49524855715572,112.49524855715572,106.99656016634434,108.06332397460938,17363700,-4.548294067382827,-4.038920802724633,5.498688390811381,130.1872230529785,135.65755615234374
2024-07-26 04:00:00+00:00,DELL,110.79813777869865,111.25393874156624,108.17971647564916,110.12898254394533,8419900,2.0656585693359517,1.911526032478239,3.0742222659170864,128.95617446899413,135.26777252197266
2024-07-29 04:00:00+00:00,DELL,110.90480031824056,112.01035649170242,107.5978243370208,107.84027099609376,7552200,-2.2887115478515625,-2.078210017910853,4.412532154681628,127.68413848876953,134.54151062011718
2024-07-30 04:00:00+00:00,DELL,108.91673702752657,109.82833885231037,102.57433140593751,105.32852935791016,11938400,-2.511741638183608,-2.3291314227823046,7.254007446372853,126.04925575256348,133.82029373168945
2024-07-31 04:00:00+00:00,DELL,111.2927251232578,113.0771291215914,108.8100661096872,110.24535369873048,11327300,4.916824340820327,4.668084108639525,4.267063011904199,124.62880477905273,133.13517517089844
2024-08-01 04:00:00+00:00,DELL,109.51800882134468,111.72912124274652,104.28115932919624,105.15396881103516,8570000,-5.091384887695327,-4.618230806904256,7.447961913550273,122.99244346618653,132.42689651489258
2024-08-02 04:00:00+00:00,DELL,98.62729258830036,100.66385033287985,96.91077359091176,99.19947052001952,11832700,-5.954498291015639,-5.662647219446426,3.753076741968087,121.23762969970703,131.5649301147461
2024-08-05 04:00:00+00:00,DELL,87.74629229020111,96.87198008531496,87.40686107089311,95.2136459350586,13137800,-3.9858245849609233,-4.017989777633479,9.465119014421845,118.94479103088379,130.61280899047853
2024-08-06 04:00:00+00:00,DELL,95.67916200835934,96.2707251046758,90.51988951934896,91.80970764160156,15500600,-3.4039382934570312,-3.5750529874454373,5.75083558532684,116.49286842346191,129.48069625854492
2024-08-07 04:00:00+00:00,DELL,87.63962469129018,90.21925340549056,84.30355615373148,85.23455047607422,21545500,-6.575157165527344,-7.161723236495698,5.9156972517590845,113.71073760986329,128.0893179321289
2024-08-08 04:00:00+00:00,DELL,87.05774399097237,88.92943251446158,85.77762591369222,88.69668579101562,10242800,3.4621353149414062,4.06189191543076,3.151806600769362,111.34573898315429,126.65314270019532
2024-08-09 04:00:00+00:00,DELL,86.77652381975689,90.60717861868235,85.89401430367984,89.75376892089844,8405000,1.0570831298828125,1.1917955225220878,4.7131643150025155,109.08916397094727,124.98432312011718
2024-08-12 04:00:00+00:00,DELL,89.41432632038473,94.94211467398524,89.0652025338885,92.39157104492188,9875300,2.6378021240234375,2.938931875215367,5.876912140096749,107.07803497314453,123.54782318115234
2024-08-13 04:00:00+00:00,DELL,94.16628092568236,98.42364366806576,93.6522951921518,96.92047882080078,14928400,4.528907775878906,4.9018625018043105,4.7713484759139675,105.43638343811035,122.7887205505371
2024-08-14 04:00:00+00:00,DELL,98.00662731035432,101.21662585271945,97.2792873909154,99.83952331542967,12141000,2.919044494628892,3.011793307404109,3.937338461804046,104.37992858886719,122.23354431152343
2024-08-15 04:00:00+00:00,DELL,103.82535108737338,107.60752030930016,102.22520911557147,106.88018035888672,17713200,7.0406570434570455,7.051973817235724,5.3823111937286825,103.66729278564453,121.74708480834961
2024-08-16 04:00:00+00:00,DELL,105.60976644644823,108.77127296066446,104.79514182242568,107.937255859375,11632600,1.0570755004882812,0.9890285522898612,3.9761311382387845,102.98576545715332,121.24504196166993
2024-08-19 04:00:00+00:00,DELL,107.6463113852701,108.67428280202692,105.10546785834369,108.49002838134766,8374900,0.5527725219726562,0.5121239349394235,3.568814943683236,102.18932800292968,120.82557098388672
2024-08-20 04:00:00+00:00,DELL,108.37365311483764,109.08160059203664,106.24981808212527,107.36507415771484,6189000,-1.1249542236328125,-1.036919466624664,2.8317825099113634,101.45519943237305,120.46072265625
2024-08-21 04:00:00+00:00,DELL,107.50086277286792,108.51914184848252,105.57098915792754,108.32518005371094,6714400,0.9601058959960938,0.8942441511154087,2.948152690554977,101.24087753295899,120.06714172363282
2024-08-22 04:00:00+00:00,DELL,109.14947741483915,110.57505740545642,105.38670092578607,105.68733978271484,7018300,-2.6378402709960938,-2.435112750044055,5.188356479670347,101.12207832336426,119.63645980834961
2024-08-23 04:00:00+00:00,DELL,107.01595926640648,109.25617154117978,106.74442017828493,108.62580871582033,6023400,2.938468933105483,2.7803414667705306,2.511751362894856,101.046919631958,119.26126113891601
2024-08-26 04:00:00+00:00,DELL,108.62581287609136,110.70115587065872,107.01596336502172,108.29608154296876,7307800,-0.3297271728515625,-0.3035440442281767,3.685192505637005,101.06971015930176,118.81742294311523
2024-08-27 04:00:00+00:00,DELL,106.99656660778416,108.97493233075764,106.39529620018229,108.48033905029295,6271600,0.18425750732419033,0.17014235852206294,2.579636130575352,101.2273006439209,118.37804290771484
2024-08-28 04:00:00+00:00,DELL,106.96746628566358,108.68398533375554,104.94060841873704,108.18939208984376,9528000,-0.29094696044919033,-0.26820248074105324,3.7433769150185014,101.12450256347657,117.79657745361328
2024-08-29 04:00:00+00:00,DELL,105.00848345263486,110.98237198157028,104.8339215826625,107.39415740966795,23836600,-0.7952346801758097,-0.7350394200527743,6.148450398907784,101.2365119934082,117.06158676147462
2024-08-30 04:00:00+00:00,DELL,111.87459428703576,114.16329149060137,107.306899818591,112.04915618896484,33433600,4.654998779296889,4.3344990934095495,6.856391672010361,101.87899627685547,116.43187286376953
2024-09-03 04:00:00+00:00,DELL,111.4090951702854,113.16441415590889,105.82312901834668,107.42327117919922,14159000,-4.625885009765625,-4.128442522105491,7.34128513756221,102.4894775390625,115.77651870727539
2024-09-04 04:00:00+00:00,DELL,105.7067382679693,107.20991044142542,104.06779656387792,105.76492309570312,8113600,-1.6583480834960938,-1.5437512424376854,3.1421138775475015,103.18723831176757,115.23296249389648
2024-09-05 04:00:00+00:00,DELL,103.76717859645916,105.02790428662452,101.95367477421198,103.92234802246094,9362400,-1.8425750732421875,-1.7421419307182773,3.0742295124125434,104.12162818908692,114.5986280822754
2024-09-06 04:00:00+00:00,DELL,103.30166806957592,104.94060983394635,98.34606522135664,98.9182357788086,11962600,-5.004112243652344,-4.815241705827122,6.594544612589715,104.63270568847656,113.90499481201172
2024-09-09 04:00:00+00:00,DELL,104.10659965412002,104.39753862056904,101.92457960240814,102.69071197509766,18742700,3.7724761962890625,3.813731782201124,2.4729590181608927,105.27955284118653,113.26380996704101
2024-09-10 04:00:00+00:00,DELL,102.94285926397022,104.28116224090084,102.2349117203546,103.41805267333984,9367400,0.7273406982421875,0.7082828468640612,2.046250520546238,105.83087692260742,112.66655120849609
2024-09-11 04:00:00+00:00,DELL,103.91263746777018,105.60976404713544,102.36098036069887,105.51278686523438,9715100,2.0947341918945312,2.025501484263126,3.2487836864365676,106.2604923248291,112.01628326416015
2024-09-12 04:00:00+00:00,DELL,105.41581281931244,109.80895284742374,105.31883562771982,108.76158142089844,9893500,3.2487945556640625,3.079052930156756,4.490117219703919,106.70659523010254,111.41842742919921
2024-09-13 04:00:00+00:00,DELL,108.79066077322304,111.18603485220282,108.03422841120512,110.84661102294922,7353300,2.0850296020507812,1.9170644402290327,3.151806440997703,106.90491676330566,110.87773574829102
2024-09-16 04:00:00+00:00,DELL,108.9846161598894,112.3012919768158,108.83915408804212,111.9133758544922,8618900,1.066764831542983,0.9623792930594233,3.4621378887736824,107.10372276306153,110.43008834838867
2024-09-17 04:00:00+00:00,DELL,114.153575760152,114.73544621979244,111.56424740547725,113.29046630859376,9412700,1.3770904541015625,1.230496751248067,3.17119881431519,107.34374465942383,109.87448928833008
2024-09-18 04:00:00+00:00,DELL,114.02752999459356,116.00589588982912,112.43708028646247,112.48556518554688,10783600,-0.8049011230468892,-0.7104756024698511,3.5688156033666445,107.59976921081542,109.30723739624024
2024-09-19 04:00:00+00:00,DELL,116.44227355260816,116.44227355260816,113.81415282700208,114.21176147460938,10630500,1.7261962890625,1.5345936042683528,2.628120725606081,107.89409828186035,108.77392929077149
2024-09-20 04:00:00+00:00,DELL,112.98014922446391,115.45310824000416,111.60305390235314,113.94993591308594,75332800,-0.2618255615234375,-0.22924570827290713,3.8500543376510166,108.3072280883789,108.3329948425293
2024-09-23 04:00:00+00:00,DELL,113.99841453089948,114.53179270632208,113.05772037196778,114.01780700683594,8067800,0.06787109375,0.05956220440681559,1.4740723343543038,108.57682800292969,107.91564559936523
2024-09-24 04:00:00+00:00,DELL,114.59969558163922,114.86154214091162,112.49526016294426,113.76567840576172,6851800,-0.25212860107421875,-0.22113089849123968,2.366281977967361,108.85030784606934,107.53867614746093
2024-09-25 04:00:00+00:00,DELL,113.7268631869761,116.6071303666548,113.5329088404114,116.53924560546876,8535000,2.7735671997070455,2.4379648050044667,3.074221526243406,109.25325317382813,107.27439086914063
2024-09-26 04:00:00+00:00,DELL,118.68248832380576,123.16290533911058,117.72240160584222,122.6683120727539,13420500,6.129066467285142,5.259229571499402,5.440503733268358,109.97719917297363,107.30838470458984
2024-09-27 04:00:00+00:00,DELL,120.25354568206228,120.65116176360488,116.44228381731249,116.58775329589844,13545000,-6.080558776855469,-4.95691077354119,4.2088779462923895,110.43687896728515,107.21748184204101
2024-09-30 04:00:00+00:00,DELL,115.40460466845056,116.33559891068283,113.41653919149906,114.95850372314452,8638100,-1.6292495727539205,-1.3974448659447969,2.919059719183778,110.58234634399415,107.08529586791992
2024-10-01 04:00:00+00:00,DELL,113.84325164168946,114.2214678346079,109.49861169266757,109.74105834960938,9641900,-5.217445373535142,-4.538546696902346,4.7228561419403405,110.69823570251465,106.79174148559571
2024-10-02 04:00:00+00:00,DELL,109.556796674692,113.03832712174218,108.73247951972311,110.03199005126952,6047100,0.29093170166014204,0.26510743201810794,4.305847602019071,110.91158905029297,106.55142837524414
2024-10-03 04:00:00+00:00,DELL,110.57506727038532,113.22258800121205,110.18715854109496,112.17521667480467,6872500,2.1432266235351562,1.9478213767982533,3.0354294601170864,111.32423248291016,106.5427003479004
2024-10-04 04:00:00+00:00,DELL,113.9499250492122,117.18900872893371,113.5232165792572,116.78170013427734,8175800,4.6064834594726705,4.1065072981555595,3.66579214967652,112.2174057006836,106.71706787109375
2024-10-07 04:00:00+00:00,DELL,116.06405259686908,117.1987010650546,114.60937279697464,115.49187469482422,5208100,-1.289825439453125,-1.1044756481281448,2.589328268079967,112.85746383666992,106.82432571411132
2024-10-08 04:00:00+00:00,DELL,115.79251961734364,118.25577842873926,115.11366456916626,118.24607849121094,5681500,2.7542037963867188,2.3847597968813306,3.1421138595730014,113.59886512756347,107.03244186401368
2024-10-09 04:00:00+00:00,DELL,117.95514440149792,119.40982433734963,116.85928818008811,118.64369201660156,6023500,0.397613525390625,0.3362593757560983,2.5505361572615186,114.25541038513184,107.2987451171875
2024-10-10 04:00:00+00:00,DELL,117.7902820098316,121.08755799851824,117.53813541687433,121.02937316894533,5947200,2.385681152343764,2.010794768600044,3.54942258164391,114.86879997253418,107.51442550659179
2024-10-11 04:00:00+00:00,DELL,120.2535348143306,124.42362002954258,119.76864152878892,123.87084197998048,7811900,2.8414688110351562,2.3477514066512883,4.654978500753657,115.52001152038574,107.8887629699707
2024-10-14 04:00:00+00:00,DELL,125.10248526251893,126.32441118672276,123.55082801035778,124.47212982177734,5933000,0.6012878417968608,0.48541515677598124,2.77358317636498,116.14794921875,108.39421615600585
2024-10-15 04:00:00+00:00,DELL,124.94730403445622,127.16812367150015,121.8633896989873,122.02825164794922,6016600,-2.443878173828125,-1.9633938756630442,5.3047339725128495,116.58483848571777,108.93050827026367
2024-10-16 04:00:00+00:00,DELL,123.05622402400824,123.65749439398132,121.0293735330167,122.90106201171876,3833100,0.8728103637695455,0.7152526992582064,2.6281208609646285,117.10561332702636,109.55233535766601
2024-10-17 04:00:00+00:00,DELL,125.19946103572816,127.62392763364876,124.13268981353518,125.27703094482422,5603600,2.3759689331054545,1.9332371048827124,3.4912378201135823,117.65887680053712,110.35318496704102
2024-10-18 04:00:00+00:00,DELL,125.2964345909916,125.66495826025026,121.4172879176001,122.63922119140624,5491700,-2.637809753417983,-2.105581313289384,4.247670342650153,118.09334106445313,111.03203567504883
2024-10-21 04:00:00+00:00,DELL,122.67801293682017,123.14351379082504,121.38819489858996,121.86339569091795,4405000,-0.7758255004882812,-0.6326079805068496,1.7553188922350813,118.48562049865723,111.67422821044921
2024-10-22 04:00:00+00:00,DELL,120.7782364150708,120.97288750660115,116.15537880003848,117.17727661132812,7093000,-4.6861190795898295,-3.845386921168048,4.817508706562677,118.65620040893555,112.16994232177734
2024-10-23 04:00:00+00:00,DELL,115.78554041396532,118.30621052051204,114.66632088984544,116.29161834716795,4558900,-0.8856582641601705,-0.7558276568398692,3.6398896306666018,118.64381904602051,112.5573651123047
2024-10-24 04:00:00+00:00,DELL,117.38165788049751,118.14077859515882,116.16511636977614,117.3427276611328,3638100,1.0511093139648438,0.9038564678212291,1.9756622253826777,118.37753982543946,112.90742919921875
2024-10-25 04:00:00+00:00,DELL,118.63711897098516,121.44976209751546,118.49113251775492,119.26972198486328,4040200,1.926994323730483,1.642193225041888,2.95862957976054,118.51163825988769,113.15522003173828
2024-10-28 04:00:00+00:00,DELL,119.7076828493796,120.3013556916714,117.32326449440298,117.4303207397461,3582900,-1.8394012451171875,-1.5422197809353722,2.9780911972684265,118.63522911071777,113.3450813293457
2024-10-29 04:00:00+00:00,DELL,117.44978293107972,119.25999727798916,116.8853058927574,118.37435150146484,3909800,0.94403076171875,0.8039071644970974,2.374691385231756,119.06689376831055,113.54276779174805
2024-10-30 04:00:00+00:00,DELL,127.4838074863217,130.38403792916623,122.082360880262,125.93635559082033,17073700,7.562004089355483,6.388211629832585,8.301677048904224,119.86211204528809,113.91419342041016
2024-10-31 04:00:00+00:00,DELL,123.60060671059662,124.17481068949672,119.30864507096928,120.32080841064452,7312400,-5.61554718017581,-4.459035799337629,4.866165618527447,120.26939163208007,114.15410598754883
2024-11-01 04:00:00+00:00,DELL,121.29403951229446,129.07016996201756,120.97287822996202,127.36701202392578,13048400,7.046203613281264,5.856180411648482,8.097291732055538,120.7986572265625,114.58769943237304
2024-11-04 05:00:00+00:00,DELL,129.26484001829425,132.07748335631155,126.22834235328855,126.37433624267578,10608800,-0.99267578125,-0.7793821692727798,5.849141003022993,121.34278030395508,114.94266998291016
2024-11-05 05:00:00+00:00,DELL,127.49353536612344,130.68573872771984,126.27699399812607,129.8876953125,6998600,3.5133590698242188,2.780120690863641,4.408744729593764,121.92486114501953,115.37450225830078
2024-11-06 05:00:00+00:00,DELL,133.7124945029901,135.8633461799121,130.72467661961713,134.6468048095703,8857900,4.7591094970703125,3.6640187398969903,5.1386695602949715,122.72501678466797,115.89783157348633
2024-11-07 05:00:00+00:00,DELL,135.23073524567587,135.6881559872231,132.3791694125515,134.1796417236328,6297500,-0.4671630859375,-0.3469544536153002,3.308986574671593,123.38253021240234,116.41763656616212
2024-11-08 05:00:00+00:00,DELL,134.52029067646998,135.42539040131606,130.49110592478806,130.6370849609375,6325400,-3.5425567626953125,-2.640159652528995,4.934284476528006,123.7208423614502,116.8824951171875
2024-11-11 05:00:00+00:00,DELL,134.76358270500856,136.98255288882015,131.38646280632838,134.80250549316406,7210900,4.1654205322265625,3.1885436922234556,5.59609008249177,124.23736114501953,117.33756210327148
2024-11-12 05:00:00+00:00,DELL,135.0361092246183,137.5470527133247,132.30132625349628,132.817138671875,6667800,-1.9853668212890625,-1.4727966769057854,5.245726459828404,124.77680549621581,117.845439453125
2024-11-13 05:00:00+00:00,DELL,134.07256973362493,135.31830675771954,130.87063976943412,130.9290313720703,4701400,-1.8881072998046875,-1.4215840807030644,4.44766698828542,125.1782039642334,118.34872161865235
2024-11-14 05:00:00+00:00,DELL,132.2429260311519,133.24535499411968,129.76117851249637,130.83172607421875,3510700,-0.0973052978515625,-0.07431911534963032,3.484176481623308,125.45593872070313,118.8869091796875
2024-11-15 05:00:00+00:00,DELL,129.72222258437412,130.28669951750672,127.25021724996606,128.11639404296875,5010100,-2.71533203125,-2.0754385138277764,3.036482267540663,125.72979736328125,119.4708723449707
2024-11-18 05:00:00+00:00,DELL,132.5154244193659,134.30616978575654,130.87065807999016,132.3694305419922,6501800,4.2530364990234375,3.319666097999141,3.4355117057663733,126.25509910583496,120.0644467163086
2024-11-19 05:00:00+00:00,DELL,130.26725886508177,132.59328542452727,128.70035295011746,132.2623748779297,5767500,-0.1070556640625,-0.08087642564008624,3.892932474409804,127.00935401916504,120.6413331604004
2024-11-20 05:00:00+00:00,DELL,133.8390364985081,134.47163215101423,128.99232437332813,130.37432861328125,4814200,-1.8880462646484375,-1.4275006526920375,5.4793077776861026,127.7134895324707,121.13856399536132
2024-11-21 05:00:00+00:00,DELL,132.4959662571117,136.388899027822,130.85119978542895,135.20155334472656,6619700,4.8272247314453125,3.702588372104998,5.537699242393046,128.6064308166504,121.66736343383789
2024-11-22 05:00:00+00:00,DELL,138.68572509188763,140.63219140896675,136.7392587748085,140.34996032714844,7688600,5.148406982421875,3.80794957976176,3.8929326341582566,129.66044273376465,122.25743041992187
2024-11-25 05:00:00+00:00,DELL,143.4545660760251,143.7076162093206,138.81225445812734,140.30130004882812,12208200,-0.0486602783203125,-0.03467067479526742,4.8953617511932634,130.80399169921876,122.8251889038086
2024-11-26 05:00:00+00:00,DELL,140.14557706673207,140.56406020341146,137.4302630452224,137.94607543945312,12796200,-2.355224609375,-1.6786905100347083,3.1337971581890542,131.78257789611817,123.31830108642578
2024-11-27 05:00:00+00:00,DELL,121.57628226109443,123.75632984430852,118.05318304077778,121.0507354736328,38089700,-16.895339965820327,-12.24778589169503,5.703146803530743,131.53829689025878,123.4896044921875
2024-11-29 05:00:00+00:00,DELL,121.94611496855826,125.0312622290946,121.64440764713343,124.17481231689452,9534500,3.1240768432617188,2.5807995556889507,3.3868545819611597,131.7309970855713,123.6888655090332
2024-12-02 05:00:00+00:00,DELL,122.8123096453238,126.17968846876532,119.98019724413776,122.47167205810548,13328000,-1.703140258789034,-1.3715666059898046,6.199491224627565,131.48623008728026,123.85930023193359
2024-12-03 05:00:00+00:00,DELL,121.8098627714944,122.6468364366409,120.85609103187416,122.19915008544922,6989900,-0.2725219726562642,-0.22251837349536174,1.7907454047667386,131.27747077941893,124.02292709350586
2024-12-04 05:00:00+00:00,DELL,121.89745422045586,123.92178099075088,120.60305232573242,122.72470092773438,6264500,0.5255508422851562,0.43007733025774986,3.3187286650184546,130.91932106018066,124.20210754394532
2024-12-05 05:00:00+00:00,DELL,123.17238243408458,125.23563191551506,121.69307134503671,121.7222671508789,8115800,-1.0024337768554688,-0.8168150089408188,3.5425605704783436,130.2730941772461,124.30576797485351
2024-12-06 05:00:00+00:00,DELL,122.25756387221534,122.92908976742804,119.46438176401615,120.09698486328124,10464400,-1.6252822875976705,-1.3352382646497074,3.464708003411886,129.5689613342285,124.25434143066406
2024-12-09 05:00:00+00:00,DELL,119.55196478893048,120.87556255780734,117.85854107073044,120.49600219726562,8318600,0.3990173339843892,0.3322459214430973,3.017021487076903,129.06190719604493,124.3325064086914
2024-12-10 05:00:00+00:00,DELL,119.85367385379156,119.9412612804739,113.43033601577616,113.66390991210938,12659500,-6.83209228515625,-5.669974240283371,6.5109252646977325,128.00497741699218,124.3066145324707
2024-12-11 05:00:00+00:00,DELL,114.6468617731162,115.98992077363572,112.50574450504855,115.5130386352539,8156100,1.8491287231445312,1.6268389188567989,3.484176268587163,127.13977241516113,124.4220541381836
2024-12-12 05:00:00+00:00,DELL,114.36463159154304,117.17727485159304,114.199176309932,115.98992919921876,5403800,0.47689056396485796,0.41284565759776015,2.9780985416610406,126.39281730651855,124.54121292114257
2024-12-13 05:00:00+00:00,DELL,117.15780501569051,118.02398193324775,113.40112442766886,115.27946472167967,5941900,-0.7104644775390909,-0.612522554711481,4.622857505578892,125.61520423889161,124.60329788208008
2024-12-16 05:00:00+00:00,DELL,115.6785005208037,118.8220396469324,115.2794713385952,116.07752227783205,6730500,0.7980575561523722,0.6922807614340831,3.542568308337195,125.01326065063476,124.58921432495117
2024-12-17 05:00:00+00:00,DELL,115.03615323926722,116.98261950338464,114.73445334438648,115.114013671875,5166300,-0.9635086059570455,-0.8300561444194887,2.24816615899816,124.1504898071289,124.5816571044922
2024-12-18 05:00:00+00:00,DELL,116.33055466012878,116.77824100821168,108.93398436865672,109.6541748046875,7336900,-5.4598388671875,-4.7429836672626235,7.844256639554956,123.0200798034668,124.40981903076172
2024-12-19 05:00:00+00:00,DELL,111.17242390921152,112.41816112984893,108.30138171538113,108.9631805419922,9248400,-0.6909942626952983,-0.6301577335528497,4.1167794144678,121.94952239990235,124.21620880126953
2024-12-20 05:00:00+00:00,DELL,107.22109195103882,113.34272921839772,107.22109195103882,112.67119598388672,12228200,3.708015441894517,3.4029985390023665,6.121637267358906,120.82300453186035,124.04904525756837
2024-12-23 05:00:00+00:00,DELL,113.40112526176468,115.9509988303458,113.14808998467495,115.63956451416016,5324200,2.9683685302734375,2.634540713225375,2.802908845670842,119.58748474121094,123.88441970825195
2024-12-24 05:00:00+00:00,DELL,115.81473163313429,116.2234877274436,115.01668083821562,115.75634002685548,2077400,0.11677551269532671,0.10098231793411738,1.2068068892279769,118.3602367401123,123.71010391235352
2024-12-26 05:00:00+00:00,DELL,115.25027622137846,116.67119583267905,115.06536695855496,116.0872573852539,2743100,0.3309173583984233,0.28587406816908967,1.6058288741240858,117.26729583740234,123.5912840270996
2024-12-27 05:00:00+00:00,DELL,115.20162424092668,115.70770227160249,113.39140977417232,114.18946075439452,4881900,-1.8977966308593892,-1.6348018495787597,2.316292497430169,116.92423210144042,123.41705200195312
2024-12-30 05:00:00+00:00,DELL,112.2235023008174,112.81717506422632,109.6055104062153,111.74662017822266,5517900,-2.442840576171861,-2.139287251234212,3.211664658011017,116.30282249450684,123.14644378662109
2024-12-31 05:00:00+00:00,DELL,112.24298272437932,112.98263458380067,111.1043017031403,112.15538787841795,3874700,0.4087677001952983,0.36579871457711466,1.8783328806603805,115.78700828552246,122.93676712036132
2025-01-02 05:00:00+00:00,DELL,112.17485531681272,114.3159652837795,110.49115869469868,113.41085815429688,4580900,1.2554702758789205,1.1194025535713914,3.824806589080822,115.34759368896485,122.7677163696289
2025-01-03 05:00:00+00:00,DELL,114.2478493846454,117.58603969295514,114.22838798693584,116.70040130615234,5601000,3.2895431518554688,2.900553972865638,3.357651706019297,115.04637870788574,122.75817886352539
2025-01-06 05:00:00+00:00,DELL,118.54952190372803,121.66387228852378,117.96558352694738,121.3232421875,8361800,4.622840881347656,3.9612896182079638,3.698288761576393,115.0264274597168,122.85881134033202
2025-01-07 05:00:00+00:00,DELL,122.21861905411956,122.40352830091794,117.71254488036334,118.02397918701172,6081900,-3.2992630004882812,-2.7193989717068434,4.690983420554602,114.92277717590332,122.87243637084961
2025-01-08 05:00:00+00:00,DELL,116.768511645281,117.3816458306784,114.59819854586844,116.11643981933594,5137700,-1.9075393676757812,-1.6162303464224315,2.7834472848099523,114.70379905700683,122.80937072753906
2025-01-10 05:00:00+00:00,DELL,114.76365349641512,114.83177952123198,111.52278526188498,111.69796752929688,8213400,-4.4184722900390625,-3.8052082004182197,3.3089942593470028,114.60550193786621,122.69472366333008
2025-01-13 05:00:00+00:00,DELL,107.06537878430689,107.60065255106892,103.83424508748212,107.2210922241211,11518100,-4.476875305175781,-4.008018591745244,3.766407463586802,114.19090461730957,122.47165847778321
2025-01-14 05:00:00+00:00,DELL,108.32084798604689,108.81719152543567,104.33058629958263,106.14080047607422,8366200,-1.080291748046875,-1.0075366009038356,4.48660522585304,113.69844818115234,122.07574737548828
2025-01-15 05:00:00+00:00,DELL,109.00210386327578,109.00210386327578,105.1481017962743,106.3062515258789,9106100,0.1654510498046875,0.15587884118319906,3.854002067001474,113.24978752136231,121.79545623779296
2025-01-16 05:00:00+00:00,DELL,106.08241505984684,108.37924592488176,105.51793804170543,107.16270446777344,6073500,0.8564529418945312,0.805646826598938,2.8613078831763232,112.80404663085938,121.39137008666992
2025-01-17 05:00:00+00:00,DELL,108.75879892425814,108.76853333430827,106.60795466429434,106.7052764892578,6344500,-0.4574279785156392,-0.42685370884159024,2.1605786700139333,112.38360977172852,120.99798889160157
2025-01-21 05:00:00+00:00,DELL,107.47414693608631,109.3719487830585,105.02160243960073,108.56417083740234,8636000,1.8588943481445455,1.7420828747223949,4.3503463434577725,112.32910957336426,120.57151840209961
2025-01-22 05:00:00+00:00,DELL,114.17776783767133,118.20355066379598,112.311451308429,112.48733520507812,12846400,3.9231643676757812,3.6136824307823945,5.89209935536698,112.50531730651855,120.12832901000976
2025-01-23 05:00:00+00:00,DELL,110.12268183547052,112.0769442102254,109.3996068441886,111.60792541503906,5864100,-0.8794097900390625,-0.781785601406404,2.6773373660368094,112.45215377807617,119.67689468383789
2025-01-24 05:00:00+00:00,DELL,112.18442346477,114.11914639639048,110.19107505049762,111.1291275024414,5500000,-0.47879791259765625,-0.428999921660711,3.9280713458928602,112.22663192749023,119.28673553466797
2025-01-27 05:00:00+00:00,DELL,104.17195131376528,105.26634087309615,97.75220002943573,101.46529388427734,17922300,-9.663833618164062,-8.69604021497582,7.514140843660428,111.51207962036133,118.61999130249023
2025-01-28 05:00:00+00:00,DELL,101.74866651076192,101.74866651076192,98.2016830313123,98.97361755371094,15042700,-2.4916763305664062,-2.455693208170473,3.5469834794496222,110.65639762878418,117.94312088012695
2025-01-29 05:00:00+00:00,DELL,99.66737526550256,101.48483976379642,99.149496959361,100.74221801757812,8362600,1.7686004638671875,1.7869413158586367,2.335342804435413,109.98403549194336,117.33938461303711
2025-01-30 05:00:00+00:00,DELL,100.94741693602172,103.53681598002296,100.93765099204263,102.94076538085938,7952700,2.19854736328125,2.1823495715546315,2.5991649879803305,109.54374275207519,116.78156539916992
2025-01-31 05:00:00+00:00,DELL,103.8983527669618,104.78753820094464,101.16238267563864,101.23078155517578,6077200,-1.7099838256835938,-1.6611337785929714,3.625155525305999,108.99751243591308,116.24385314941406
2025-02-03 05:00:00+00:00,DELL,97.1072936672608,98.70002225660376,96.1203965462281,97.80105590820312,12114300,-3.4297256469726562,-3.3880264424346884,2.579625710375666,108.2170223236084,115.55248565673828
2025-02-04 05:00:00+00:00,DELL,97.9476270461494,100.11685945079232,97.52746034205262,99.3449249267578,7241400,1.5438690185546733,1.578581135160495,2.5893991087396984,107.34924850463867,114.89413665771484
2025-02-05 05:00:00+00:00,DELL,100.2341099476294,103.28275420606188,98.87589831610084,102.06134033203124,7901800,2.7164154052734375,2.7343273018487046,4.406855889961037,106.38615341186524,114.32787689208985
2025-02-06 05:00:00+00:00,DELL,102.56946241937077,104.79732034439456,102.33495302066282,103.49773406982422,5017400,1.436393737792983,1.4073827887425727,2.4623673237317405,105.65984115600585,113.6938005065918
2025-02-07 05:00:00+00:00,DELL,105.061133778602,106.84928550098138,103.54658502944494,103.93743896484376,7997300,0.43970489501954546,0.424844948511538,3.30270047153644,105.05089111328125,112.9655500793457
2025-02-10 05:00:00+00:00,DELL,104.895023003782,110.23015796146396,104.895023003782,109.74159240722656,9084100,5.804153442382798,5.5842759838887535,5.335134957681959,104.95307235717773,112.35435592651368
2025-02-11 05:00:00+00:00,DELL,107.71893293022838,109.50708467479912,107.3378523885879,108.89149475097656,4397100,-0.85009765625,-0.7746357945085047,2.169232286211212,105.03659248352051,111.77326431274415
2025-02-12 05:00:00+00:00,DELL,107.53328488512724,111.39294990422718,107.48442534618412,110.337646484375,5423700,1.4461517333984375,1.3280667481933683,3.908524558043055,105.24643478393554,111.55900253295898
2025-02-13 05:00:00+00:00,DELL,108.54950046671924,109.19441063135972,106.25324365807276,107.73848724365234,6806200,-2.5991592407226562,-2.355641364065819,2.941166973286954,105.31804656982422,111.23027603149414
2025-02-14 05:00:00+00:00,DELL,108.50064484405272,114.48069022388547,107.20105861275412,111.7642593383789,16971700,4.0257720947265625,3.7366146469294703,7.27963161113135,105.54812431335449,111.01612777709961
2025-02-18 05:00:00+00:00,DELL,113.84555264197614,118.154697147066,113.60126985390087,117.58795928955078,13510000,5.823699951171875,5.2106997224756535,4.553427293165129,106.09225845336914,110.92390396118164
2025-02-19 05:00:00+00:00,DELL,116.09295309341412,119.4640601368775,115.54576201826752,118.19378662109376,6728600,0.605827331542983,0.5152120465422572,3.9182981186099823,106.57373924255371,110.83328567504883
2025-02-20 05:00:00+00:00,DELL,117.74430499963664,118.43806722994046,114.0996024858735,117.14825439453124,5480400,-1.0455322265625284,-0.8845915309527275,4.338464744066954,106.80678520202636,110.74180541992187
2025-02-21 05:00:00+00:00,DELL,118.08629787763836,118.51623796881606,114.6077133724198,114.9106216430664,5662300,-2.2376327514648295,-1.91008629452466,3.908524596396262,106.97192001342773,110.63807815551758
2025-02-24 05:00:00+00:00,DELL,113.4547042966165,113.6989870967634,108.49087600845095,111.52975463867188,7327800,-3.3808670043945312,-2.9421710160929537,5.2081110883124495,106.99195137023926,110.4587532043457
2025-02-25 05:00:00+00:00,DELL,110.90439027693152,111.50044090036408,107.1522100785226,108.11956787109376,6582100,-3.410186767578111,-3.0576475117570667,4.348230821841483,107.32466506958008,110.34786636352538
2025-02-26 05:00:00+00:00,DELL,109.24327246082112,114.59794732671124,109.24327246082112,113.0052261352539,8631500,4.885658264160142,4.518754893642463,5.354674865890118,108.02624549865723,110.2977101135254
2025-02-27 05:00:00+00:00,DELL,114.32435079393672,114.76405685348408,104.9732054759115,105.3640594482422,15737200,-7.6411666870117045,-6.761781687747903,9.79085137757258,108.25733757019043,110.08519271850587
2025-02-28 05:00:00+00:00,DELL,98.6511645295527,101.52393262775549,96.73598828239064,100.41000366210938,20366200,-4.954055786132827,-4.701845972977525,4.787944345364849,108.13079948425293,109.78780349731446
2025-03-03 05:00:00+00:00,DELL,101.26987042244524,101.39689478645953,92.34866582715397,93.37464904785156,13096800,-7.0353546142578125,-7.006627186204028,9.048228959305561,107.73799285888671,109.33374603271484
2025-03-04 05:00:00+00:00,DELL,90.87319406099444,94.63514737791206,90.29669027918358,91.9187240600586,12789400,-1.4559249877929688,-1.5592294082378277,4.338457098728483,107.44387626647949,108.86984024047851
2025-03-05 05:00:00+00:00,DELL,92.48545414198054,95.6415832167004,91.07838306314274,95.02599334716795,6059400,3.107269287109361,3.380453023998786,4.563200153557659,107.2279296875,108.57727661132813
2025-03-06 05:00:00+00:00,DELL,92.0946052337714,93.6677868850866,90.795019094873,90.89273071289062,8560500,-4.1332626342773295,-4.34961265721987,2.872767790213601,106.66949920654297,108.21586761474609
2025-03-07 05:00:00+00:00,DELL,89.62247202386638,90.5409777084071,86.30999795696556,89.36841583251953,10162100,-1.5243148803710938,-1.6770481736169351,4.230979751441538,105.96303329467773,107.74981201171875
2025-03-10 04:00:00+00:00,DELL,86.96465776159602,89.6713073128886,86.66174954148326,88.27400970458984,8384900,-1.0944061279296875,-1.2246005680358607,3.0095577714053405,105.17986183166504,107.20250091552734
2025-03-11 04:00:00+00:00,DELL,88.46944731148675,90.74616447675916,88.01996791723477,89.47589111328125,6282300,1.2018814086914062,1.361534853478985,2.7261965595243964,104.16657676696778,106.67689193725586
2025-03-12 04:00:00+00:00,DELL,92.49524076476192,93.78505361980883,91.03930994393738,92.41706848144533,7873000,2.9411773681640767,3.2871171570008517,2.745743675871452,103.34285545349121,106.20348815917968
2025-03-13 04:00:00+00:00,DELL,91.8014740960953,92.69066707457416,89.45636515862216,90.33577728271484,4543400,-2.081291198730483,-2.252063642495161,3.2343019159520026,102.3427619934082,105.72641448974609
2025-03-14 04:00:00+00:00,DELL,92.43660196343262,95.07486044618226,92.24117872245212,93.4821319580078,5933400,3.1463546752929545,3.4829552254209473,2.8336817237301375,101.62994422912598,105.3611247253418
2025-03-17 04:00:00+00:00,DELL,95.29959629690325,96.56009632777668,94.44949699939514,95.42662811279295,5283200,1.9444961547851562,2.080072537988986,2.1105993283815394,100.81306266784668,105.0265495300293
2025-03-18 04:00:00+00:00,DELL,94.70354635068392,94.97714187146646,92.60271295193384,94.23452758789062,5792000,-1.1921005249023295,-1.249232576355186,2.374428919532619,99.64539108276367,104.64302291870118
2025-03-19 04:00:00+00:00,DELL,94.7817278321731,98.13328819701272,94.6351566589745,96.46239471435548,5460100,2.227867126464858,2.3641728605122703,3.4981315380382227,98.55882148742675,104.23826278686523
2025-03-20 04:00:00+00:00,DELL,95.71976143727116,99.1006341407642,95.6611359569824,96.65780639648438,4924500,0.19541168212889204,0.20257809554442563,3.4394981837817937,97.53429908752442,103.74495407104492
2025-03-21 04:00:00+00:00,DELL,95.83701537657144,96.16923635591571,94.19543491089084,95.33867645263672,8911100,-1.3191299438476562,-1.3647422727934289,1.9738014450248755,96.55570182800292,103.29124801635743
2025-03-24 04:00:00+00:00,DELL,97.71311549593436,99.19835157130817,97.01935327050352,97.52745819091795,6491800,2.188781738281236,2.295796228478797,2.1789983008046505,95.85558700561523,102.91946838378907
2025-03-25 04:00:00+00:00,DELL,98.01601925640814,98.98338442282872,96.2571877313974,96.59918212890624,4807300,-0.9282760620117188,-0.9518099612465525,2.7261966914313263,95.27956771850586,102.61749267578125
2025-03-26 04:00:00+00:00,DELL,96.48193607363092,98.25054867863992,93.41374459158044,94.05865478515624,5795800,-2.54052734375,-2.629967757242302,4.836804087059477,94.33223915100098,102.35424392700196
2025-03-27 04:00:00+00:00,DELL,92.8469981076626,96.12039340699268,91.45947367109368,94.87943267822266,7537800,0.8207778930664205,0.8726234655824117,4.660919735899,93.8080078125,102.12901657104493
2025-03-28 04:00:00+00:00,DELL,92.2216362778081,93.3746513458148,89.41727461729994,90.17943572998048,7225200,-4.699996948242173,-4.953652035612299,3.957376728514859,93.29647941589356,101.80648025512696
2025-03-31 04:00:00+00:00,DELL,87.2284871727976,89.12412383056535,86.37838791466258,89.06549835205078,7286200,-1.1139373779297017,-1.2352454513744227,2.7457359159027703,93.08102188110351,101.4445361328125
2025-04-01 04:00:00+00:00,DELL,89.19252989205961,90.67777341003256,87.65843428969535,89.85697937011719,5716700,0.7914810180664062,0.888650524289325,3.0193391203372073,92.97793464660644,101.10757019042968
2025-04-02 04:00:00+00:00,DELL,87.91248665708203,93.53099050747322,87.7756888988573,93.14990997314452,6245800,3.2929306030273295,3.6646353194935255,5.755301608615923,92.88413047790527,100.79928497314454
2025-04-03 04:00:00+00:00,DELL,83.78899020033309,84.23846960302745,74.96549773120744,75.46383666992188,30868500,-17.686073303222642,-18.98667782751653,9.272971871820019,92.11268577575683,100.0588150024414
2025-04-04 04:00:00+00:00,DELL,72.95261106010999,73.22620657365691,67.83243875974826,69.99189758300781,17449100,-5.4719390869140625,-7.251074591990692,5.393767813908653,91.14385986328125,99.22649444580078
2025-04-07 04:00:00+00:00,DELL,66.4449247233073,75.53224829243341,64.73494504292806,73.28484344482422,15538400,3.2929458618164062,4.704752943597645,10.797303249505347,90.39440155029297,98.46960876464844
2025-04-08 04:00:00+00:00,DELL,75.72766444451825,77.64284061200868,69.37631194271995,70.92994689941406,12924100,-2.3548965454101562,-3.2133473099156484,8.266528669288732,89.46710433959962,97.85890182495118
2025-04-09 04:00:00+00:00,DELL,70.90063821168435,83.51540571108498,69.49357433863639,82.26467895507812,18160000,11.334732055664062,15.980178402978185,14.021831372448588,88.95948486328125,97.52472305297852
2025-04-10 04:00:00+00:00,DELL,78.36591498474372,79.17693562569949,74.20334166727058,77.13473510742188,11279300,-5.12994384765625,-6.235900890657497,4.973593958428907,88.2994327545166,97.0525733947754
2025-04-11 04:00:00+00:00,DELL,76.80250970005187,81.02371612380516,76.177146337638,80.05635833740234,8667600,2.9216232299804688,3.78768816138626,4.8465697861671515,87.62814407348633,96.59488525390626
2025-04-14 04:00:00+00:00,DELL,87.24804230127185,87.24804230127185,82.08879096155496,83.24180603027344,12355200,3.1854476928710938,3.9790064887111454,5.159251339716889,87.01890296936035,96.2351057434082
2025-04-15 04:00:00+00:00,DELL,82.68484327011612,84.9127011713596,82.39170093367069,83.53494262695312,5728800,0.2931365966796875,0.3521506928538809,2.5210002376889094,86.48392372131347,95.9497834777832
2025-04-16 04:00:00+00:00,DELL,80.91623390489993,83.34929600910765,79.81207831058576,81.45365905761719,5842300,-2.0812835693359375,-2.491512538208651,3.5372176985218857,85.73348693847656,95.5919581604004
2025-04-17 04:00:00+00:00,DELL,81.96175906931995,83.46654195127029,81.00417470666375,82.86072540283203,6238300,1.4070663452148438,1.7274439988258061,2.46236724460654,85.04363288879395,95.20794586181641
2025-04-21 04:00:00+00:00,DELL,81.47319425758174,82.43078608419049,78.89356856559472,80.5058364868164,5595300,-2.354888916015625,-2.8419844317886467,3.5372175185957673,84.30199089050294,94.74810791015625
2025-04-22 04:00:00+00:00,DELL,81.52365737783789,83.97231514600605,81.09096006036658,82.68406677246094,4471600,2.1782302856445312,2.705679961478613,2.88135508563947,83.55982131958008,94.3230404663086
2025-04-23 04:00:00+00:00,DELL,87.60105204546953,90.3643966494006,87.11918186330855,87.67972564697266,8413100,4.995658874511719,6.041864012638998,3.245214786092049,83.1138484954834,93.88180313110351
2025-04-24 04:00:00+00:00,DELL,88.3877646222087,93.1080756245382,87.95507482394989,92.83272552490234,6367200,5.1529998779296875,5.877071169995851,5.153000800588316,83.0525520324707,93.56062774658203
2025-04-25 04:00:00+00:00,DELL,92.89172921866356,93.86529066668028,92.38036580737302,93.31459045410156,4466700,0.48186492919921875,0.5190679541881682,1.484924859307256,82.97430992126465,93.22016662597656
2025-04-28 04:00:00+00:00,DELL,92.99991144135689,94.0521465812749,91.56415183473132,92.90157318115234,3920200,-0.41301727294921875,-0.4426073896261373,2.4879947465435777,83.11041679382325,92.92342834472656
2025-04-29 04:00:00+00:00,DELL,92.10501193523092,92.99006366848069,91.56414031804286,92.22301483154295,4474000,-0.6785583496093892,-0.7304056609313214,1.4259233504378273,83.26829261779785,92.53260345458985
2025-04-30 04:00:00+00:00,DELL,85.37857093948539,90.56107248086374,85.31956949015807,90.23655700683594,9891200,-1.986457824707017,-2.1539718998945467,5.241502990705669,83.28727149963379,91.98557540893555
2025-05-01 04:00:00+00:00,DELL,92.01649983223332,93.61943498757,90.2660535576716,90.42339324951172,6333100,0.18683624267578125,0.2070516084314189,3.3533814298984055,83.15094566345215,91.4301675415039
2025-05-02 04:00:00+00:00,DELL,92.66554558590488,94.2488085876554,92.28201367553176,93.01956176757812,5970500,2.5961685180664062,2.871124854718299,1.966794912123646,84.02873191833496,90.94759368896484
2025-05-05 04:00:00+00:00,DELL,92.3410264186524,94.0521359617386,91.9771666439783,92.79338836669922,4938000,-0.22617340087890625,-0.24314606151771834,2.0749693177603064,85.16880645751954,90.5052490234375
2025-05-06 04:00:00+00:00,DELL,91.12161397936492,93.15724646020313,90.99376750538602,92.39019012451172,5015400,-0.4031982421875,-0.4345118216765087,2.1634789548171085,86.1240737915039,90.12245773315429
2025-05-07 04:00:00+00:00,DELL,92.30168107410556,94.44548771805732,91.337948315582,94.19963836669922,5211600,1.8094482421875,1.95848524583504,3.107539402475325,87.28755836486816,89.8440591430664
2025-05-08 04:00:00+00:00,DELL,95.82226674678296,95.86160355201427,94.09148483024724,94.62252044677734,4575900,0.422882080078125,0.448921129008939,1.7701187217670338,87.90545043945312,89.47640502929687
2025-05-09 04:00:00+00:00,DELL,95.83208301259307,96.3139531877401,94.0521359451768,94.31765747070312,4367400,-0.30486297607421875,-0.32218860228490076,2.2618172425632963,88.76459655761718,89.2554769897461
2025-05-12 04:00:00+00:00,DELL,99.32314470044778,102.35201071572985,99.32314470044778,101.70296478271484,7927700,7.385307312011719,7.830248873924517,3.0288660152820626,89.84692687988282,89.28133621215821
2025-05-13 04:00:00+00:00,DELL,102.1651645671563,106.69862759322488,102.1651645671563,106.05941772460938,7063500,4.356452941894531,4.283506337501519,4.533463026068588,90.98780746459961,89.53503158569336
2025-05-14 04:00:00+00:00,DELL,107.6820349400441,109.89467949360666,107.6820349400441,109.17679595947266,7639100,3.1173782348632812,2.939275268281949,2.212644553562555,92.26990013122558,89.88019302368164
2025-05-15 04:00:00+00:00,DELL,107.14116024448224,109.65866307840392,106.76747187586062,109.02928924560548,4488800,-0.1475067138671733,-0.13510811759115393,2.891191202543297,93.648681640625,90.1602589416504
2025-05-16 04:00:00+00:00,DELL,109.64882480334217,112.69735565158908,109.24562821396674,112.2941665649414,5466600,3.2648773193359233,2.9944956460105754,3.4517274376223384,95.12035369873047,90.5882876586914
2025-05-19 04:00:00+00:00,DELL,109.57015003017308,113.159552483712,109.57015003017308,112.3826675415039,4594700,0.0885009765625,0.07881173107182615,3.5894024535389235,96.71419525146484,91.04857269287109
2025-05-20 04:00:00+00:00,DELL,112.0679821871696,113.582415291382,111.31076938642724,112.33350372314452,4150600,-0.04916381835938921,-0.04374679782470636,2.2716459049547666,98.19666709899903,91.52976257324218
2025-05-21 04:00:00+00:00,DELL,111.6549564139298,114.2019524143488,109.70782600407246,110.07168579101562,5859900,-2.261817932128892,-2.0134847193080785,4.494126410276337,99.31626510620117,91.94167846679687
2025-05-22 04:00:00+00:00,DELL,110.53387245575652,111.10424476489874,108.82276303105684,110.09133911132812,4013700,0.0196533203125,0.01785501890996244,2.2814817338419004,100.17919578552247,92.29516387939454
2025-05-23 04:00:00+00:00,DELL,107.84921051319203,110.81907539847847,107.00348799640676,110.24870300292967,3916900,0.1573638916015483,0.14293939275498158,3.8155874020717135,101.02590141296386,92.69342239379883
2025-05-27 04:00:00+00:00,DELL,112.5793586210316,113.13989494332203,111.31077483843148,112.09748840332033,5512100,1.8487854003906534,1.6769225850589153,1.8291201048905492,101.98569717407227,93.06572952270508
2025-05-28 04:00:00+00:00,DELL,112.25482989750556,113.37590248495738,111.42877206833026,111.88113403320312,4618400,-0.2163543701172017,-0.19300554651034973,1.9471304166271182,102.96860313415527,93.39481964111329
2025-05-29 04:00:00+00:00,DELL,113.27755916426104,113.5430731851038,109.45214353208422,111.7434539794922,14396000,-0.1376800537109233,-0.12305922254065571,4.090929653019572,104.04394798278808,93.74499816894532
2025-05-30 04:00:00+00:00,DELL,110.61255553224788,115.028008263609,107.38700538822629,109.42263793945312,19208000,-2.3208160400390767,-2.0769145371728026,7.641002875382711,104.99391021728516,94.00420303344727
2025-06-02 04:00:00+00:00,DELL,109.1472814479947,109.81599201761595,104.61381857946608,106.2855987548828,9027600,-3.1370391845703267,-2.8669014416433103,5.20217343814987,105.65721206665039,94.19675888061523
2025-06-03 04:00:00+00:00,DELL,106.69862988621294,110.57321847834548,106.21676720684538,110.04218292236328,6643900,3.756584167480483,3.534424429544747,4.356451271500106,106.5196517944336,94.49082901000976
2025-06-04 04:00:00+00:00,DELL,110.99607884640318,112.35316469933888,109.45214506705528,110.82889556884766,4536200,0.786712646484375,0.7149191569921998,2.9010196322835924,107.44158706665038,94.75685775756835
2025-06-05 04:00:00+00:00,DELL,111.12391796087884,112.32366411629113,109.33413480356494,109.96350860595705,5435000,-0.8653869628906108,-0.7808315317488934,2.989529312726191,108.22978057861329,95.02414428710938
2025-06-06 04:00:00+00:00,DELL,110.95674155613835,113.32672562609928,110.95674155613835,111.86146545410156,4037500,1.897956848144517,1.7259878956260355,2.369984069960921,109.09172782897949,95.38020050048829
2025-06-09 04:00:00+00:00,DELL,112.6088556236043,114.69365362919774,112.31383335732362,112.32366943359376,5123700,0.4622039794922017,0.4131932096686608,2.3798202718741237,109.99202842712403,95.7290852355957
2025-06-10 04:00:00+00:00,DELL,112.89403535268798,113.13988472627597,109.90450606953094,111.36976623535156,8661400,-0.9539031982422017,-0.8492450460818923,3.235378656745027,110.47536849975586,96.15289184570312
2025-06-11 04:00:00+00:00,DELL,112.5006669052939,112.54983227490108,109.06861199327273,109.39312744140624,5436500,-1.9766387939453267,-1.7748432638066247,3.481220281628353,110.64205398559571,96.55944442749023
2025-06-12 04:00:00+00:00,DELL,110.16017965894454,111.63527584212804,108.73425634962469,111.51727294921876,5597700,2.1241455078125284,1.9417540731251792,2.9010194925033517,110.759077835083,96.99265029907227
2025-06-13 04:00:00+00:00,DELL,109.50131025952996,109.89467076056069,107.35750340677636,107.74102783203124,5137500,-3.7762451171875284,-3.386242343737278,2.5371673537843265,110.6946647644043,97.28447265625
2025-06-16 04:00:00+00:00,DELL,109.39313737904624,112.4711764002436,109.15712407640152,111.85163116455078,5292300,4.1106033325195455,3.815262778936912,3.314052323842091,110.67253799438477,98.01222854614258
2025-06-17 04:00:00+00:00,DELL,110.91740437710152,115.75571825253284,110.809230052418,114.0052719116211,5968200,2.1536407470703125,1.9254442019732254,4.9464882001148425,110.75366821289063,98.89249603271485
2025-06-18 04:00:00+00:00,DELL,113.69058464884002,116.84728969779113,113.63158320019356,114.62480926513672,4671200,0.619537353515625,0.5434286881012884,3.2157064975975658,110.86823348999023,99.7192953491211
2025-06-20 04:00:00+00:00,DELL,116.3555979055739,117.76185670326691,115.66722262113448,117.38816833496094,9568400,2.7633590698242188,2.4107861880339865,2.09463408213243,111.2340576171875,100.64845977783203
2025-06-23 04:00:00+00:00,DELL,116.87679148964264,117.3979909647199,114.03477331205988,116.0605697631836,5987400,-1.3275985717773438,-1.1309475142240122,3.363217652660012,111.53251914978027,101.32437759399414
2025-06-24 04:00:00+00:00,DELL,117.81102084928148,119.80731652891043,117.18164706366626,118.58789825439452,5034500,2.5273284912109233,2.1775944201961384,2.6256694652441723,111.94947891235351,102.1534408569336
2025-06-25 04:00:00+00:00,DELL,118.8042477387662,120.26951539309364,118.25354754814654,118.4600601196289,3977600,-0.1278381347656108,-0.10780032081466606,2.015967844947099,112.26760749816894,102.92151489257813
2025-06-26 04:00:00+00:00,DELL,120.66287000909992,125.0389933770392,120.24000878483125,123.88842010498048,9434800,5.428359985351577,4.582438992407778,4.798984592207958,112.86797180175782,103.73444717407227
2025-06-27 04:00:00+00:00,DELL,121.72495255524208,122.98370027068268,120.48586949041166,121.93146514892578,7362000,-1.9569549560547017,-1.5796108743629245,2.4978307802710162,113.37737236022949,104.50237762451172
2025-06-30 04:00:00+00:00,DELL,122.09863458796472,122.42315005394605,120.1023314034016,120.56452941894533,5427000,-1.3669357299804545,-1.1210688958021575,2.320818650544439,113.9344669342041,105.28459503173828
2025-07-01 04:00:00+00:00,DELL,120.03350750721762,121.11525085905528,118.11588520664762,119.70899200439452,4105000,-0.8555374145508097,-0.7096095499016464,2.9993656524076613,114.60563659667969,106.02156036376954
2025-07-02 04:00:00+00:00,DELL,119.34512615312224,122.25598197359744,118.11587922710768,121.429931640625,3937800,1.720939636230483,1.4376026457288305,4.1401027464897595,115.17502403259277,106.8400422668457
2025-07-03 04:00:00+00:00,DELL,122.12813875585742,124.08509769339324,121.63644000251584,123.14103698730467,3725600,1.7111053466796733,1.4091297949040626,2.448657690877397,115.79063110351562,107.64918167114257
2025-07-07 04:00:00+00:00,DELL,122.99353148289028,124.92098978376768,121.72494774095368,122.6985092163086,4070200,-0.44252777099607954,-0.3593666106950999,3.1960420428139997,116.4273811340332,108.3495573425293
2025-07-08 04:00:00+00:00,DELL,124.02608707537566,124.6456247578055,120.25967310255238,122.3248062133789,3317300,-0.3737030029296875,-0.3045701250297017,4.385951655253123,116.95054817199707,108.93939895629883
2025-07-09 04:00:00+00:00,DELL,122.52147917091784,124.89147051988756,122.47231380227048,124.5276107788086,3966200,2.2028045654296875,1.800783204665124,2.419156717617085,117.56074523925781,109.56365936279298
2025-07-10 04:00:00+00:00,DELL,124.8914892081439,126.18958118048512,124.24244322197328,125.78638458251952,5368800,1.2587738037109233,1.0108391190021493,1.9471379585118456,118.28157615661621,110.22135559082031
2025-07-11 04:00:00+00:00,DELL,125.4520162337144,125.51101768164644,123.61306024498268,124.72430419921876,3560200,-1.0620803833007528,-0.84435242083295,1.8979574366637593,119.04813499450684,110.87138137817382
2025-07-14 04:00:00+00:00,DELL,124.10474892125328,124.39977114244464,121.7249290130957,123.58354949951172,3626900,-1.1407546997070455,-0.9146210171555258,2.6748421293489315,119.65144882202148,111.53832122802734
2025-07-15 04:00:00+00:00,DELL,125.06849350169897,126.4747522172686,122.93452274182948,123.60323333740234,4041700,0.019683837890625,0.015927555059191967,3.5402294754391193,120.44455909729004,112.20191802978516
2025-07-16 04:00:00+00:00,DELL,123.4163824037526,123.4163824037526,118.65674225339504,121.51842498779295,5955900,-2.084808349609389,-1.6866940235442218,4.759640150357569,120.92789878845215,112.77189529418945
2025-07-17 04:00:00+00:00,DELL,121.6757690906073,122.37398037576844,119.8466492438984,121.82327270507812,3763700,0.30484771728517046,0.25086542828036684,2.527331131870042,121.318798828125,113.35249298095704
2025-07-18 04:00:00+00:00,DELL,123.2000403577877,129.7986443329186,122.75751447397136,129.06109619140625,11025200,7.237823486328125,5.941248601858007,7.041129858947244,122.04061317443848,114.08591110229492
2025-07-21 04:00:00+00:00,DELL,128.45136753907423,128.80539121418673,126.45507195607875,126.81893920898438,5560200,-2.242156982421875,-1.737283386386712,2.350319258107973,122.51215171813965,114.73829711914063
2025-07-22 04:00:00+00:00,DELL,126.38941415848204,126.45854060141023,121.63006308291251,122.76559448242188,6278000,-4.0533447265625,-3.1961667175618103,4.828477518497721,122.84740295410157,115.30115859985352
2025-07-23 04:00:00+00:00,DELL,123.96037078511084,126.29067625411524,123.7036401735368,125.61923217773438,4175700,2.8536376953125,2.32446045436705,2.587036080578443,123.19896965026855,115.92719009399414
2025-07-24 04:00:00+00:00,DELL,126.00432923203428,127.84092611439108,125.55011815289392,126.73502349853516,3785000,1.1157913208007812,0.888232877607531,2.2908079614971655,123.61271781921387,116.42783126831054
2025-07-25 04:00:00+00:00,DELL,126.34992595101902,130.1712338906829,126.10307160814814,129.56890869140625,4301000,2.8338851928710938,2.236071067524481,4.068162282534772,123.89674224853516,116.89802108764648
2025-07-28 04:00:00+00:00,DELL,130.2897189053001,132.2151797626605,129.50966581270555,132.17568969726562,4846600,2.606781005859375,2.011887753155306,2.7055139499549625,124.40895347595215,117.35799896240235
2025-07-29 04:00:00+00:00,DELL,133.21247138325126,134.3085051874767,130.85254464203695,131.830078125,4013200,-0.345611572265625,-0.26147892479866375,3.4559605454397513,124.97223091125488,117.81401473999023
2025-07-30 04:00:00+00:00,DELL,131.75109417856018,133.48895841534758,130.9315510094676,131.85971069335938,3765800,0.029632568359375,0.022477850867441695,2.557407405879985,125.57976684570312,118.20532562255859
2025-07-31 04:00:00+00:00,DELL,133.4988129441907,134.42698759600236,130.5464449263379,131.02040100097656,3876200,-0.8393096923828125,-0.6365171650760226,3.8805426696644645,126.05929031372071,118.57808029174805
2025-08-01 04:00:00+00:00,DELL,126.76464696759471,127.62369525937876,123.832016169057,125.71797943115234,5521000,-5.302421569824219,-4.047019799446883,3.7916790903217645,126.18813743591309,118.8457698059082
2025-08-04 04:00:00+00:00,DELL,127.0213493625822,129.065310220482,126.2807864546691,128.59133911132812,2765300,2.8733596801757812,2.2855598643703345,2.7845237658128923,126.48277893066407,119.21616287231446
2025-08-05 04:00:00+00:00,DELL,129.7367644602667,130.22060438374774,125.10577469783934,128.8382110595703,4754800,0.2468719482421875,0.19198178504733487,5.114829685908404,126.80844917297364,119.59110031127929
2025-08-06 04:00:00+00:00,DELL,126.37954244842098,128.16677294537513,122.32125660368,126.52765655517578,6250900,-2.3105545043945312,-1.7933767361347552,5.845516341695131,126.908451461792,119.91667938232422
2025-08-07 04:00:00+00:00,DELL,128.53211298871585,132.3139231986015,128.46300160983694,132.2447967529297,5691200,5.717140197753906,4.518490544603426,3.8509215887645496,127.2313720703125,120.31962554931641
2025-08-08 04:00:00+00:00,DELL,133.30133452585707,137.11276587867548,132.31391723307294,135.8784942626953,5458600,3.633697509765625,2.747705466669048,4.798848645602533,127.78908157348633,120.79957275390625
2025-08-11 04:00:00+00:00,DELL,136.26357857856755,138.71236910533588,135.29591390591406,136.57955932617188,4402800,0.7010650634765625,0.5159499796348888,3.4164551994218186,128.43888206481932,121.29629486083985
2025-08-12 04:00:00+00:00,DELL,137.73484688248996,140.32187542996803,136.92515745101792,139.8577880859375,4856200,3.278228759765625,2.4002338094653908,3.3967179789501074,129.2516098022461,121.90499786376954
2025-08-13 04:00:00+00:00,DELL,138.55439664745666,138.83087227390004,134.34798949252652,137.3892364501953,6025200,-2.4685516357421875,-1.7650440990996885,4.482882781373519,130.0451503753662,122.52707061767578
2025-08-14 04:00:00+00:00,DELL,135.3847822319952,138.0606896579372,135.02931141280715,137.11276245117188,3813800,-0.2764739990234375,-0.20123410404400133,3.0313782451300426,130.8096248626709,123.06848220825195
2025-08-15 04:00:00+00:00,DELL,138.93950156876315,139.3739525454715,135.70075880815114,136.54006958007812,3448200,-0.57269287109375,-0.4176802077762054,3.6731937373203607,131.1835735321045,123.58270568847657
2025-08-18 04:00:00+00:00,DELL,136.54005907863603,137.6262241038513,135.98710781735986,136.39195251464844,3202500,-0.1481170654296875,-0.10847882668084674,1.6391162864914577,131.6622241973877,124.1112745666504
2025-08-19 04:00:00+00:00,DELL,136.14511145288662,136.9646696759305,132.8866311267633,133.4988250732422,3570100,-2.89312744140625,-2.1211863222615923,4.078038549167218,132.19888572692872,124.5440217590332
2025-08-20 04:00:00+00:00,DELL,132.31392857418558,132.31392857418558,125.244016535833,126.8633804321289,7222700,-6.635444641113281,-4.970414262052747,7.069912038352584,132.26109313964844,124.8348159790039
2025-08-21 04:00:00+00:00,DELL,127.68293102969558,128.67034834808072,125.94508197338308,126.2215576171875,4057800,-0.6418228149414062,-0.5059165322216619,2.7252663746976395,132.23541984558105,125.13185180664063
2025-08-22 04:00:00+00:00,DELL,127.22872896609827,130.3884614079669,126.5079034672838,129.1936798095703,3786000,2.9721221923828125,2.3546866703997082,3.8805579406831043,132.21665840148927,125.5278628540039
2025-08-25 04:00:00+00:00,DELL,128.8480955735481,130.48719692566814,128.137153875388,129.36154174804688,3202700,0.1678619384765625,0.12993045691087612,2.350043050280135,132.07595100402833,125.88474822998047
2025-08-26 04:00:00+00:00,DELL,129.53927732060936,130.83279156616163,128.63085521737258,129.341796875,3735700,-0.019744873046875,-0.015263325390268978,2.2019363487890473,131.95153694152833,126.31676361083984
2025-08-27 04:00:00+00:00,DELL,129.28252669542607,131.00063804656023,129.00605108491584,130.83277893066406,3799300,1.4909820556640625,1.1527457416607545,1.9945869616443872,131.90019035339355,126.6963865661621
2025-08-28 04:00:00+00:00,DELL,132.01770963445242,133.47908323713187,131.06979732285288,132.36331176757812,11144100,1.5305328369140625,1.169838972636339,2.409285914278996,131.96733589172362,127.06354736328124
2025-08-29 04:00:00+00:00,DELL,122.46937136550017,123.3284271625558,118.12473356670031,120.61302947998048,24363200,-11.750282287597642,-8.877295476128932,5.2036935958554835,131.71208839416505,127.18331176757812
2025-09-02 04:00:00+00:00,DELL,117.61127540916316,119.852709369347,116.21901339772413,119.43799591064452,8969900,-1.175033569335966,-0.9742177726586365,3.6336959716228705,131.25442123413086,127.22430831909179
2025-09-03 04:00:00+00:00,DELL,120.16868761037856,122.46937182721302,119.37875825614374,122.4594955444336,5966800,3.0214996337890767,2.5297641765938295,3.0906135710692837,130.93548545837402,127.3522868347168
2025-09-04 04:00:00+00:00,DELL,122.46936788823008,125.74759305968844,121.3733340702567,125.0761489868164,7053800,2.6166534423828125,2.1367501399133015,4.374258989431738,130.86291007995607,127.48205184936523
2025-09-05 04:00:00+00:00,DELL,125.64885600644138,126.8041324815503,121.72880797716418,123.25930786132812,6413100,-1.8168411254882812,-1.4525879955576415,5.075324504386117,130.41363563537598,127.57803680419921
2025-09-08 04:00:00+00:00,DELL,123.72340218650604,124.02949916722908,121.2449824241254,121.45233917236328,5187100,-1.8069686889648438,-1.465989644366461,2.78451674310368,129.69232788085938,127.52931518554688
2025-09-09 04:00:00+00:00,DELL,119.3491338857134,120.17856081643504,116.66335757660195,119.76384735107422,10704400,-1.6884918212890625,-1.3902505565518863,3.5152032398330846,128.8515422821045,127.48596282958984
2025-09-10 04:00:00+00:00,DELL,121.8769166563182,125.52048887458724,121.867040374047,122.8840789794922,8447200,3.120231628417983,2.6053201341063925,3.65344850054025,128.00285682678222,127.53235382080078
2025-09-11 04:00:00+00:00,DELL,123.3383075286981,127.13985537008688,122.9532078229676,123.79251861572266,6159400,0.9084396362304545,0.7392655287606908,4.186647547119279,127.3230209350586,127.61402435302735
2025-09-12 04:00:00+00:00,DELL,124.3158467046546,126.03395079581568,123.39754826166568,123.46666717529295,4365700,-0.3258514404297017,-0.26322385558792405,2.636402534150008,126.64071617126464,127.6547590637207
2025-09-15 04:00:00+00:00,DELL,124.79966885080978,126.69550821180088,123.43703572260917,125.20451354980467,5734400,1.7378463745117188,1.4075429541192674,3.2584724891917176,126.07393836975098,127.6960285949707
2025-09-16 04:00:00+00:00,DELL,126.0339429559425,127.07073412925509,124.31583897165515,126.0734405517578,4461300,0.868927001953125,0.6940061323008839,2.7548951575999325,125.55801277160644,127.76352722167968
2025-09-17 04:00:00+00:00,DELL,126.48816133576648,131.32650004764713,126.29067335701056,128.69996643066406,8237000,2.626525878906264,2.083330055411614,5.0358266906365685,125.31806983947754,127.8910304260254
2025-09-18 04:00:00+00:00,DELL,130.3094703020511,131.96832423603163,129.80589287211984,130.4477081298828,5528900,1.74774169921875,1.3579970125014107,2.162431363911793,125.49728622436524,128.00943237304688
2025-09-19 04:00:00+00:00,DELL,131.27713228031007,132.2843021853569,130.27984619140625,130.27984619140625,9052000,-0.1678619384765625,-0.12868140106334636,2.004455993950643,125.70020065307617,128.0993016052246
2025-09-22 04:00:00+00:00,DELL,130.95128744251352,136.24384517483716,130.1514817795031,133.982666015625,10255200,3.70281982421875,2.842204632924261,6.0923633953340754,125.93964996337891,128.28446884155272
2025-09-23 04:00:00+00:00,DELL,134.3677390978659,135.62176320456058,131.57334651581888,132.64962768554688,4750800,-1.333038330078125,-0.9949334266289855,4.048416688741696,126.1040542602539,128.46579040527342
2025-09-24 04:00:00+00:00,DELL,133.30133596714666,133.79504461887683,130.0626084171401,130.42794799804688,3921900,-2.2216796875,-1.6748480385988085,3.732436201736732,126.15836181640626,128.60228469848633
2025-09-25 04:00:00+00:00,DELL,127.75204330856722,129.60837741587724,125.52047830710752,129.31216430664062,4758900,-1.11578369140625,-0.8554789893826742,4.087899108769719,126.08233108520508,128.75815948486328
2025-09-26 04:00:00+00:00,DELL,126.39930233031544,129.46030245154557,125.99446509324652,129.1147003173828,3841000,-0.1974639892578125,-0.15270333639266775,3.465837358299055,125.9199005126953,128.90398803710937
2025-09-29 04:00:00+00:00,DELL,130.4674766085673,132.89651517484398,130.4674766085673,132.21519470214844,3833400,3.100494384765625,2.401348860466057,2.429038566276688,126.50000877380371,128.96707000732422
2025-09-30 04:00:00+00:00,DELL,132.3139233405435,139.9861602783203,132.3139233405435,139.9861602783203,9934600,7.770965576171875,5.87751324171033,7.672236937776802,127.5274169921875,129.23041442871093
2025-10-01 04:00:00+00:00,DELL,139.13697664748523,147.79661560058594,138.63338417707473,147.79661560058594,13612000,7.810455322265625,5.579448215978555,9.163231423511206,128.7942729949951,129.7310348510742
2025-10-02 04:00:00+00:00,DELL,148.5964539094529,150.18619656848392,142.79043462137537,145.5157012939453,7490800,-2.280914306640625,-1.5432791186536399,7.395761947108554,129.81625061035157,130.12896423339845
2025-10-03 04:00:00+00:00,DELL,146.39448345803982,147.32265813062568,138.64326669395786,138.9691162109375,6526700,-6.5465850830078125,-4.498885704288059,8.679391436667828,130.60174102783202,130.37364608764648
2025-10-06 04:00:00+00:00,DELL,143.68897857281803,147.40166242565178,142.44482305537147,143.9259490966797,10454700,4.9568328857421875,3.5668593288154415,4.956839370280306,131.72542152404785,130.66078689575195
2025-10-07 04:00:00+00:00,DELL,150.8773879236327,152.75347503388824,142.58307238325304,148.97166442871094,18683200,5.04571533203125,3.505771797024515,10.170402650635197,133.1858123779297,130.99670639038087
2025-10-08 04:00:00+00:00,DELL,152.76334714402006,164.0100303268932,152.06227418559354,162.45977783203125,18937900,13.488113403320312,9.054146944686202,11.947756141299664,135.16459732055665,131.60930038452148
2025-10-09 04:00:00+00:00,DELL,162.2524253563518,162.864619288855,153.1977950442649,153.98773193359375,13275600,-8.4720458984375,-5.214857493647951,9.666824244590117,136.6743579864502,132.05186080932617
2025-10-10 04:00:00+00:00,DELL,155.5873673755425,157.2758426967554,148.52732390615927,148.67544555664062,11749100,-5.312286376953125,-3.449811429941718,8.748518790596137,137.93479690551757,132.40496170043946
2025-10-13 04:00:00+00:00,DELL,153.5927590223274,153.5927590223274,149.20862394253226,151.4698028564453,6800900,2.7943572998046875,1.8795015473756393,4.384135079795158,139.2480613708496,132.9199981689453
2025-10-14 04:00:00+00:00,DELL,148.09285312972716,150.64039175571108,146.23651871709194,146.89808654785156,7096400,-4.57171630859375,-3.018236125207463,4.403873038619139,140.2892936706543,133.28613311767577
2025-10-15 04:00:00+00:00,DELL,150.2553048206828,153.81988225801052,149.51474176639138,151.76605224609375,5804500,4.8679656982421875,3.31383873857094,4.305140491619142,141.44259796142578,133.74468994140625
2025-10-16 04:00:00+00:00,DELL,153.33602939611765,156.50564563103077,147.7867488645172,149.40611267089844,6947600,-2.3599395751953125,-1.5549851500179956,8.71889676651358,142.39051818847656,134.2022590637207
2025-10-17 04:00:00+00:00,DELL,148.5273219131342,149.3370114045446,145.43670066278003,147.707763671875,5301500,-1.6983489990234375,-1.1367332759433024,3.900310741764571,143.2619140625,134.5115184020996
2025-10-20 04:00:00+00:00,DELL,148.30021490896362,149.50486528700765,145.27872021435238,146.0093994140625,5829600,-1.6983642578125,-1.1498138050382578,4.226145072655271,143.86325073242188,134.71413650512696
2025-10-21 04:00:00+00:00,DELL,146.60892002373316,149.92856035519702,143.77484358304525,148.07550048828125,5191400,2.06610107421875,1.4150466220051783,6.153716772151768,144.6345443725586,134.94405532836913
2025-10-22 04:00:00+00:00,DELL,148.8385226677488,150.0177384397102,143.93339451891063,148.7691650390625,6136700,0.69366455078125,0.46845328801448094,6.084343920799569,145.55160522460938,135.12228286743164
2025-10-23 04:00:00+00:00,DELL,148.640332335505,153.9319245377346,148.24396416413427,152.8319854736328,5817200,4.0628204345703125,2.7309559971675057,5.687960373600333,146.72759628295898,135.4311378479004
2025-10-24 04:00:00+00:00,DELL,156.1714448152295,158.4902303152167,155.378693370997,157.20201110839844,5081500,4.370025634765625,2.8593658724139104,3.1115369442196936,148.13196182250977,135.83292282104492
2025-10-27 04:00:00+00:00,DELL,159.0451650365161,160.8982097843701,157.7173149511071,160.7198486328125,5480000,3.5178375244140625,2.2377815014009927,3.1808948332629825,149.55719451904298,136.3165184020996
2025-10-28 04:00:00+00:00,DELL,160.94774425479454,165.4862307201393,159.2235110182912,163.3854522705078,6446400,2.6656036376953125,1.6585404107648527,6.262719701848113,150.72715911865234,136.8563883972168
2025-10-29 04:00:00+00:00,DELL,165.48624032218802,166.41772217800838,160.5018356107447,162.1170654296875,4511500,-1.2683868408203125,-0.7763156530731452,5.915886567263669,151.44318161010742,137.4287532043457
2025-10-30 04:00:00+00:00,DELL,159.4316144273205,162.58279722813825,158.75778553484847,159.55052185058594,3105200,-2.5665435791015625,-1.5831421400942625,3.825011693289781,152.14492263793946,138.08249603271486
2025-10-31 04:00:00+00:00,DELL,161.46303602600435,161.89905007402095,156.5678121385974,160.5414581298828,4079200,0.990936279296875,0.6210799361877628,5.331237935423559,153.22353973388672,138.76889404296875
2025-11-03 05:00:00+00:00,DELL,165.6348710204446,166.55644894395886,158.4109575189203,158.65869140625,4614600,-1.8827667236328125,-1.1727604480268217,8.145491425038557,153.96017684936524,139.35819427490233
2025-11-04 05:00:00+00:00,DELL,154.06074427536996,156.48853324015394,151.92031995421942,153.23826599121094,5330200,-5.4204254150390625,-3.4164062283609242,4.568213285934519,154.17350692749022,139.83572875976563
2025-11-05 05:00:00+00:00,DELL,150.72130056333626,153.52563481469954,147.79802864565556,151.0284881591797,7326500,-2.20977783203125,-1.4420535352168473,5.72760616904398,153.60194244384766,140.26946258544922
2025-11-06 05:00:00+00:00,DELL,151.35550206491718,153.5950109751183,147.4710365050359,147.8277587890625,4255100,-3.2007293701171875,-2.119288492607907,6.123974470082402,153.2939437866211,140.6093621826172
2025-11-07 05:00:00+00:00,DELL,146.64855455925095,146.64855455925095,141.7830574770022,145.3702392578125,5780800,-2.45751953125,-1.6624208818295516,4.8654970822487655,153.1286834716797,140.86950073242187
2025-11-10 05:00:00+00:00,DELL,148.38270561057809,148.68989323438856,139.81110340054383,141.3966064453125,8203600,-3.9736328125,-2.733456884151375,8.878789833844735,152.62502365112306,141.28517227172853
2025-11-11 05:00:00+00:00,DELL,139.0282617505318,139.7219136167323,135.0546004875892,137.50221252441406,7116100,-3.8943939208984375,-2.7542343616320464,4.6673131291431105,152.15522994995118,141.6464566040039
2025-11-12 05:00:00+00:00,DELL,139.37508621645682,142.48662339842048,138.48325022385015,139.43455505371094,5503000,1.932342529296875,1.4053174082226283,4.003373174570328,151.53865509033204,141.98595779418946
2025-11-13 05:00:00+00:00,DELL,138.53278914176448,138.87960750253447,131.10077271914273,132.7259063720703,6912000,-6.708648681640625,-4.811324337110278,7.778834783391744,150.70464477539062,142.13895294189453
2025-11-14 05:00:00+00:00,DELL,128.74235714012846,135.93654447700803,128.15770873869215,132.54754638671875,5573300,-0.1783599853515625,-0.13438219427303055,7.778835738315877,149.9466339111328,142.32471771240233
2025-11-17 05:00:00+00:00,DELL,122.87600010439962,127.24602922089764,118.92216963726172,121.36978149414062,15291100,-11.177764892578125,-8.433022864086858,8.323859583635922,148.71465301513672,142.3230665588379
2025-11-18 05:00:00+00:00,DELL,119.4077371535898,124.89752116314943,118.30779805714845,121.57788848876952,10147100,0.20810699462889204,0.1714652461815236,6.589723106000989,147.38977241516113,142.3593473815918
2025-11-19 05:00:00+00:00,DELL,121.4787842572327,122.469719797539,117.79251039789342,118.29788208007812,6729200,-3.280006408691392,-2.6978642658318397,4.677209399645577,145.8662082672119,142.26762344360353
2025-11-20 05:00:00+00:00,DELL,122.52918567763598,124.54078369044944,115.69172868040786,116.3358383178711,8855000,-1.9620437622070312,-1.658562036536615,8.849055010041582,144.04140090942383,142.11848983764648
2025-11-21 05:00:00+00:00,DELL,117.48531338602535,122.3408989689736,115.50344233667816,121.3995132446289,8401600,5.0636749267578125,4.3526354388937705,6.837456632295442,142.25127601623535,142.0771467590332
2025-11-24 05:00:00+00:00,DELL,123.66875609006593,128.2369694483635,123.1534653852244,126.06681823730467,8985900,4.667304992675767,3.844582954192588,5.083504063139117,140.51862449645995,142.09439285278322
2025-11-25 05:00:00+00:00,DELL,121.97426063799888,125.96773749794752,121.93462986659854,124.7786102294922,14794100,-1.2882080078124716,-1.0218454196151638,4.033107631348983,138.5882823944092,142.0684962463379
2025-11-26 05:00:00+00:00,DELL,132.36916961499867,134.1231297328985,126.91902421222149,132.05206298828125,16424900,7.273452758789048,5.829086207493206,7.204105520677004,137.08503227233888,142.13553817749025
2025-11-28 05:00:00+00:00,DELL,132.9538251834943,133.28083573991563,128.83152953466868,132.14126586914062,5612600,0.089202880859375,0.06755129669371307,4.449306205246955,135.7145694732666,142.1694093322754
2025-12-01 05:00:00+00:00,DELL,130.51612446070646,130.94221947800744,126.61182851837752,130.89266967773438,6720100,-1.24859619140625,-0.9448949828002484,4.3303909596299235,134.23213005065918,142.18166580200196
2025-12-02 05:00:00+00:00,DELL,133.78621522330292,136.78874900085103,133.58803111953142,134.7176971435547,6981600,3.8250274658203125,2.9222625493373844,3.200717881319605,133.03508033752442,142.19636642456055
2025-12-03 05:00:00+00:00,DELL,134.17267684945097,134.87624779239704,132.0322674026173,132.41873168945312,5630700,-2.2989654541015625,-1.706505902971156,2.8439803897797447,131.9941036224365,142.19174850463867
2025-12-04 05:00:00+00:00,DELL,132.78535937965378,138.04722455967584,131.40795961478835,137.73013305664062,6857100,5.3114013671875,4.011064975039735,6.639264944887486,131.32918586730958,142.33779220581056
2025-12-05 05:00:00+00:00,DELL,137.6904944172482,137.93822830972994,134.87624102757025,137.65086364746094,5001600,-0.0792694091796875,-0.05755415131057928,3.0619872821596914,130.8203411102295,142.50456619262695
2025-12-08 05:00:00+00:00,DELL,137.36346985094173,141.04975100463483,137.34366202830728,139.1372528076172,3915400,1.48638916015625,1.079825524351996,3.7060889763275497,130.50869178771973,142.70501724243164
2025-12-09 05:00:00+00:00,DELL,137.7796766239006,138.65170477433242,135.87708212153055,136.9671173095703,3464800,-2.170135498046875,-1.559708456402753,2.7746226528018667,130.2872173309326,142.80005569458007
2025-12-10 05:00:00+00:00,DELL,136.79865486786647,139.85073815772253,135.02487177671006,139.3552703857422,4576000,2.388153076171875,1.7435959251257405,4.8258663810124744,130.37987022399903,142.7874378967285
2025-12-11 05:00:00+00:00,DELL,137.57158464953127,137.79949559300786,133.4591930319341,137.3436737060547,4933500,-2.0115966796875,-1.4435024051256184,4.34030256107377,130.27532615661622,142.5783790588379
2025-12-12 05:00:00+00:00,DELL,137.244579038546,138.22561071475647,128.2667050239651,128.8018035888672,9299000,-8.5418701171875,-6.219340058915968,9.958905690791369,130.07912101745606,142.24410110473633
2025-12-15 05:00:00+00:00,DELL,130.10982806653868,132.22051030053646,128.43514473087478,129.3269805908203,5336200,0.525177001953125,0.40774040993205585,3.7853655696616784,129.91809272766113,142.05125839233398
2025-12-16 05:00:00+00:00,DELL,129.10899942426585,133.776312997408,128.84145768501526,132.5376434326172,5365600,3.210662841796875,2.482593212281925,4.934855312392756,130.47648582458496,141.82349227905274
2025-12-17 05:00:00+00:00,DELL,132.26017340225184,132.527730243253,125.46235470167092,126.73075103759766,6125700,-5.806892395019531,-4.381315560338739,7.065375541582071,130.73412895202637,141.37867401123046
2025-12-18 05:00:00+00:00,DELL,126.84965808382874,127.52350214051236,120.99323274051989,121.82562255859376,9344800,-4.905128479003892,-3.8705116468130685,6.530269399992477,130.91051597595214,140.5659909057617
2025-12-19 05:00:00+00:00,DELL,122.8363701876855,125.99745701961724,122.57872482715406,125.2740707397461,9715400,3.4484481811523295,2.8306427734393402,3.4187321924631817,131.3574275970459,139.99171768188478
2025-12-22 05:00:00+00:00,DELL,127.60278108626764,127.6820577485016,124.22368707087224,125.4623565673828,4852700,0.18828582763670454,0.1502991213783389,3.458370677629361,131.5605697631836,139.5274559020996
2025-12-23 05:00:00+00:00,DELL,125.18488805236764,127.46404280880832,125.18488805236764,126.46319580078124,3494400,1.0008392333984375,0.7977207353513371,2.2791547564406756,131.58038864135742,139.02732376098632
2025-12-24 05:00:00+00:00,DELL,125.54162512332654,127.8802335865524,125.0659727408746,127.21630859375,1756000,0.7531127929687642,0.595519343157469,2.8142608456777936,131.7022735595703,138.6336882019043
2025-12-26 05:00:00+00:00,DELL,127.48386370404718,128.49462228793476,126.83976158792464,128.0685272216797,2733200,0.8522186279296875,0.6698973090401017,1.6548607000101185,131.50309677124022,138.15973770141602
2025-12-29 05:00:00+00:00,DELL,126.98838209824672,128.17751683041175,125.95781580024342,126.3046417236328,3112000,-1.7638854980468892,-1.3772981827093966,2.2197010301683235,131.21126556396484,137.6977082824707
2025-12-30 05:00:00+00:00,DELL,125.78937011351375,127.2856774574295,125.74973178145628,126.76048278808594,2754500,0.4558410644531392,0.3609060270726827,1.535945675973224,131.00465621948243,137.27876266479493
2025-12-31 05:00:00+00:00,DELL,127.00821127742164,127.246041259625,124.639875849709,124.7389678955078,2925700,-2.021514892578139,-1.5947516513940996,2.6061654099160023,130.50571975708007,136.85335403442383
2026-01-02 05:00:00+00:00,DELL,127.23611565963334,128.1775165069678,124.61014256042714,126.64156341552734,4959300,1.9025955200195455,1.525261553882129,3.5673739465406697,130.21686134338378,136.42467529296874
2026-01-05 05:00:00+00:00,DELL,128.38561331087257,130.00084316980303,120.98332320416574,122.88592529296876,8471000,-3.7556381225585795,-2.965565191449704,9.017519965637291,129.4746509552002,135.90701049804687
2026-01-06 05:00:00+00:00,DELL,123.9660410829117,125.0560687223784,120.72568502264195,122.80664825439452,6595600,-0.07927703857424717,-0.06451270833925937,4.330383699736444,128.73244018554686,135.3065037536621
2026-01-07 05:00:00+00:00,DELL,121.8850776298997,122.18236133114122,117.67360137033,118.98163604736328,10343400,-3.825012207031236,-3.1146621631653937,4.5087599608112185,127.72465934753419,134.5420962524414
2026-01-08 05:00:00+00:00,DELL,116.49439088611976,118.2879895272759,113.74950250238376,117.42587280273438,11522100,-1.5557632446289062,-1.3075658532797463,4.5384870248921345,126.74759712219239,133.67621673583983
2026-01-09 05:00:00+00:00,DELL,118.89245132413672,119.91311373708204,116.25655911651172,119.52664947509766,7001500,2.1007766723632812,1.789023681256685,3.6565546205703185,125.75616607666015,132.79904067993164
2026-01-12 05:00:00+00:00,DELL,117.92133706103591,120.97342054060236,117.63396482819634,119.37801361083984,5203400,-0.1486358642578125,-0.12435374446665426,3.3394557124060213,124.85788307189941,131.9442596435547
2026-01-13 05:00:00+00:00,DELL,120.39867337419176,120.77522617417004,117.83215384229015,118.57535552978516,5641600,-0.8026580810546875,-0.6723667589839999,2.9430723318798897,124.34656066894532,131.12475631713866
2026-01-14 05:00:00+00:00,DELL,118.06997281937964,120.96350282378448,116.86103023336766,117.61414337158205,4788300,-0.9612121582031108,-0.810634008988198,4.1024725904168236,123.7609188079834,130.26621002197265
2026-01-15 05:00:00+00:00,DELL,120.70586098574672,122.52918639039184,118.39698682237682,118.57535552978516,6834000,0.9612121582031108,0.8172589882887937,4.132199568015025,123.0628044128418,129.46454330444337
2026-01-16 05:00:00+00:00,DELL,119.12036277619475,121.87516242372256,118.13933868853118,119.43746185302734,9023300,0.8621063232421875,0.7270535427790659,3.7358237351913743,122.69813995361328,128.7885272216797
2026-01-20 05:00:00+00:00,DELL,115.95899889955396,116.49644602358865,110.3158078938463,110.5447235107422,11625700,-8.892738342285142,-7.445518520167493,6.1806381297423485,122.1340950012207,127.97885192871094
2026-01-21 05:00:00+00:00,DELL,111.79876314986664,113.87887533499192,109.6987412978457,112.724365234375,9162300,2.1796417236327983,1.9717284139943558,4.1801340371462175,121.50660972595215,127.27678405761719
2026-01-22 05:00:00+00:00,DELL,113.68978432006612,119.02442870467632,113.44096662554844,116.61587524414062,8372200,3.891510009765625,3.4522350174023497,5.583462079127884,121.06428565979004,126.70169677734376
2026-01-23 05:00:00+00:00,DELL,114.87414703414414,115.4414510524375,113.22200155360916,114.88410186767578,6342800,-1.7317733764648438,-1.4850236923911964,2.2194494988283395,120.48533096313477,126.17144668579101
2026-01-26 05:00:00+00:00,DELL,114.46608950043073,116.73530556411475,114.46608950043073,115.3817367553711,6309400,0.4976348876953125,0.4331625347678614,2.269216063684027,119.89360237121582,125.72903717041015
2026-01-27 05:00:00+00:00,DELL,116.22771351332749,117.28269804709085,113.93859541239634,114.11774444580078,5058300,-1.2639923095703125,-1.0954873319771519,3.344102634694508,119.19606323242188,125.22270095825195
2026-01-28 05:00:00+00:00,DELL,114.85424916717103,117.93958705674385,113.67982934675533,116.76516723632812,5300400,2.6474227905273438,2.319904589233013,4.25975770998852,118.71908950805664,124.90348617553711
2026-01-29 05:00:00+00:00,DELL,115.12296331489632,118.53674221654454,114.76466524525937,117.92962646484376,6246400,1.1644592285156392,0.9972659279105178,3.7720769712851734,118.27754669189453,124.61112777709961
2026-01-30 05:00:00+00:00,DELL,116.26752234444868,116.34714582248364,111.7290904028338,113.8987808227539,10734700,-4.030845642089858,-3.4180093356706243,4.618055419649835,117.73553733825683,124.46170776367188
2026-02-02 05:00:00+00:00,DELL,113.99831247168916,118.73580336181143,113.84902034071575,118.59646606445312,8019700,4.697685241699219,4.124438565334265,4.886783021095681,117.33328247070312,124.40207931518555
2026-02-03 05:00:00+00:00,DELL,119.4125882052901,120.62681214474632,115.65045838310972,116.5959701538086,8764600,-2.0004959106445312,-1.686809039956827,4.976353761636602,117.01878471374512,124.36804107666016
2026-02-04 05:00:00+00:00,DELL,117.60119702112064,122.4581156118042,116.26753024994808,121.4628448486328,10914500,4.8668746948242045,4.174136283101393,6.190585361856122,116.95159454345703,124.47058120727539
2026-02-05 05:00:00+00:00,DELL,119.68130815851316,122.13962813561814,112.51536176763642,114.84429168701172,9298400,-6.6185531616210795,-5.449035192506102,9.624266367981718,116.74472732543946,124.33947677612305
2026-02-06 05:00:00+00:00,DELL,116.34715616109716,121.99033968363436,115.94904632885896,120.47753143310548,7918000,5.633239746093764,4.905110792486034,6.041293354775405,116.89731025695801,124.22769104003906
2026-02-09 05:00:00+00:00,DELL,119.73108000668849,121.4230373255386,117.30261683031736,120.33819580078124,5016800,-0.13933563232424717,-0.11565279489612612,4.120420495221239,116.9378875732422,124.13888275146485
2026-02-10 05:00:00+00:00,DELL,121.97043422374183,126.0311331385894,121.87090107345972,125.41407012939452,6194100,5.075874328613281,4.21800766983107,4.1602320651296765,117.23969039916992,124.0061228942871
2026-02-11 05:00:00+00:00,DELL,127.08612717746227,127.45437250300768,121.7116634954583,123.57282257080078,5431200,-1.8412475585937358,-1.4681347608717643,5.742709007549379,117.4895637512207,123.83475402832032
2026-02-12 05:00:00+00:00,DELL,116.94431302752596,120.34813716729366,110.67410427042692,112.28644561767578,11756600,-11.286376953125,-9.133381206582458,9.674032896866734,117.22317886352539,123.46262954711914
2026-02-13 05:00:00+00:00,DELL,114.92391314305262,120.25856489743666,113.67982472259575,116.93435668945312,10480400,4.647911071777344,4.139334045360221,6.5787401748409025,117.1411289215088,123.10696273803711
2026-02-17 05:00:00+00:00,DELL,115.70022444248043,118.4869855739042,114.42627910010842,115.54097747802734,5303700,-1.3933792114257812,-1.191590949720811,4.06070647379579,116.9463047027588,122.7694076538086
2026-02-18 05:00:00+00:00,DELL,114.30684172752656,116.90449893814836,112.32625510258832,116.22771453857422,5783400,0.686737060546875,0.5943666701949679,4.578243835560045,117.23045425415039,122.33935928344727
2026-02-19 05:00:00+00:00,DELL,118.39740742712974,120.86568222648488,117.05379343421924,118.49693298339844,7042300,2.2692184448242188,1.9523901453565085,3.811888792265634,117.51908264160156,121.95628067016601
2026-02-20 05:00:00+00:00,DELL,117.2030913677078,122.0799197994458,117.0438443951434,121.69175720214844,7763500,3.19482421875,2.69612397410961,5.036075404302409,117.77287673950195,121.60737075805665
2026-02-23 05:00:00+00:00,DELL,120.68653001132786,123.73205599420656,118.30783359054264,118.57655334472656,6962300,-3.115203857421875,-2.5599136121003285,5.424222403663919,117.95749931335449,121.23955947875976
2026-02-24 05:00:00+00:00,DELL,119.9301199874852,122.05999868934148,118.4372139295497,119.2135238647461,4937700,0.6369705200195312,0.537180835546569,3.6227847597917844,118.14908866882324,120.83672454833984
2026-02-25 05:00:00+00:00,DELL,117.56138247013642,124.3590758492404,116.6457276189812,122.89603424072266,8220000,3.6825103759765625,3.0890038785822416,7.7133482302592,118.58800315856934,120.5477717590332
2026-02-26 05:00:00+00:00,DELL,124.5083652481086,125.40411041257528,119.74101759979806,120.87562561035156,14418100,-2.0204086303710938,-1.6439982322078994,5.663092812777222,118.79352607727051,120.38924819946288
2026-02-27 05:00:00+00:00,DELL,136.72032875935486,148.15599436545804,135.46629316691974,147.3796844482422,33475600,26.504058837890625,21.926719058586496,12.689701198538302,120.26602897644042,120.75030227661132
2026-03-02 05:00:00+00:00,DELL,146.06593991539333,152.9930314970921,145.309539560211,152.82383728027344,12554200,5.44415283203125,3.693964234224678,7.683491936881097,122.2122817993164,121.15602615356445
2026-03-03 05:00:00+00:00,DELL,149.0218934039152,150.2261777602713,140.35309319550825,144.493408203125,15258200,-8.330429077148438,-5.4510011169728205,9.873084564763047,123.50712890625,121.511279296875
2026-03-04 05:00:00+00:00,DELL,145.30952353784812,147.6285061125938,143.36874869230476,146.40432739257812,8505500,1.910919189453125,1.3224957548006566,4.2597574202890485,124.99754676818847,122.00285339355469
2026-03-05 05:00:00+00:00,DELL,145.30954231444747,148.45460180659194,141.3782255425808,145.82708740234375,7027600,-0.577239990234375,-0.39427795647496433,7.076376264011145,126.21575889587402,122.41391372680664
2026-03-06 05:00:00+00:00,DELL,143.14980042783273,147.95696019547074,141.44788068435756,145.78726196289062,7100400,-0.039825439453125,-0.027310042436246018,6.509079511113185,127.76290740966797,122.8204118347168
2026-03-09 04:00:00+00:00,DELL,143.9161676751378,146.00622730009775,140.69148472810693,145.81712341308594,7400600,0.0298614501953125,0.020482893905304778,5.31474257199082,129.029887008667,123.20749038696289
2026-03-10 04:00:00+00:00,DELL,145.59814848151487,146.19531699446034,136.84972544260833,143.11993408203125,7518700,-2.6971893310546875,-1.8497068574133135,9.34559155185201,130.1689739227295,123.52556289672852
2026-03-11 04:00:00+00:00,DELL,144.9711453981897,148.76312463852335,144.46354758116348,146.6730499267578,5405700,3.5531158447265625,2.4826142266737294,4.299577057359869,131.23192291259767,123.89765335083008
2026-03-12 04:00:00+00:00,DELL,146.4540776895955,151.1318621371764,146.3943638773499,149.20103454589844,7340900,2.527984619140625,1.7235508639132924,4.737498259826509,132.51333351135253,124.35558120727539
2026-03-13 04:00:00+00:00,DELL,150.2858910641984,152.22666609028482,146.12566640246592,150.9029541015625,6441100,1.7019195556640625,1.140688843642379,6.100999687818899,134.44415893554688,124.83843063354492
2026-03-16 04:00:00+00:00,DELL,152.3261972832586,157.05373353068222,151.95793676444765,155.7996826171875,7923400,4.896728515625,3.244952058612016,5.095796766234571,136.3874252319336,125.45964492797852
2026-03-17 04:00:00+00:00,DELL,154.01815358174682,154.28688094525967,151.08210781089028,152.286376953125,6675800,-3.5133056640625,-2.2550146476838284,3.2047731343693897,138.22469520568848,125.97254119873047
2026-03-18 04:00:00+00:00,DELL,151.98781184331094,154.28688498101235,148.22567421560362,148.50436401367188,5460700,-3.782012939453125,-2.48348737104519,6.061210765408731,139.83852767944336,126.48490997314452
2026-03-19 04:00:00+00:00,DELL,145.89674395530338,156.32719294717546,145.87684947353478,156.01864624023438,7715300,7.5142822265625,5.05997401252849,10.450343473640686,141.71461334228516,127.14914993286133
2026-03-20 04:00:00+00:00,DELL,162.72677757346057,169.0965046882295,156.92434692382812,156.92434692382812,23135900,0.90570068359375,0.5805079747962738,12.172157764401362,143.47624282836915,127.90800415039062
2026-03-23 04:00:00+00:00,DELL,158.48692539817395,164.63769156484463,157.87980961137012,163.81161499023438,10721300,6.88726806640625,4.388909816364794,6.757881953474509,145.73799591064454,128.83571899414062
2026-03-24 04:00:00+00:00,DELL,162.84619245450511,177.46672195040838,162.59737477128448,176.07334899902344,15886500,12.261734008789062,7.485265321094636,14.869347179123906,148.5809871673584,129.96665298461915
2026-03-25 04:00:00+00:00,DELL,176.91932814139903,183.98575674429543,176.77999083985645,183.1397705078125,11330800,7.0664215087890625,4.0133396388275955,7.205765904438977,151.5931739807129,131.2418881225586
2026-03-26 04:00:00+00:00,DELL,181.84592497530443,185.5085140368755,174.71978277772973,174.98851013183594,11061300,-8.151260375976562,-4.45084120908017,10.788731259145777,154.2988182067871,132.37015121459962
2026-03-27 04:00:00+00:00,DELL,174.30177325756983,175.45627579865206,169.54438023426712,170.99746704101562,8011500,-3.9910430908203125,-2.2807457974317713,5.911895564384935,155.47970733642578,133.4378176879883
2026-03-30 04:00:00+00:00,DELL,171.95293307416685,173.17711185398267,161.71158847208426,163.88128662109375,10135300,-7.116180419921875,-4.161570661286451,11.465523381898407,156.0325798034668,134.34393630981447
2026-03-31 04:00:00+00:00,DELL,163.513022058663,167.195535920429,154.63520894181812,163.35379028320312,13713700,-0.527496337890625,-0.321877103094903,12.560326978610874,156.9755989074707,135.22226287841798
2026-04-01 04:00:00+00:00,DELL,166.19030532512537,170.51973915556468,163.9808030486203,168.57896423339844,7311100,5.2251739501953125,3.198685467375162,6.538936106944391,158.0843307495117,136.38294769287108
2026-04-02 04:00:00+00:00,DELL,166.20027620940857,173.5453643798828,165.71258805066228,173.5453643798828,5217100,4.966400146484375,2.946037881457353,7.832776329220536,159.47024459838866,137.59936767578125
2026-04-06 04:00:00+00:00,DELL,174.9984537107739,175.66528327531623,171.9728221968754,172.36097717285156,3925400,-1.18438720703125,-0.6824654817276898,3.6924610784408287,160.7989303588867,138.71426971435548
2026-04-07 04:00:00+00:00,DELL,171.42544760194951,177.99422575245254,171.40553793374698,176.84967041015625,5753000,4.4886932373046875,2.6042398406706857,6.5886878187055515,162.35055770874024,139.9535810852051
2026-04-08 04:00:00+00:00,DELL,184.8814868221364,188.8526225339084,181.8061038865326,184.5928649902344,7212000,7.743194580078153,4.378404869016639,7.046518647375791,164.4242042541504,141.33780364990236
2026-04-09 04:00:00+00:00,DELL,186.0857735290163,186.91185007473976,178.84020367668137,180.60183715820312,4500900,-3.9910278320312784,-2.162070474523714,8.071646398058391,166.12064361572266,142.6674855041504
2026-04-10 04:00:00+00:00,DELL,182.3634496801483,183.1298123864119,176.20272149663657,176.95913696289062,4279700,-3.6427001953125,-2.0169784829605963,6.927090889775343,167.50854873657227,143.87136489868163
2026-04-13 04:00:00+00:00,DELL,178.15347541263813,190.46497050182427,176.66056919409647,188.89244079589844,10506700,11.933303833007812,6.743536410617956,13.804401307727801,169.40802307128905,145.29062118530274
2026-04-14 04:00:00+00:00,DELL,184.67249550696263,185.9066215496468,179.24827281559212,183.6374053955078,6256400,-5.255035400390625,-2.782025251115672,6.65834873405467,170.79990921020507,146.68539367675783
2026-04-15 04:00:00+00:00,DELL,182.07482519017577,182.1245917627476,176.16291477301775,176.44158935546875,7793300,-7.1958160400390625,-3.9184914557800044,5.9616769897298525,172.00766983032227,147.84229614257814
2026-04-16 04:00:00+00:00,DELL,178.7207697059076,192.88346773791105,177.6558227505396,192.17681884765625,11474700,15.7352294921875,8.918095529329229,15.227644987371434,174.1912925720215,149.3539131164551
2026-04-17 04:00:00+00:00,DELL,191.91805975005207,196.40672534677648,190.8431655221087,195.62046813964844,6311200,3.4436492919921875,1.7919171066735462,5.563559824667777,176.1713836669922,150.8370655822754
2026-04-20 04:00:00+00:00,DELL,195.62045950028204,204.8068038267757,195.6104970738224,203.2740936279297,7155800,7.65362548828125,3.912487052641911,9.19630675295332,178.48887100219727,152.60566162109376
2026-04-21 04:00:00+00:00,DELL,205.51040419723492,213.9764100164479,205.0112290743208,212.00965881347656,9078200,8.735565185546875,4.297431625269654,8.965180942127091,180.89877319335938,154.43630416870118
2026-04-22 04:00:00+00:00,DELL,214.6552898916567,217.0313684513324,209.1543852900862,214.2958831787109,5482100,2.2862243652343466,1.0783585889573732,7.876983161246216,182.80989990234374,156.31545791625976
2026-04-23 04:00:00+00:00,DELL,214.1361530110005,218.89827278876788,210.3324257195536,211.7900238037109,4421500,-2.505859375,-1.1693455505676909,8.565847069214271,184.24241256713867,158.04297698974608
2026-04-24 04:00:00+00:00,DELL,213.6369788313205,218.63870817814336,209.154380654434,215.73350524902344,4621400,3.9434814453125284,1.8619769592959523,9.484327523709368,186.27966232299804,159.88619064331056
2026-04-27 04:00:00+00:00,DELL,217.42072004293567,221.1345842568185,212.40899743454696,215.6137084960937,5821000,-0.11979675292974434,-0.05552997101282431,8.725586822271538,188.51047439575194,161.9527359008789
2026-04-28 04:00:00+00:00,DELL,209.6235992009694,210.1627016228651,201.2274701030244,205.5902557373047,4437700,-10.023452758789006,-4.6488012421392995,8.935231519840698,190.59592285156248,163.72585388183595
2026-04-29 04:00:00+00:00,DELL,205.7200585102273,207.58696867949607,202.91469663011216,205.3207244873047,3635700,-0.26953125,-0.1311011793984962,4.672272049383906,192.69426956176756,165.52144882202148
2026-04-30 04:00:00+00:00,DELL,208.1560310702396,208.80495265159243,200.5086643542291,208.60528564453125,5635800,3.2845611572265625,1.5997221738956346,8.296288297363333,194.6955856323242,167.36900024414064
2026-05-01 04:00:00+00:00,DELL,208.185978884988,212.4189894793357,206.0994304937884,209.82327270507807,3010600,1.2179870605468182,0.5838716199273675,6.319558985547303,196.50948104858395,169.19552703857423
2026-05-04 04:00:00+00:00,DELL,210.5021577780956,214.62533398057224,205.36064481446883,211.2908477783203,3842400,1.4675750732422443,0.6994338875387918,9.264689166103409,198.4559745788574,170.98750885009767
2026-05-05 04:00:00+00:00,DELL,214.66527638564767,217.04133963690023,210.59200551170844,215.963134765625,4360800,4.6722869873046875,2.211305901998517,6.449334125191797,200.41164779663083,172.93524047851562
2026-05-06 04:00:00+00:00,DELL,220.4357464657156,239.054973228991,219.23772916777048,238.4060516357422,9187200,22.442916870117188,10.392012921313377,19.81724406122052,203.10230712890623,175.31909103393554
2026-05-07 04:00:00+00:00,DELL,234.8718795690508,237.35777723109345,227.623862076506,229.8901214599609,4848300,-8.515930175781278,-3.572027688622881,9.733915154587464,205.56672134399415,177.45897277832032
2026-05-08 04:00:00+00:00,DELL,233.2046369550898,263.5544792052333,233.2046369550898,260.0303039550781,12168100,30.140182495117216,13.110690578484308,30.349842250143496,209.72027969360352,180.24206634521485
2026-05-11 04:00:00+00:00,DELL,253.18163691733776,255.0285757938249,241.60076758431265,246.6324462890625,11517000,-13.397857666015625,-5.152421645567196,13.42780820951225,212.6072799682617,182.22712158203126
2026-05-12 04:00:00+00:00,DELL,242.1099092917244,242.1099092917244,228.12302802472573,238.5458068847656,7150800,-8.086639404296903,-3.278822201203424,13.986881266998665,215.35270004272462,183.9415609741211
2026-05-13 04:00:00+00:00,DELL,244.1964732648057,246.59250773232128,236.40933839495665,243.46766662597656,5008500,4.921859741210966,2.0632765695976163,10.183169337364632,218.70400390625,185.92104614257812
2026-05-14 04:00:00+00:00,DELL,248.43947154893047,260.110188678592,240.41272682255752,247.4810485839844,6241900,4.013381958007841,1.6484250305702108,19.697461856034494,221.4692153930664,187.94258056640626
2026-05-15 04:00:00+00:00,DELL,240.01339452413785,246.4527507848437,236.39935615087657,241.59078979492188,4833100,-5.890258789062528,-2.380084787406911,10.053394633967116,223.7677314758301,189.8578546142578
2026-05-18 04:00:00+00:00,DELL,244.1964824369065,244.54589589166807,231.81692993345425,237.63731384277344,5132600,-3.9534759521484375,-1.6364348804457363,12.72896595821382,225.48589248657225,191.69485565185548
2026-05-19 04:00:00+00:00,DELL,233.86354369007287,239.3544700093702,226.89506328117704,234.8718719482422,4082700,-2.76544189453125,-1.163723764509872,12.459406728193159,226.62900314331054,193.4759506225586
2026-05-20 04:00:00+00:00,DELL,239.0749372232268,246.52262160839905,236.79869985632976,242.5292205810547,4332900,7.6573486328125,3.2602237846939497,9.723921752069288,228.04067001342773,195.46413635253907
2026-05-21 04:00:00+00:00,DELL,242.5591868857288,253.9603450745253,239.8736222377308,252.3829498291016,5075000,9.853729248046903,4.062903935632667,14.086722836794479,230.07031631469727,197.57833435058595
2026-05-22 04:00:00+00:00,DELL,267.6576992130913,297.8278439829766,264.7724524623164,294.7030029296875,15291500,42.32005310058591,16.768190216194267,33.05539152066024,234.01879119873047,200.48837371826173
2026-05-26 04:00:00+00:00,DELL,299.7546722166088,308.13084570814897,298.4767850741416,304.5766906738281,10305700,9.873687744140625,3.350385861692895,9.654060634007351,238.4669403076172,203.56184844970704
2026-05-27 04:00:00+00:00,DELL,306.9727549573945,311.6250709166679,298.0774503095753,304.8163146972656,8262400,0.2396240234375,0.07867444580456073,13.547620607092597,243.42824325561523,206.5421810913086
2026-05-28 04:00:00+00:00,DELL,316.5069909839031,327.1893512658275,311.00607114059216,316.5269470214844,26611300,11.71063232421875,3.8418653331759423,16.183280125235342,248.98855438232422,209.82699249267577
2026-05-29 04:00:00+00:00,DELL,417.31040381068414,428.4420029863505,401.6063434359208,420.2156066894531,41833000,103.68865966796875,32.758240852375465,26.835659550429682,259.56907043457034,215.26121734619142
2026-06-01 04:00:00+00:00,DELL,425.4469622913611,468.69550338369135,425.4469622913611,465.1912841796875,20849200,44.975677490234375,10.70300026326061,43.24854109233024,272.3374710083008,221.44467010498047
2026-06-02 04:00:00+00:00,DELL,465.341034344485,468.4159702682575,432.7149545091686,434.59185791015625,16018500,-30.59942626953125,-6.577815902868833,35.70101575908893,283.5025215148926,226.99802032470703
2026-06-03 04:00:00+00:00,DELL,433.07436870855867,435.2807142568798,406.3285566572249,420.3853149414063,14231100,-14.206542968749943,-3.268939054004749,28.952157599654868,293.72363052368166,232.12949432373046
2026-06-04 04:00:00+00:00,DELL,401.2070276343279,429.78980141628176,398.3417671663099,421.3537292480469,12297400,0.9684143066405682,0.23036349563627656,31.44803424997184,302.8710144042969,237.03510192871093
2026-06-05 04:00:00+00:00,DELL,405.10058042853086,412.218822769485,385.642743303406,393.7393798828125,10990300,-27.614349365234375,-6.553721362456022,26.576079466078966,311.06347732543946,241.24709411621095
2026-06-08 04:00:00+00:00,DELL,397.92243616068623,405.82938368379774,384.9738319742752,400.10882568359375,8569700,6.36944580078125,1.6176806604096816,20.855551709522558,318.06740341186526,245.7495004272461
2026-06-09 04:00:00+00:00,DELL,402.255317006246,407.0673423058176,356.4809495753368,381.1501770019531,10471800,-18.958648681640625,-4.738373028700227,50.58639273048078,324.7932899475098,249.95255462646483
2026-06-10 04:00:00+00:00,DELL,376.29820960977776,398.3317776417402,369.0501766605325,369.2198791503906,9281200,-11.9302978515625,-3.130078003742176,29.281600981207703,331.32699356079104,254.05932647705077
2026-06-11 04:00:00+00:00,DELL,368.0717743359053,393.65949691609626,366.3546106336676,390.8042297363281,7869800,21.5843505859375,5.845934036814349,27.30488628242864,338.6938217163086,258.6083352661133
2026-06-12 04:00:00+00:00,DELL,384.3648498793168,407.7062838194725,380.4812527458752,394.91741943359375,6059100,4.113189697265625,1.052493648812547,27.22503107359728,346.0656402587891,263.1351043701172
2026-06-15 04:00:00+00:00,DELL,410.72128426436586,415.2238536140592,393.4498372310589,408.3951416015625,7036600,13.47772216796875,3.412795056571327,21.774016383000287,354.4058578491211,267.8320999145508
2026-06-16 04:00:00+00:00,DELL,412.4584420022436,421.1241149671104,401.586393021226,403.4133605957031,6326500,-4.981781005859375,-1.2198433571767864,19.537721945884414,362.6946601867676,272.4531475830078
2026-06-17 04:00:00+00:00,DELL,411.3203037085567,431.0477144320541,394.84752455518,418.6282348632813,8754000,15.214874267578182,3.771534548362765,36.200189876874106,371.88247833251955,277.2887188720703
2026-06-18 04:00:00+00:00,DELL,429.1708155915469,435.2807143214858,407.20710982303154,408.8244323730469,15360600,-9.803802490234432,-2.341887544550414,28.073604498454245,380.19723892211914,281.7733502197266
2026-06-22 04:00:00+00:00,DELL,414.5050441504212,443.26751251376703,413.7962240013255,418.0192260742188,7336900,9.194793701171932,2.249081261557717,29.471288512441504,388.479052734375,286.5216979980469
2026-06-23 04:00:00+00:00,DELL,394.3483589614264,434.272376743222,390.3549578580196,427.07427978515625,6643900,9.055053710937443,2.166181157736924,43.91741888520244,395.0976165771484,291.5240008544922
2026-06-24 04:00:00+00:00,DELL,421.0741696116883,439.6534834146548,417.6498356018023,433.3439025878906,6317200,6.269622802734375,1.468040361945544,22.003647812852478,401.5359771728516,296.41303009033203
2026-06-25 04:00:00+00:00,DELL,413.8561354243199,416.63154799625136,390.4048665261409,408.7745361328125,11179200,-24.569366455078125,-5.669715509633821,26.226681470110464,406.73388824462893,300.9157727050781
2026-06-26 04:00:00+00:00,DELL,395.5962875486384,400.6479373888525,384.4946376157214,398.8309326171875,10833000,-9.943603515625,-2.4325398567376255,16.153299773131096,410.8490875244141,305.3635595703125
2026-06-29 04:00:00+00:00,DELL,393.1703144929419,415.75299294668457,378.03532059549207,413.9259948730469,8818500,15.095062255859375,3.784827359503784,37.717672351192505,410.53460693359375,309.7985430908203
2026-06-30 04:00:00+00:00,DELL,409.9625699724832,432.7848425468774,408.32526090351297,430.7481994628906,6903800,16.82220458984375,4.064060918668133,24.45958164336446,408.8124526977539,314.5010977172852
2026-07-01 04:00:00+00:00,DELL,417.3104222929527,437.796559328221,410.0823759242831,424.5484619140625,6027600,-6.199737548828125,-1.4392950583563047,27.71418340393791,408.3102828979492,318.9265850830078
2026-07-02 04:00:00+00:00,DELL,415.39357627478313,421.8529038855893,385.37320613606994,393.6694946289063,6611600,-30.878967285156193,-7.2733668957224324,36.479697749519346,406.97449188232423,322.5597817993164
2026-07-06 04:00:00+00:00,DELL,394.5380523440695,429.0310425719039,392.601250349974,411.1206359863281,7260400,17.451141357421818,4.432942251182603,36.429792221929915,406.4628372192383,326.49627685546875
2026-07-07 04:00:00+00:00,DELL,397.0938044555167,425.8562721787,395.16699582145696,416.5915832519531,7050100,5.470947265625,1.3307401250972406,30.689276357243045,407.60544738769534,330.5923080444336
2026-07-08 04:00:00+00:00,DELL,422.1823547035394,448.70852791368566,413.3169996904936,431.2573547363281,9774300,14.665771484375,3.5204195365380553,35.39152822319204,409.16287384033205,334.9027850341797
2026-07-09 04:00:00+00:00,DELL,443.0977914890651,459.7403040668391,433.43376808813474,449.4772644042969,7928000,18.21990966796875,4.224834537397859,26.306535978704346,412.57922821044923,339.58005615234373
2026-07-10 04:00:00+00:00,DELL,448.3690676271159,452.05298249910425,432.5252539822909,434.2524108886719,5146800,-15.224853515625,-3.387235511411879,19.52772851681334,415.83085479736326,344.1532992553711
2026-07-13 04:00:00+00:00,DELL,431.7365821906226,435.9795707962784,417.8395331636925,426.4053649902344,4661700,-7.8470458984375,-1.8070241411853094,18.14003763258586,417.6109115600586,348.5749920654297
2026-07-14 04:00:00+00:00,DELL,441.1709740674602,462.7153897529444,440.7816333087853,456.7851867675781,7198300,30.37982177734375,7.12463403879533,21.933756444159144,420.7042999267578,353.5385900878906
2026-07-15 04:00:00+00:00,DELL,458.69203696256994,460.4391499092615,390.4747469595292,411.9991760253906,12957600,-44.7860107421875,-9.804611016200827,69.96440294973229,420.8845016479492,357.58210815429686
2026-07-16 04:00:00+00:00,DELL,403.8227022641402,413.1472903908296,390.51470619818576,390.7343444824219,6441800,-21.26483154296875,-5.161377201797668,22.632584192643833,420.2505508422852,361.1709780883789
2026-07-17 04:00:00+00:00,DELL,376.2282904656264,406.4782902635477,367.54263127319336,395.6861267089844,7290800,4.9517822265625,1.2673015045866487,38.93565899035434,419.1034454345703,364.76543792724607
2026-07-20 04:00:00+00:00,DELL,399.6296318383652,402.5348347345464,380.42135222725256,381.25,4725800,-14.436126708984375,-3.6483782813041876,22.11348250729384,417.72472381591797,367.62231689453125
2026-07-21 04:00:00+00:00,DELL,394.5,407.9800109863281,393.9400024414063,404.1499938964844,5277300,22.899993896484375,6.006555776127054,14.040008544921818,417.03126220703126,371.1075143432617
2026-07-22 04:00:00+00:00,DELL,414.3399963378906,451.3599853515625,413.7699890136719,441.7999877929688,7215000,37.64999389648443,9.315846706687768,37.589996337890625,417.7675476074219,374.7429080200195
2026-07-23 04:00:00+00:00,DELL,438.0,454.7699890136719,434.1000061035156,439.3399963378906,5118500,-2.459991455078182,-0.5568111188429814,20.66998291015625,418.0673522949219,378.5970590209961
2026-07-24 04:00:00+00:00,DELL,438.9400024414063,451.4800109863281,432.260009765625,437.5,4604100,-1.839996337890625,-0.41880920317473036,19.220001220703125,419.5036254882813,382.5761428833008
2026-07-27 04:00:00+00:00,DELL,435.489990234375,447.8800048828125,411.8699951171875,426.9100036621094,4960400,-10.589996337890625,-2.4205705915178566,36.010009765625,420.90757904052737,386.24498962402345
2026-07-28 04:00:00+00:00,DELL,401.260009765625,404.0,358.8800048828125,392.1000061035156,9448700,-34.80999755859375,-8.15394281229942,45.1199951171875,419.81627960205077,389.1373687744141
2026-07-29 04:00:00+00:00,DELL,388.5,394.9599914550781,364.1700134277344,369.6400146484375,6349100,-22.459991455078125,-5.72812831049756,30.78997802734375,416.7608703613281,391.6983532714844
2026-07-30 04:00:00+00:00,DELL,384.8900146484375,413.0,383.0,404.80999755859375,6193700,35.16998291015625,9.514657914838098,30.0,415.77394714355466,395.0418069458008
2026-07-31 04:00:00+00:00,DELL,419.0,431.4299926757813,400.25,405.3699951171875,4853900,0.55999755859375,0.1383359012798735,31.179992675781307,416.3589721679688,398.4517694091797
2026-08-03 04:00:00+00:00,DELL,397.6799926757813,432.3599853515625,390.1099853515625,429.0199890136719,4838300,23.649993896484375,5.834174749329302,42.25,417.2539398193359,402.18158477783203
2026-08-04 04:00:00+00:00,DELL,449.2799987792969,476.8999938964844,443.8299865722656,467.2699890136719,7583200,38.25,8.915668495525765,33.07000732421875,419.78786010742186,406.4793255615234
2026-08-05 04:00:00+00:00,DELL,466.6000061035156,485.7000122070313,459.1900024414063,462.7000122070313,6984200,-4.569976806640568,-0.9780163319041746,26.510009765625,421.35999298095703,409.8392657470703
2026-08-06 04:00:00+00:00,DELL,450.5499877929688,455.8699951171875,426.0,437.6499938964844,6094400,-25.050018310546932,-5.413878895542046,29.8699951171875,420.7686294555664,412.50073181152345
2026-08-07 04:00:00+00:00,DELL,444.9500122070313,455.8800048828125,416.2999877929688,453.7699890136719,5208400,16.1199951171875,3.6833075155943584,39.58001708984369,421.74450836181643,415.47980529785156
2026-08-10 04:00:00+00:00,DELL,458.5799865722656,474.989990234375,451.5,457.8800048828125,4986600,4.110015869140625,0.9057487204198411,23.489990234375,423.3182403564453,418.30686645507814
2026-08-11 04:00:00+00:00,DELL,449.1300048828125,452.4599914550781,431.010009765625,440.9700012207031,4796100,-16.910003662109375,-3.6931081247885578,21.449981689453125,422.52748107910156,418.7219543457031
2026-08-12 04:00:00+00:00,DELL,459.2799987792969,484.739990234375,455.0,484.5,6243900,43.529998779296875,9.871419520329304,29.739990234375,426.152522277832,419.1081286621094
2026-08-13 04:00:00+00:00,DELL,499.6799926757813,514.0,487.1199951171875,494.510009765625,8064000,10.010009765625,2.0660494872291046,26.8800048828125,431.3413055419922,420.3064916992187
2026-08-14 04:00:00+00:00,DELL,496.0,500.760009765625,488.6499938964844,490.80999755859375,3992900,-3.70001220703125,-0.7482178588831601,12.110015869140625,436.09749908447264,421.7149853515625
2026-08-17 04:00:00+00:00,DELL,496.6499938964844,496.8599853515625,469.0499877929688,479.80999755859375,5273700,-11.0,-2.241193140872566,27.809997558593693,441.02549896240237,422.8841107177734
2026-08-18 04:00:00+00:00,DELL,466.9800109863281,489.9800109863281,458.5,468.6499938964844,5530200,-11.160003662109375,-2.325921452011126,31.480010986328125,444.25049896240233,424.3823229980469
2026-08-19 04:00:00+00:00,DELL,467.9599914550781,471.75,427.5400085449219,437.5499877929688,7087900,-31.100006103515568,-6.636083753024636,44.209991455078125,444.03799896240236,425.1311462402344
2026-08-20 04:00:00+00:00,DELL,439.239990234375,443.7300109863281,432.0,434.7799987792969,3633000,-2.769989013671932,-0.633068013015825,11.730010986328125,443.8099990844727,426.20374267578126
2026-08-21 04:00:00+00:00,DELL,439.3500061035156,444.4299926757813,429.4500122070313,442.0799865722656,3687700,7.29998779296875,1.6790072711404536,14.97998046875,444.03899841308595,427.66094482421875
2026-08-24 04:00:00+00:00,DELL,438.2099914550781,451.5700073242188,424.0,433.1900024414063,4337900,-8.889984130859318,-2.010944716088403,27.570007324218807,444.3529983520508,428.5086602783203
2026-08-25 04:00:00+00:00,DELL,442.8900146484375,457.989990234375,441.7000122070313,451.5,3895600,18.309997558593693,4.226782117639094,16.289978027343693,447.322998046875,429.64031188964844
2026-08-26 04:00:00+00:00,DELL,449.5799865722656,469.3999938964844,449.5799865722656,463.8200073242188,4459600,12.320007324218807,2.7286837927394947,19.82000732421875,452.03199768066406,430.7488092041016
2026-08-27 04:00:00+00:00,DELL,466.6799926757813,472.5,459.1300048828125,472.260009765625,4642600,8.440002441406193,1.8196719218941393,13.3699951171875,455.4044982910156,432.1257421875
2026-08-28 04:00:00+00:00,DELL,467.5799865722656,474.739990234375,452.8999938964844,456.239990234375,3954900,-16.02001953125,-3.3922032778512134,21.839996337890625,457.947998046875,432.8779772949219
2026-08-31 04:00:00+00:00,DELL,459.8500061035156,474.489990234375,456.010009765625,456.010009765625,7686500,-0.22998046875,-0.05040778398927026,18.47998046875,459.29749908447263,433.8216888427734
2026-09-01 04:00:00+00:00,DELL,455.6900024414063,463.0,421.8900146484375,425.0,15948000,-31.010009765625,-6.8002914632429246,41.1099853515625,457.1839996337891,433.96130432128905
2026-09-02 04:00:00+00:00,DELL,462.0499877929688,497.989990234375,432.2699890136719,492.2000122070313,36720200,67.2000122070313,15.811767578125014,65.72000122070312,458.65899963378905,435.2638189697266
2026-09-03 04:00:00+00:00,DELL,486.30999755859375,530.780029296875,478.30999755859375,516.3900146484375,20328000,24.190002441406193,4.914669207938038,52.47003173828125,462.5960006713867,436.9247412109375
2026-09-04 04:00:00+00:00,DELL,513.780029296875,534.989990234375,510.1499938964844,524.1400146484375,11118700,7.75,1.50080361357805,24.839996337890625,466.114501953125,439.23205078125
2026-09-08 04:00:00+00:00,DELL,521.1500244140625,538.469970703125,515.5599975585938,533.8800048828125,6662500,9.739990234375,1.8582802232544715,22.90997314453125,469.914501953125,441.9330322265625
2026-09-09 04:00:00+00:00,DELL,538.469970703125,562.989990234375,532.3900146484375,535.25,7282300,1.3699951171875,0.25661105579113386,30.5999755859375,474.62850189208984,444.35951232910156
2026-09-10 04:00:00+00:00,DELL,523.8300170898438,530.510009765625,506.25,506.6199951171875,5917200,-28.6300048828125,-5.3489032943134,24.260009765625,475.73450164794923,445.8769482421875
2026-09-11 04:00:00+00:00,DELL,518.0700073242188,567.75,517.52001953125,567.2899780273438,14473500,60.66998291015625,11.975441848899493,50.22998046875,479.37350006103514,448.7317785644531
2026-09-14 04:00:00+00:00,DELL,538.5700073242188,546.2899780273438,525.8499755859375,534.280029296875,9173800,-33.00994873046875,-5.8188845227365675,20.44000244140625,481.54700164794923,451.5439892578125
2026-09-15 04:00:00+00:00,DELL,541.5499877929688,568.6699829101562,539.0,543.510009765625,9830600,9.22998046875,1.7275548331643353,29.66998291015625,484.7320022583008,454.19177673339846
2026-09-16 04:00:00+00:00,DELL,553.6300048828125,576.75,550.0900268554688,563.2899780273438,13108100,19.77996826171875,3.6393015595514777,26.65997314453125,489.46400146484376,457.12574462890626
2026-09-17 04:00:00+00:00,DELL,570.4000244140625,593.97998046875,565.5,588.4000244140625,9350700,25.11004638671875,4.457747761580055,28.47998046875,497.0065032958984,460.26859802246094
2026-09-18 04:00:00+00:00,DELL,593.1500244140625,595.510009765625,568.0599975585938,568.0599975585938,11739100,-20.34002685546875,-3.456836507735306,27.45001220703125,503.6705032348633,462.6402526855469
2026-09-21 04:00:00+00:00,DELL,586.77001953125,592.4400024414062,567.3800048828125,575.3099975585938,7736600,7.25,1.2762736385520945,25.05999755859375,510.3320037841797,465.46140441894534
2026-09-22 04:00:00+00:00,DELL,569.7999877929688,574.5999755859375,547.7100219726562,548.9199829101562,9781600,-26.3900146484375,-4.587094742039444,26.88995361328125,516.1185028076172,467.91169677734376
2026-09-23 04:00:00+00:00,DELL,559.0,570.719970703125,542.2302856445312,549.8300170898438,8218969,0.9100341796875,0.16578630911974201,28.48968505859375,521.0350036621094,469.77259338378906
2021-09-24 04:00:00+00:00,NVDA,21.973215656561944,22.051869687132683,21.765132553304515,21.984167098999023,217655000,,,0.28673713382816857,,
2021-09-27 04:00:00+00:00,NVDA,21.61479386006272,21.70340426569089,21.231483878149263,21.565013885498047,245215000,-0.41915321350097656,-1.9066140264193177,0.47192038754162624,,
2021-09-28 04:00:00+00:00,NVDA,21.1209676506168,21.325068556326013,20.560435036406435,20.60822486877441,343069000,-0.9567890167236364,-4.43676513172595,0.7646335199195775,,
2021-09-29 04:00:00+00:00,NVDA,20.848174042522803,20.92483604642628,20.377246777573124,20.42702865600586,218394000,-0.18119621276855113,-0.8792422148066747,0.5475892688531552,,
2021-09-30 04:00:00+00:00,NVDA,20.676926507135207,20.973620032961403,20.59727740414024,20.62515449523925,221009000,0.19812583923339133,0.969920014162895,0.3763426288211633,,
2021-10-01 04:00:00+00:00,NVDA,20.65900727941029,20.7675285491508,20.11440509795195,20.651042938232425,240978000,0.02588844299317472,0.12551878338245004,0.6531234511988515,,
2021-10-04 04:00:00+00:00,NVDA,20.4140815960762,20.451915057453423,19.469243927312625,19.64546775817871,345635000,-1.0055751800537145,-4.869367532968694,0.9826711301407975,,
2021-10-05 04:00:00+00:00,NVDA,19.86251425727249,20.557453280437706,19.766934576510337,20.361316680908203,279282000,0.7158489227294922,3.643837507668768,0.7905187039273684,,
2021-10-06 04:00:00+00:00,NVDA,20.031766035969262,20.62913326033317,19.99194054155349,20.60922241210937,297202000,0.24790573120116832,1.2175329085354125,0.63719271877968,,
2021-10-07 04:00:00+00:00,NVDA,20.9995001152683,21.228492893748708,20.880027438567527,20.98257637023925,256919000,0.37335395812987926,1.8115868258596013,0.34846545518118077,,
2021-10-08 04:00:00+00:00,NVDA,21.00846910302151,21.11300820810894,20.683898444287028,20.739652633666992,151258000,-0.24292373657225852,-1.157740271193819,0.4291097638219128,,
2021-10-11 04:00:00+00:00,NVDA,20.48477154135317,20.970630442278978,20.42105112712711,20.60424423217773,163388000,-0.13540840148926137,-0.6528961881909767,0.5495793151518669,,
2021-10-12 04:00:00+00:00,NVDA,20.73666197268602,20.96465782884224,20.43797832397629,20.58035087585449,162134000,-0.023893356323242188,-0.1159632746243977,0.5266795048659496,,
2021-10-13 04:00:00+00:00,NVDA,20.826267780379947,20.89795254085181,20.622166840732383,20.84717559814453,180652000,0.2668247222900426,1.2965022992056374,0.27578570011942816,,
2021-10-14 04:00:00+00:00,NVDA,21.19464871099913,21.659599896985824,21.029376283806112,21.6506404876709,243589000,0.8034648895263672,3.8540707144898656,0.6302236131797123,,
2021-10-15 04:00:00+00:00,NVDA,21.71435462616983,21.834824285475865,21.56700484536949,21.76612663269043,226994000,0.11548614501953125,0.5334075224485701,0.2678194401063756,,
2021-10-18 04:00:00+00:00,NVDA,21.653624540532604,22.19324752272249,21.5490835543678,22.124549865722656,189494000,0.35842323303222656,1.6467019561207108,0.6441639683546896,,
2021-10-19 04:00:00+00:00,NVDA,22.178310762287506,22.280859708119863,21.940360443621927,22.192251205444336,161473000,0.06770133972167969,0.306000981410115,0.3404992644979359,,
2021-10-20 04:00:00+00:00,NVDA,22.20718491434849,22.334623846905146,21.88560143025834,22.00607109069824,146276000,-0.1861801147460973,-0.8389419938632514,0.4490224166468053,,
2021-10-21 04:00:00+00:00,NVDA,22.000097295285027,22.61140501643605,21.98615875079242,22.59248733520508,187590000,0.586416244506843,2.6647930113918195,0.6252462656436286,21.128138256072997,
2021-10-22 04:00:00+00:00,NVDA,22.72291561933294,23.02856856064082,22.46206541817937,22.626340866088867,249384000,0.03385353088378551,0.14984419546861805,0.5665031424614497,21.16024694442749,
2021-10-25 04:00:00+00:00,NVDA,22.87225673076628,23.252581526641404,22.67014782202449,23.06441116333008,230235000,0.4380702972412145,1.9361075652217785,0.5824337046169141,21.23521680831909,
2021-10-26 04:00:00+00:00,NVDA,23.88380198609397,25.14823314413761,23.81908649717466,24.60860824584961,485898000,1.5441970825195277,6.695150687283236,1.3291466469629505,21.43523597717285,
2021-10-27 04:00:00+00:00,NVDA,24.36667273808714,24.979970559191603,24.17551339728853,24.3437728881836,245990000,-0.2648353576660085,-1.0761899048503665,0.8044571619030734,21.631073188781738,
2021-10-28 04:00:00+00:00,NVDA,24.76890724280116,24.84059201549282,24.41546441615892,24.83163070678711,234204000,0.4878578186035085,2.004035368076873,0.42512759933390143,21.84139699935913,
2021-10-29 04:00:00+00:00,NVDA,24.89136000637363,25.596255323739623,24.89036493868352,25.454877853393555,292503000,0.6232471466064453,2.509892137031877,0.7058903850561045,22.081588745117188,
2021-11-01 04:00:00+00:00,NVDA,25.536522381847643,25.78044692731383,25.11637208457716,25.713741302490234,265740000,0.2588634490966797,1.0169502701509403,0.6640748427366674,22.385002422332764,
2021-11-02 04:00:00+00:00,NVDA,25.708761653173653,26.56100677962379,25.6868568702382,26.28522109985352,294112000,0.5714797973632848,2.2224684873373146,0.87414990938559,22.68119764328003,
2021-11-03 04:00:00+00:00,NVDA,26.55304424185898,26.666544637188032,26.11995237716791,26.481359481811523,239910000,0.19613838195800426,0.7461926274574759,0.5465922600201232,22.974804496765138,
2021-11-04 04:00:00+00:00,NVDA,27.109591491333024,31.227453379184272,26.999078204026905,29.670312881469727,1153631000,3.188953399658203,12.042257127503241,4.2283751751573675,23.40919132232666,
2021-11-05 04:00:00+00:00,NVDA,30.054622412775466,31.26230243845938,29.28102933486203,29.62153053283692,851260000,-0.048782348632805395,-0.16441467546259858,1.9812731035973492,23.853285217285155,
2021-11-08 05:00:00+00:00,NVDA,30.01678650989045,30.963616262925747,29.77584718521284,30.668914794921875,503101000,1.0473842620849538,3.5358884002427704,1.1877690777129075,24.356518745422363,
2021-11-09 05:00:00+00:00,NVDA,32.14043594172841,32.16831303240709,29.832600226347303,30.522560119628903,646746000,-0.1463546752929723,-0.47720852293478,2.3357128060597887,24.853629207611085,
2021-11-10 05:00:00+00:00,NVDA,29.227264049962503,30.71471179449416,28.65179777448314,29.329811096191406,636206000,-1.1927490234374964,-3.907762057844044,2.0629140200110214,25.277760982513428,
2021-11-11 05:00:00+00:00,NVDA,30.33438617562301,30.45585089909229,29.64641649920661,30.25672721862793,332172000,0.9269161224365234,3.1603208060105414,0.8094343998856814,25.70806531906128,
2021-11-12 05:00:00+00:00,NVDA,29.87839450452663,30.54545636540284,29.50005989144117,30.25672721862793,413054000,0.0,0.0,1.0453964739616701,26.132595348358155,
2021-11-15 05:00:00+00:00,NVDA,30.418020909460683,30.50961652161908,29.118743398652445,29.89333152770996,384909000,-0.36339569091796875,-1.2010409727798987,1.3908731229666351,26.52103443145752,
2021-11-16 05:00:00+00:00,NVDA,29.628505270692653,30.256736904694574,29.575736282116683,30.070556640625,264484000,0.17722511291503906,0.5928583528763243,0.6810006225778906,26.914949703216553,
2021-11-17 05:00:00+00:00,NVDA,30.28460270438273,30.375205132582742,28.673698329349342,29.13267707824707,428508000,-0.9378795623779297,-3.1189298342115257,1.7015068032334,27.271280002593993,
2021-11-18 05:00:00+00:00,NVDA,32.225063319518526,32.616337669436994,31.183648858814088,31.536096572875977,781711000,2.4034194946289062,8.249909502561659,1.4326888106229063,27.718460464477538,
2021-11-19 05:00:00+00:00,NVDA,32.10160442864808,32.94290005570085,31.765087317217567,32.84035110473633,533867000,1.3042545318603516,4.135751324982095,1.1778127384832793,28.22916097640991,
2021-11-22 05:00:00+00:00,NVDA,33.37002012110695,34.495065927789035,31.76011228365292,31.81586647033692,754335000,-1.024484634399407,-3.1195909907663966,2.734953644136116,28.666733741760254,
2021-11-23 05:00:00+00:00,NVDA,31.39671157119762,32.218094514763855,30.744583214227514,31.60678672790528,532163000,-0.20907974243164062,-0.6571555818747687,1.473511300536341,29.01664266586304,
2021-11-24 05:00:00+00:00,NVDA,31.32303591080457,32.71092196803006,30.79237231019949,32.53071594238281,435162000,0.923929214477532,2.9231988130631548,1.9185496578305674,29.425989818572997,
2021-11-26 05:00:00+00:00,NVDA,32.45703857581968,32.56655680344716,31.21252206625317,31.364850997924805,283069000,-1.1658649444580078,-3.5838895969057205,1.3540347371939916,29.752650833129884,
2021-11-29 05:00:00+00:00,NVDA,32.22406792574834,33.265478577950766,31.895513237231377,33.229637145996094,454964000,1.864786148071289,5.945464712058324,1.3699653407193892,30.14138879776001,
2021-11-30 05:00:00+00:00,NVDA,33.02354533082021,33.20674036434526,31.72426963928221,32.53270721435547,622066000,-0.696929931640625,-2.0973142998180427,1.4824707250630489,30.482337093353273,
2021-12-01 05:00:00+00:00,NVDA,33.077378025602634,33.14707928825368,31.24621570117578,31.300981521606445,484368000,-1.2317256927490234,-3.7861149538932604,1.9008635870778967,30.733125114440917,
2021-12-02 05:00:00+00:00,NVDA,31.08091667285877,32.339527421049986,30.8927214145986,31.98902702331543,472890000,0.6880455017089844,2.1981595089407557,1.4468060064513857,31.008508491516114,
2021-12-03 05:00:00+00:00,NVDA,31.863568243842334,31.992019863861056,30.001540138937465,30.56214141845703,544325000,-1.4268856048583984,-4.4605470613982785,1.990479724923592,31.05309991836548,25.934100799560547
2021-12-06 05:00:00+00:00,NVDA,29.752605337087843,30.11206626895917,27.918459673671148,29.90893745422364,658938000,-0.6532039642333913,-2.1372977609445565,2.1936065952880206,31.067470264434814,26.09259620666504
2021-12-07 05:00:00+00:00,NVDA,30.825023080342124,32.310662878163335,30.52032598088665,32.288753509521484,593053000,2.3798160552978445,7.956872620233368,1.7903368972766849,31.148462200164794,26.30707099914551
2021-12-08 05:00:00+00:00,NVDA,31.86257610581153,32.15233582192908,31.28703933130742,31.6903133392334,475551000,-0.5984401702880859,-1.8534012782859932,0.8652964906216596,31.20684986114502,26.528712768554687
2021-12-09 05:00:00+00:00,NVDA,31.598708004869856,32.067702562935565,30.29827610494739,30.36001205444336,488507000,-1.330301284790039,-4.197816760439199,1.7694264579881747,31.258359909057617,26.72737243652344
2021-12-10 05:00:00+00:00,NVDA,31.0171948342388,31.171534691574287,29.73369079232253,30.06925392150879,488825000,-0.2907581329345703,-0.9577009798717007,1.4378438992517566,31.24898624420166,26.916254425048827
2021-12-13 05:00:00+00:00,NVDA,30.12003462160517,30.164842841094565,27.99612729686803,28.040935516357425,598344000,-2.0283184051513636,-6.745489630191626,2.1687155442265365,31.138196659088134,27.064052276611328
2021-12-14 05:00:00+00:00,NVDA,27.58090984686816,28.55573615270244,27.13382466783278,28.21619033813477,667035000,0.17525482177734375,0.6249963439169504,1.4219114848696606,31.054339599609374,27.23546672821045
2021-12-15 05:00:00+00:00,NVDA,28.278921661014024,30.369969093174348,27.7193173668591,30.32914352416992,698297000,2.112953186035149,7.488442488919023,2.650651726315246,31.067268943786623,27.434823265075682
2021-12-16 05:00:00+00:00,NVDA,31.01917866728396,31.02714398058523,27.973221209812102,28.26596641540528,707366000,-2.063177108764638,-6.802622392288948,3.053922770773127,31.02393341064453,27.587958145141602
2021-12-17 05:00:00+00:00,NVDA,27.86569352805653,28.79869913534146,27.641652379691788,27.682477951049805,713758000,-0.5834884643554759,-2.0642791963322638,1.1570467556496737,30.83125247955322,27.721956176757814
2021-12-20 05:00:00+00:00,NVDA,27.188587940382853,28.02400974051841,27.02927023764738,27.60082244873047,461847000,-0.08165550231933594,-0.29497179574647925,0.9947395028710275,30.56927604675293,27.85917957305908
2021-12-21 05:00:00+00:00,NVDA,28.25303061151138,28.995850397906604,27.284177433595826,28.95104217529297,524385000,1.3502197265625,4.891954683852573,1.7116729643107789,30.42603483200073,28.026115531921388
2021-12-22 05:00:00+00:00,NVDA,28.767827479708327,29.428996155845503,28.327710555903725,29.274656295776367,395184000,0.32361412048339844,1.1177978275323408,1.1012855999417788,30.30942831039429,28.200001640319826
2021-12-23 05:00:00+00:00,NVDA,29.62814130023792,29.9308460734299,29.305523238717623,29.51363182067871,343022000,0.23897552490234375,0.8163222224980338,0.6253228347122786,30.158574104309082,28.373330764770508
2021-12-27 05:00:00+00:00,NVDA,29.53354885530447,30.95446509890773,29.51363366651382,30.81307029724121,403686000,1.2994384765625,4.40284165790823,1.4408314323939102,30.130985069274903,28.556579360961916
2021-12-28 05:00:00+00:00,NVDA,31.17850318637374,31.19642609485194,29.88404452938225,30.19272422790528,420591000,-0.6203460693359304,-2.013256268692809,1.312381565469689,29.979139423370363,28.72511131286621
2021-12-29 05:00:00+00:00,NVDA,30.143934262767104,30.41776144298987,29.240799693853926,29.873092651367188,343139000,-0.31963157653809304,-1.0586377503580047,1.1769617491359448,29.846158695220947,28.8800821685791
2021-12-30 05:00:00+00:00,NVDA,29.699835409860693,30.32715053513794,29.41406024985419,29.459863662719727,308864000,-0.41322898864746094,-1.3832815820914002,0.9130902852837472,29.754102802276613,29.02543441772461
2021-12-31 05:00:00+00:00,NVDA,29.547489426670328,29.90197257394728,29.205951342168785,29.28561019897461,266530000,-0.1742534637451172,-0.5914944676598366,0.6960212317784951,29.61893196105957,29.17102519989014
2022-01-03 05:00:00+00:00,NVDA,29.687889053615017,30.580069009930835,29.65801627009296,29.992584228515625,391547000,0.7069740295410156,2.414066241876589,0.9220527398378735,29.5904541015625,29.319027137756347
2022-01-04 05:00:00+00:00,NVDA,30.14791442477698,30.338100081012925,28.22813495488004,29.165122985839844,527154000,-0.8274612426757812,-2.7588861178859947,2.1099651261328844,29.55326337814331,29.449802780151366
2022-01-05 05:00:00+00:00,NVDA,28.82557789334784,29.290587837147367,27.41561641931234,27.486312866210938,498064000,-1.6788101196289062,-5.756225065274013,1.8749714178350274,29.313141345977783,29.538240814208983
2022-01-06 05:00:00+00:00,NVDA,27.52216062176416,28.316758809179447,26.94961318289453,28.0578670501709,454186000,0.5715541839599609,2.0794138040339805,1.3671456262849162,29.131519031524657,29.60722599029541
2022-01-07 05:00:00+00:00,NVDA,28.02102803259221,28.300830190157978,26.94164788389241,27.13083839416504,409939000,-0.9270286560058594,-3.3039883407680937,1.3591823062655664,28.970060348510742,29.66296730041504
2022-01-10 05:00:00+00:00,NVDA,26.46767363511044,27.35188821186905,25.534668178229204,27.28318214416504,594681000,0.15234375,0.5615150840040606,1.8172200336398454,28.830756759643556,29.711998329162597
2022-01-11 05:00:00+00:00,NVDA,27.206510950592097,27.94534808174242,26.72457518291045,27.69840431213379,404089000,0.41522216796875,1.5218978701776908,1.2207728988319708,28.813630199432374,29.756868858337402
2022-01-12 05:00:00+00:00,NVDA,27.947338113635016,28.473086907923104,27.49029538667551,27.87962913513184,383413000,0.18122482299805043,0.6542789286914319,0.9827915212475951,28.796802139282228,29.800186614990235
2022-01-13 05:00:00+00:00,NVDA,28.25800818590384,28.358577413604603,26.38502715764647,26.461700439453125,540171000,-1.4179286956787145,-5.0858951129014285,1.9735502559581342,28.603429985046386,29.803716201782226
2022-01-14 05:00:00+00:00,NVDA,26.187875711062546,27.08105283504242,26.098259251810827,26.82713890075684,395832000,0.3654384613037145,1.3810089874604747,0.9827935832315937,28.531488609313964,29.810631790161132
2022-01-18 05:00:00+00:00,NVDA,26.14804463261415,26.524433344257982,25.66013390247345,25.79256629943848,424270000,-1.0345726013183594,-3.8564403201758246,0.8642994417845316,28.436993026733397,29.73307685852051
2022-01-19 05:00:00+00:00,NVDA,25.967809303261937,26.429829779331527,24.94518762431059,24.96012306213379,488315000,-0.832443237304691,-3.227454095263149,1.4846421550209357,28.304958057403564,29.639848709106445
2022-01-20 05:00:00+00:00,NVDA,25.19612032401024,25.46994751510898,23.97534549383341,24.047039031982425,435181000,-0.9130840301513636,-3.6581711872109124,1.494602021275572,28.059757900238036,29.507411193847656
2022-01-21 05:00:00+00:00,NVDA,23.40678161092132,24.717171038870585,23.163822382731063,23.274349212646484,718958000,-0.772689819335941,-3.2132430870522866,1.5533486561395229,27.759742546081544,29.362446975708007
2022-01-24 05:00:00+00:00,NVDA,22.23479683489689,23.280319440924885,20.798945308150216,23.27235412597656,913982000,-0.0019950866699254277,-0.00857204062592043,2.4813741327746683,27.447678661346437,29.241297836303712
2022-01-25 05:00:00+00:00,NVDA,22.449878275649777,22.84518699093113,21.90620653004625,22.22882461547852,664616000,-1.0435295104980398,-4.4839877601091205,0.9389804608848777,27.0184663772583,29.080739784240723
2022-01-26 05:00:00+00:00,NVDA,23.140916602745857,23.954432781138927,22.20492373788374,22.67491149902344,755959000,0.4460868835449219,2.0067947417889975,1.7495090432551876,26.64257574081421,28.929103469848634
2022-01-27 05:00:00+00:00,NVDA,23.46752162349448,23.89270120895478,21.582590638157097,21.85044479370117,573353000,-0.8244667053222727,-3.6360305325018882,2.310110570797683,26.241443347930907,28.768245735168456
2022-01-28 05:00:00+00:00,NVDA,21.918155191484143,22.760549101180075,21.20520811526972,22.742626190185547,543774000,0.8921813964843786,4.0831269336062626,1.5553409859103553,25.9055814743042,28.621687126159667
2022-01-31 05:00:00+00:00,NVDA,23.08316384030089,24.40450780299976,22.95371892485848,24.38160514831543,564680000,1.6389789581298828,7.20663895375977,1.450788878141278,25.66038122177124,28.526665687561035
2022-02-01 05:00:00+00:00,NVDA,24.996973791149287,25.03779935981821,23.788148758594023,24.53296089172364,518925000,0.15135574340821023,0.6207784208115186,1.249650601224186,25.38740005493164,28.38660297393799
2022-02-02 05:00:00+00:00,NVDA,25.68403665824547,25.70693742043992,24.448326116222155,25.134389877319336,543419000,0.601428985595696,2.4515140600032126,1.2586113042177658,25.185863399505614,28.232483749389647
2022-02-03 05:00:00+00:00,NVDA,24.35372741378853,24.97008788977148,23.678618459669,23.84590148925781,410178000,-1.288488388061527,-5.126396122406884,1.291469430102481,25.00384283065796,28.073084449768068
2022-02-04 05:00:00+00:00,NVDA,23.86979983731816,24.529973363145128,23.531249213857308,24.215320587158203,354829000,0.3694190979003942,1.5491932568236555,0.9987241492878205,24.811715507507323,27.925255126953125
2022-02-07 05:00:00+00:00,NVDA,24.26809450688,25.07464069920028,24.098819192519745,24.622577667236328,376868000,0.407257080078125,1.6818157687084279,0.9758215066805356,24.68630247116089,27.767092361450196
2022-02-08 05:00:00+00:00,NVDA,24.25515013515638,25.122437111146983,23.877766205134343,25.000957489013672,410359000,0.37837982177734375,1.536718969439299,1.2446709060126402,24.57219123840332,27.639814491271974
2022-02-09 05:00:00+00:00,NVDA,25.51276352295215,26.61106165740913,25.244911267514784,26.59114646911621,524282000,1.590188980102539,6.360512315583611,1.3661503898943472,24.516828346252442,27.507044677734374
2022-02-10 05:00:00+00:00,NVDA,25.88417582758448,26.81020934447509,25.49085938324337,25.713903427124023,513200000,-0.8772430419921875,-3.299004211838119,1.319349961231719,24.40854206085205,27.370668601989745
2022-02-11 05:00:00+00:00,NVDA,25.805514193425385,26.04050812916526,23.6716506697888,23.846899032592773,605472000,-1.86700439453125,-7.260680587926071,2.3688574593764606,24.277801990509033,27.221586952209474
2022-02-14 05:00:00+00:00,NVDA,23.831961302784133,24.76894948729052,23.653723589292724,24.16354179382324,440424000,0.3166427612304652,1.3278152467442128,1.1152258979977958,24.144622135162354,27.06507724761963
2022-02-15 05:00:00+00:00,NVDA,24.8426335224846,26.431829912184345,24.67833795995591,26.382043838500977,699869000,2.218502044677738,9.181195636000838,1.7534919522284333,24.174096012115477,26.98147529602051
2022-02-16 05:00:00+00:00,NVDA,26.147049472381745,26.468672364813905,25.44306293139375,26.397974014282227,732676000,0.01593017578125,0.06038264464560683,1.0256094334201542,24.2459885597229,26.91125602722168
2022-02-17 05:00:00+00:00,NVDA,25.52072474834424,25.67506458405284,24.06197257519589,24.40251350402832,810595000,-1.9954605102539062,-7.559142641682626,1.613092008856949,24.263762283325196,26.753531227111818
2022-02-18 05:00:00+00:00,NVDA,24.56283323835121,24.879478312587725,23.00151913502133,23.54120826721192,761255000,-0.8613052368163991,-3.529575904851834,1.877959177566396,24.277105236053465,26.590549125671387
2022-02-22 05:00:00+00:00,NVDA,22.936795215643546,23.96140763299892,22.901944582346907,23.290281295776367,633422000,-0.250926971435554,-1.0659052355653453,1.0594630506520133,24.278001594543458,26.449154510498047
2022-02-23 05:00:00+00:00,NVDA,23.70052366890476,24.05201934271232,22.205923511795177,22.29155540466309,566511000,-0.9987258911132777,-4.288165859526972,1.8460958309171431,24.281138134002685,26.293600540161133
2022-02-24 05:00:00+00:00,NVDA,20.92540860239624,23.698535485921912,20.800941500265942,23.64675712585449,735801000,1.3552017211913991,6.079439934047448,2.89759398565597,24.329730415344237,26.205716972351073
2022-02-25 05:00:00+00:00,NVDA,23.6198702807105,24.113754059814244,23.28131966006848,24.05401039123535,528866000,0.4072532653808629,1.7222372742839553,0.8324343997457646,24.439908695220947,26.122473373413087
2022-02-28 05:00:00+00:00,NVDA,23.88971225617832,24.559843299003468,23.605927486955995,24.281036376953125,477319000,0.22702598571777344,0.943817608894415,0.9539158120474731,24.516829204559325,26.00151123046875
2022-03-01 05:00:00+00:00,NVDA,24.187439989958865,24.27307378481444,23.03338078607345,23.376909255981445,412056000,-0.9041271209716797,-3.7235936182273166,1.2396929987409884,24.466594409942626,25.903730087280273
2022-03-02 05:00:00+00:00,NVDA,23.65874842148552,24.309075054496567,23.31914479926627,24.120847702026367,389642000,0.7439384460449219,3.1823644344881608,0.9899302552302984,24.445988750457765,25.832497482299804
2022-03-03 05:00:00+00:00,NVDA,24.16267745835413,24.22641653963305,23.37292450253476,23.61692237854004,365095000,-0.5039253234863281,-2.08916921043365,0.8534920370982881,24.3701153755188,25.752819480895997
2022-03-04 05:00:00+00:00,NVDA,23.28827180611665,23.58305957593069,22.38996397084985,22.84210586547852,431415000,-0.7748165130615199,-3.280768343319662,1.193095605080842,24.319925594329835,25.63064075469971
2022-03-07 05:00:00+00:00,NVDA,22.723592102393823,22.93870935454276,21.242680010670902,21.264589309692383,450821000,-1.5775165557861364,-6.906178287923314,1.6960293438718566,24.172389030456543,25.470439414978028
2022-03-08 05:00:00+00:00,NVDA,21.221763621611903,22.28140691745084,20.56546109047921,21.42592430114746,557467000,0.16133499145507812,0.758702597569294,1.7159458269716303,24.0125563621521,25.308685264587403
2022-03-09 05:00:00+00:00,NVDA,22.29535428239108,23.124944442804253,22.15592800317561,22.919788360595703,492742000,1.4938640594482422,6.972226908167678,0.9690164396286427,23.908497905731203,25.150819625854492
2022-03-10 05:00:00+00:00,NVDA,22.43876567263354,22.694713569217846,21.792422296882368,22.56524658203125,428066000,-0.3545417785644531,-1.5468806822579118,0.9022912723354786,23.707202911376953,24.99827007293701
2022-03-11 05:00:00+00:00,NVDA,22.927753683517206,23.05025124979121,21.95574932378768,22.00952911376953,367209000,-0.5557174682617188,-2.4627139182438085,1.094501926003531,23.52198419570923,24.84099880218506
2022-03-14 04:00:00+00:00,NVDA,21.7794765189099,22.170867384126904,21.072383887534045,21.24268341064453,385354000,-0.766845703125,-3.4841531554859473,1.0984834965928592,23.391773414611816,24.676655197143553
2022-03-15 04:00:00+00:00,NVDA,21.429910411009644,22.94368837205773,21.2347136363386,22.87895393371582,491996000,1.636270523071289,7.702748713241037,1.7089747357191278,23.327544021606446,24.548522071838377
2022-03-16 04:00:00+00:00,NVDA,23.40379479526486,24.49630397600163,23.07713845567933,24.39571762084961,671422000,1.516763687133789,6.62951501859792,1.4191655203223021,23.22822771072388,24.43658473968506
2022-03-17 04:00:00+00:00,NVDA,24.02125840895199,24.74030090825493,23.80813378286248,24.664613723754883,471941000,0.26889610290527344,1.1022266574993722,0.93216712539245,23.14155969619751,24.34657455444336
2022-03-18 04:00:00+00:00,NVDA,24.69748098703601,26.46023565574153,24.52319813824052,26.344709396362305,730719000,1.6800956726074219,6.811765598377462,1.937037517501011,23.23866949081421,24.323742485046388
2022-03-21 04:00:00+00:00,NVDA,26.39848370359878,27.04084361202641,25.86069348271792,26.62455368041992,591727000,0.27984428405761363,1.0622409222561302,1.1801501293084904,23.39283676147461,24.295076217651367
2022-03-22 04:00:00+00:00,NVDA,26.617582876634945,27.126492498169284,25.965265566055866,26.415414810180664,547007000,-0.20913887023925426,-0.7855112718492596,1.1612269321134185,23.549093437194824,24.28076774597168
2022-03-23 04:00:00+00:00,NVDA,26.019044893201844,26.50305536828596,25.470301882639813,25.52906036376953,502120000,-0.8863544464111328,-3.3554439814040937,1.0327534856461469,23.710968685150146,24.24568531036377
2022-03-24 04:00:00+00:00,NVDA,26.05888233912861,28.20406365370885,25.800941854899072,28.03475952148437,877379000,2.50569915771484,9.815085718042681,2.403121798809778,23.93036880493164,24.252412414550783
2022-03-25 04:00:00+00:00,NVDA,27.771842231076484,28.241910117249173,27.159360096245305,27.5786361694336,579016000,-0.4561233520507706,-1.626992204806399,1.0825500210038683,24.106600093841553,24.246392555236817
2022-03-28 04:00:00+00:00,NVDA,27.64237355173041,28.13435070760613,27.094623991150144,28.103477478027344,425494000,0.5248413085937429,1.9030720205643892,1.0397267164559878,24.297722148895264,24.2792280960083
2022-03-29 04:00:00+00:00,NVDA,28.5775285613948,28.827500474518697,27.86545546506131,28.53868865966797,488984000,0.435211181640625,1.5486025954648985,0.9620450094573876,24.55581111907959,24.313459091186523
2022-03-30 04:00:00+00:00,NVDA,28.1881336104468,28.37934706350977,27.390412047597884,27.57664680480957,463487000,-0.9620418548583984,-3.3710093211745784,0.9889350159118848,24.72860107421875,24.349140701293944
2022-03-31 04:00:00+00:00,NVDA,27.6682632391677,28.132355093024984,27.1583601751684,27.174293518066406,523440000,-0.40235328674316406,-1.4590362983254002,0.973994917856583,24.90646963119507,24.393424110412596
2022-04-01 04:00:00+00:00,NVDA,27.262931780225625,27.38343671718981,26.159467926180007,26.60264587402344,517235000,-0.5716476440429652,-2.103633876122346,1.2239687910098027,25.094496631622313,24.444536247253417
2022-04-04 04:00:00+00:00,NVDA,26.61858079903168,27.44518284567249,26.504051817215565,27.24799346923828,397120000,0.6453475952148402,2.4258774795216986,0.9411310284569261,25.39366683959961,24.524009132385252
2022-04-05 04:00:00+00:00,NVDA,27.14243427886192,27.20716873041096,25.714304404931934,25.82485008239746,436615000,-1.4231433868408203,-5.22292912484541,1.492864325479026,25.61361312866211,24.575059051513673
2022-04-06 04:00:00+00:00,NVDA,24.83192419404275,25.196425073376112,23.904735802768805,24.30708122253418,703833000,-1.5177688598632812,-5.877164262408674,1.291689270607307,25.682977771759035,24.616624183654785
2022-04-07 04:00:00+00:00,NVDA,24.340946042246006,24.62079585137253,23.38188892172956,24.10890007019043,557992000,-0.19818115234375,-0.815322705878907,1.2389069296429724,25.760160446166992,24.645303955078123
2022-04-08 04:00:00+00:00,NVDA,23.819088417079787,23.82506437095828,22.96758907146771,23.024354934692383,524781000,-1.0845451354980469,-4.4985259897403544,0.8574752994905701,25.810901737213136,24.66878215789795
2022-04-11 04:00:00+00:00,NVDA,22.12306318891413,22.228628253478472,21.571330249174363,21.82727813720703,575207000,-1.1970767974853516,-5.199176267395156,0.6572980043041099,25.84013147354126,24.65047519683838
2022-04-12 04:00:00+00:00,NVDA,22.44474404870181,22.63197418552907,21.194880405154606,21.415971755981445,662258000,-0.41130638122558594,-1.88436862645035,1.4370937803744646,25.76698236465454,24.5911625289917
2022-04-13 04:00:00+00:00,NVDA,21.63905049183765,22.407889437860018,21.36716738576446,22.112104415893555,516943000,0.6961326599121094,3.250530341765523,1.040722052095557,25.652801704406738,24.5427453994751
2022-04-14 04:00:00+00:00,NVDA,22.41286958131203,22.68375734575969,21.07636432042871,21.170974731445312,569097000,-0.9411296844482422,-4.25617420552602,1.6073930253309818,25.47811975479126,24.463477096557618
2022-04-18 04:00:00+00:00,NVDA,21.11321686486749,21.9975803526132,20.99271189931129,21.693830490112305,525701000,0.5228557586669922,2.469682030702125,1.0048684533019099,25.24557580947876,24.42043567657471
2022-04-19 04:00:00+00:00,NVDA,21.631084290617952,22.28141098710985,21.22674619346301,22.107128143310547,512781000,0.4132976531982422,1.905139128779565,1.0546647936468396,25.01970453262329,24.378271827697755
2022-04-20 04:00:00+00:00,NVDA,22.42482103543778,22.57719456880331,21.11321307776146,21.394058227539062,468974000,-0.7130699157714844,-3.2255203441576508,1.4639814910418494,24.76863670349121,24.31370143890381
2022-04-21 04:00:00+00:00,NVDA,21.620132221860946,22.30033687259657,19.918128505755924,20.100379943847656,656209000,-1.2936782836914062,-6.046904565428102,2.382208366840647,24.497202682495118,24.215689888000487
2022-04-22 04:00:00+00:00,NVDA,20.219888301607384,20.40213974556209,19.420175917853527,19.43511390686035,624713000,-0.6652660369873047,-3.3097187159933705,0.9819638277085616,24.067220401763915,24.07256923675537
2022-04-25 04:00:00+00:00,NVDA,19.12338916520078,19.86334744984524,19.01782411842625,19.82052421569824,641566000,0.3854103088378871,1.9830617442475607,0.8455233314189883,23.679314804077148,23.954701652526854
2022-04-26 04:00:00+00:00,NVDA,19.637283370463635,19.706996516542763,18.593573098917023,18.711090087890625,653143000,-1.1094341278076136,-5.597400531560714,1.1134234176257394,23.209695434570314,23.851985473632812
2022-04-27 04:00:00+00:00,NVDA,18.52186823084701,19.08853925931246,18.215130373255832,18.339618682861328,499460000,-0.3714714050292969,-1.9853007135575917,0.8734088860566267,22.699741935729982,23.735507011413574
2022-04-28 04:00:00+00:00,NVDA,18.88935323961421,19.95497454179809,18.41430666409017,19.701017379760746,570327000,1.3613986968994176,7.423266101882842,1.5406678777079215,22.30596046447754,23.60188648223877
2022-04-29 04:00:00+00:00,NVDA,19.32257448999954,20.045602297833724,18.441197185099483,18.4710750579834,500435000,-1.2299423217773473,-6.243039626171242,1.6044051127342414,21.87079954147339,23.443348503112794
2022-05-02 04:00:00+00:00,NVDA,18.46509951842047,19.493869793767686,18.315713949725147,19.453039169311523,572049000,0.981964111328125,5.316226089957388,1.1781558440425393,21.513319206237792,23.34435901641846
2022-05-03 04:00:00+00:00,NVDA,19.320580585935083,19.74384187568424,19.0546734235437,19.521753311157227,475751000,0.06871414184570312,0.35323088206240527,0.6891684521405388,21.12700719833374,23.263969917297363
2022-05-04 04:00:00+00:00,NVDA,19.841436712225097,20.31648318728987,18.67423393178185,20.25075340270996,648855000,0.7290000915527344,3.734296197340492,1.6422492555080197,20.848302364349365,23.203179359436035
2022-05-05 04:00:00+00:00,NVDA,19.78566995025292,19.84343117519632,18.424265535645223,18.7668571472168,626331000,-1.4838962554931605,-7.327610118913331,1.419165639551096,20.571291160583495,23.13268539428711
2022-05-06 04:00:00+00:00,NVDA,18.65929807883805,19.43212034048371,17.916351786613728,18.598546981811523,633297000,-0.168310165405277,-0.8968479063114598,1.5157685538699823,20.29577350616455,23.03172119140625
2022-05-09 04:00:00+00:00,NVDA,17.96016935355247,18.18026335054328,16.758110071792043,16.88060760498047,644455000,-1.7179393768310547,-9.236954792818574,1.4221532787512388,19.988586139678954,22.888253135681154
2022-05-10 04:00:00+00:00,NVDA,17.616591005148855,18.12350823893866,16.955309464255052,17.52297592163086,761474000,0.6423683166503906,3.8053625300837224,1.1681987746836064,19.773371028900147,22.753091926574708
2022-05-11 04:00:00+00:00,NVDA,17.27598988657447,17.68032805554246,16.50017940475814,16.56192398071289,670167000,-0.9610519409179688,-5.484524690418702,1.1801486507843215,19.530668640136717,22.616792221069336
2022-05-12 04:00:00+00:00,NVDA,16.152604222388675,16.719275153017346,15.503273835867764,16.108783721923828,708728000,-0.4531402587890625,-2.7360363404442922,1.2160013171495816,19.230502605438232,22.456550941467285
2022-05-13 04:00:00+00:00,NVDA,16.719276866807252,17.854609562915,16.52507542137206,17.63351821899414,670437000,1.5247344970703125,9.46523662736356,1.3295341415429434,19.053629779815672,22.33688285827637
2022-05-16 04:00:00+00:00,NVDA,17.437322904145635,17.715180072849822,17.035972816221634,17.19332504272461,521446000,-0.44019317626953125,-2.4963434454921885,0.6792072566281888,18.82860450744629,22.22390724182129
2022-05-17 04:00:00+00:00,NVDA,18.000007771051944,18.29579278898957,17.561810417904773,18.10258674621582,585830000,0.9092617034912109,5.288457591720852,0.7339823710847959,18.628377437591553,22.16066719055176
2022-05-18 04:00:00+00:00,NVDA,17.63252027278685,18.043829664901946,16.794963502496497,16.86865997314453,545161000,-1.233926773071289,-6.816300843464984,1.2488661624054487,18.402107524871827,22.0695219039917
2022-05-19 04:00:00+00:00,NVDA,16.867665016255632,17.614594729725628,16.665495022322716,17.05389976501465,621310000,0.1852397918701172,1.0981298583587762,0.9490997074029117,18.249783515930176,21.952204132080077
2022-05-20 04:00:00+00:00,NVDA,17.26104864553038,17.33872845520384,15.69050380184821,16.625659942626953,739105000,-0.4282398223876953,-2.511096161513804,1.6482246533556282,18.109310817718505,21.83341239929199
2022-05-23 04:00:00+00:00,NVDA,16.20738076943158,16.845757510491026,16.112770346149613,16.828826904296875,639889000,0.20316696166992188,1.2220084037026124,0.732987164341413,17.95972595214844,21.729798355102538
2022-05-24 04:00:00+00:00,NVDA,16.44241318228326,16.529056923699873,15.715401091996483,16.08786964416504,588550000,-0.7409572601318359,-4.402904993589596,0.8136558317033895,17.82856492996216,21.62670207977295
2022-05-25 04:00:00+00:00,NVDA,15.95441590101984,17.04094904216001,15.93449732347587,16.905506134033203,781132000,0.8176364898681641,5.082316726532632,1.1064517186841378,17.756859302520752,21.507233123779297
2022-05-26 04:00:00+00:00,NVDA,15.970354791394591,18.01793816563396,15.956412162178278,17.777925491333008,996575000,0.8724193572998047,5.160563371382887,2.0615260034556826,17.660704708099367,21.374877281188965
2022-05-27 04:00:00+00:00,NVDA,18.111553959995263,18.80370857918977,18.02590557198039,18.73399543762207,738379000,0.9560699462890625,5.3778487639357,0.777803007209382,17.673850727081298,21.256264915466307
2022-05-31 04:00:00+00:00,NVDA,18.902295884702053,19.12139642574644,18.274875925211305,18.595558166503903,664100000,-0.13843727111816762,-0.7389628740922749,0.8465205005351351,17.630976676940918,21.101281890869142
2022-06-01 04:00:00+00:00,NVDA,18.647344266393155,18.974995901316028,18.047807688518343,18.244997024536133,544514000,-0.3505611419677699,-1.885187520744791,0.9271882127976845,17.567138862609863,20.933690757751464
2022-06-02 04:00:00+00:00,NVDA,18.21711584912824,19.53868302922962,18.12350080401456,19.51179313659668,648656000,1.2667961120605469,6.943251952066309,1.4151822252150588,17.530190849304198,20.795618324279786
2022-06-03 04:00:00+00:00,NVDA,19.003885365597327,19.252861948714585,18.446176451745465,18.64336585998535,598779000,-0.8684272766113281,-4.450781486517963,0.80668549696912,17.524016284942626,20.657904434204102
2022-06-06 04:00:00+00:00,NVDA,19.06065056239769,19.25783996366541,18.488003681659272,18.709095001220703,422406000,0.06572914123535156,0.3525604857459008,0.7698362820061391,17.529543685913087,20.47139114379883
2022-06-07 04:00:00+00:00,NVDA,18.396382141540013,18.92222057056187,18.11354434422296,18.84852409362793,388914000,0.13942909240722656,0.7452476584149492,0.8086762263389105,17.62793951034546,20.296788902282714
2022-06-08 04:00:00+00:00,NVDA,18.72599902469666,19.10552003243697,18.46302425711577,18.575586318969727,363252000,-0.2729377746582031,-1.4480591334494752,0.6424957753212013,17.6805700302124,20.106231079101562
2022-06-09 04:00:00+00:00,NVDA,18.40923586335072,18.859480331996103,17.970943930182248,17.977916717529297,395574000,-0.5976696014404297,-3.21750060093704,0.8885364018138553,17.751369667053222,19.89501564025879
2022-06-10 04:00:00+00:00,NVDA,17.531651364648273,17.628274789966802,16.80348928209256,16.908082962036133,465248000,-1.069833755493164,-5.950821623564573,0.8247855078742425,17.791334629058838,19.681644363403322
2022-06-13 04:00:00+00:00,NVDA,15.937870682447912,16.24865943434733,15.545400563694251,15.586241722106934,604153000,-1.3218412399291992,-7.8178066839223685,0.7032588706530802,17.688970804214478,19.44988332748413
2022-06-14 04:00:00+00:00,NVDA,15.669912860368118,16.003612016416973,15.35215136745031,15.774505615234377,469680000,0.18826389312744318,1.2078851110105537,0.6514606489666637,17.618029832839966,19.23332052230835
2022-06-15 04:00:00+00:00,NVDA,16.03250398716086,16.80250321727654,15.864160524611272,16.462827682495117,563936000,0.6883220672607404,4.363509602456173,0.9383426926652696,17.53604187965393,19.017617206573487
2022-06-16 04:00:00+00:00,NVDA,15.79841368067241,15.880095995991596,15.341196388689442,15.540419578552246,545749000,-0.9224081039428711,-5.60297490645344,0.5388996073021541,17.469629859924318,18.811928596496582
2022-06-17 04:00:00+00:00,NVDA,15.58723513693202,15.932887781168011,15.26847807134145,15.818334579467772,630334000,0.27791500091552557,1.7883365343564162,0.6644097098265611,17.40785160064697,18.642153663635256
2022-06-21 04:00:00+00:00,NVDA,16.41102650097026,16.94195585735891,16.343289760595702,16.501672744750977,483089000,0.6833381652832049,4.3199121996710055,0.5986660967632069,17.401652240753172,18.490009117126466
2022-06-22 04:00:00+00:00,NVDA,16.16299022237989,16.59729794626429,16.117169323053933,16.296470642089844,437135000,-0.2052021026611328,-1.2435230405742126,0.48012862321035854,17.375034427642824,18.355451431274414
2022-06-23 04:00:00+00:00,NVDA,16.454851986991518,16.5205956784527,15.79143880496092,16.16199493408203,463680000,-0.1344757080078125,-0.8251830163795937,0.7291568734917799,17.37874069213867,18.242145767211912
2022-06-24 04:00:00+00:00,NVDA,16.43592735057394,17.073441500432935,16.24666462485629,17.05949592590332,472153000,0.8975009918212891,5.553157240067308,0.8267768755766447,17.386440181732176,18.155016250610352
2022-06-27 04:00:00+00:00,NVDA,17.244772067670773,17.262701818144645,16.561435211155498,16.803491592407227,427968000,-0.25600433349609375,-1.5006559080527948,0.7012666069891473,17.33771848678589,18.048843994140626
2022-06-28 04:00:00+00:00,NVDA,16.834373533612357,17.135200852696613,15.883082065971651,15.919939041137695,461149000,-0.8835525512695312,-5.258148560438302,1.252118786724962,17.19701566696167,17.943823280334474
2022-06-29 04:00:00+00:00,NVDA,15.75259060872574,15.758566876112974,15.111091360585093,15.481646537780762,482352000,-0.4382925033569336,-2.7531041558913616,0.6474755155278817,17.041320085525513,17.819579601287842
2022-06-30 04:00:00+00:00,NVDA,15.301352039966416,15.506552451888224,14.804290100614663,15.100136756896973,686070000,-0.38150978088378906,-2.4642713548120865,0.7022623512735606,16.884077072143555,17.67943977355957
2022-07-01 04:00:00+00:00,NVDA,14.84114455708728,15.004507273555731,14.336113363533372,14.466604232788086,577610000,-0.6335325241088867,-4.195541631896294,0.6683939100223597,16.631817626953126,17.54089069366455
2022-07-05 04:00:00+00:00,NVDA,14.11995661407491,14.912865159719471,14.000422705433715,14.905892372131348,651397000,0.4392881393432617,3.0365670635243536,0.9124424542857561,16.444943952560426,17.437000942230224
2022-07-06 04:00:00+00:00,NVDA,14.951712254279894,15.259512337175808,14.731569789510388,15.071246147155762,529066000,0.16535377502441406,1.109318187038344,0.52794254766542,16.263051509857178,17.349723587036134
2022-07-07 04:00:00+00:00,NVDA,15.395981666093258,15.883082152996206,15.329241452564782,15.796420097351074,492903000,0.7251739501953125,4.811638952178932,0.5538407004314241,16.110446310043336,17.26924150466919
2022-07-08 04:00:00+00:00,NVDA,15.370084060896655,15.974727368388931,15.329242903234574,15.77649974822998,467972000,-0.01992034912109375,-0.12610673176788323,0.6454844651543574,15.970491981506347,17.210549697875976
2022-07-11 04:00:00+00:00,NVDA,15.465706894213897,15.466703413636305,14.979602060044336,15.093159675598145,437321000,-0.6833400726318359,-4.331379479206099,0.48710135359196904,15.82625412940979,17.145620517730713
2022-07-12 04:00:00+00:00,NVDA,15.20871225038852,15.371079409038126,14.819230753552452,15.02343463897705,458483000,-0.06972503662109375,-0.461964480067234,0.5518486554856743,15.732021713256836,17.05206886291504
2022-07-13 04:00:00+00:00,NVDA,14.533344477991491,15.315296025509973,14.408829876158077,15.105114936828612,521918000,0.08168029785156072,0.5436859134704708,0.9064661493518962,15.70796537399292,16.984749660491943
2022-07-14 04:00:00+00:00,NVDA,15.04933164322953,15.412914028547368,14.670807164690196,15.31230640411377,456235000,0.20719146728515803,1.3716642882338759,0.7421068638571722,15.684855413436889,16.901935005187987
2022-07-15 04:00:00+00:00,NVDA,15.598195441188166,15.720717018310008,15.385025718454648,15.70079517364502,385935000,0.38848876953125,2.537101591873059,0.3356912998553607,15.646753787994385,16.825515842437746
2022-07-18 04:00:00+00:00,NVDA,16.23869470882499,16.83138346936928,15.939860454756344,16.038475036621094,670517000,0.3376798629760742,2.1507182231311095,0.8915230146129343,15.671656560897826,16.741270275115966
2022-07-19 04:00:00+00:00,NVDA,16.42198027766924,17.043557657032984,16.109200448917402,16.926015853881836,702366000,0.8875408172607422,5.533822980265857,0.934357208115582,15.72704062461853,16.704453449249268
2022-07-20 04:00:00+00:00,NVDA,16.881191075573774,17.863362252554914,16.73575812116985,17.737850189208984,760538000,0.8118343353271484,4.796369933335254,1.1276041313850627,15.788849496841431,16.687239513397216
2022-07-21 04:00:00+00:00,NVDA,17.815549700814543,18.073542834559365,17.476869827222348,17.979907989501953,557049000,0.24205780029296875,1.3646400082927057,0.5966730073370172,15.873021364212036,16.709225521087646
2022-07-22 04:00:00+00:00,NVDA,17.823519553288822,17.897231611980214,17.07045465118201,17.25174903869629,536671000,-0.7281589508056641,-4.049848037213644,0.8267769607982025,15.927509069442749,16.703800983428955
2022-07-25 04:00:00+00:00,NVDA,16.952913630167462,17.05750735482923,16.584351419267783,16.957895278930664,480748000,-0.293853759765625,-1.703327350209538,0.4731559355614472,15.922429037094116,16.711720409393312
2022-07-26 04:00:00+00:00,NVDA,16.823414211540268,16.85329839532214,16.414010963419933,16.46879768371582,397865000,-0.48909759521484375,-2.8841880856672275,0.4392874319022049,15.905694341659546,16.71892068862915
2022-07-27 04:00:00+00:00,NVDA,16.965862630194085,17.86635353894504,16.84732523587989,17.72092056274414,569776000,1.2521228790283203,7.6030011605911385,1.0190283030651521,15.995743417739869,16.72066873550415
2022-07-28 04:00:00+00:00,NVDA,17.90520156953599,18.069559869258693,17.372279182649145,17.914165496826172,474646000,0.19324493408203125,1.0904903805522448,0.6972806866095489,16.117369365692138,16.73508554458618
2022-07-29 04:00:00+00:00,NVDA,17.743823285267034,18.17314926190656,17.623292897636773,18.092464447021484,435460000,0.1782989501953125,0.9952958748031149,0.549856364269786,16.266985750198366,16.734883098602296
2022-08-01 04:00:00+00:00,NVDA,18.111395452950937,18.77281848869698,17.920141583548578,18.3693904876709,476469000,0.27692604064941406,1.5306153645364917,0.8526769051484031,16.462125062942505,16.76489770889282
2022-08-02 04:00:00+00:00,NVDA,18.05163093309131,18.864462341148062,18.02174674090413,18.45406150817871,489527000,0.0846710205078125,0.460935383591754,0.8427156002439311,16.639533519744873,16.792900943756102
2022-08-03 04:00:00+00:00,NVDA,18.113388905855142,18.89434491533446,18.06657053209872,18.81963539123535,418146000,0.3655738830566406,1.9809941724461044,0.8277743832357416,16.826952981948853,16.83678045272827
2022-08-04 04:00:00+00:00,NVDA,18.77580669644715,19.199155581116848,18.68715160109545,19.140384674072266,409652000,0.32074928283691406,1.7043331401961792,0.5120039800213974,16.994151210784914,16.88301160812378
2022-08-05 04:00:00+00:00,NVDA,18.73695646403008,19.154330026144063,18.59351654169447,18.91526222229004,386068000,-0.22512245178222656,-1.176164719861561,0.5608134844495929,17.151089334487914,16.93955945968628
2022-08-08 04:00:00+00:00,NVDA,17.43403710855411,18.16817470669045,17.175046511530418,17.723905563354492,981859000,-1.1913566589355469,-6.298388279976541,0.9931281951600326,17.282626628875732,16.955927448272703
2022-08-09 04:00:00+00:00,NVDA,17.185003308258562,17.3792457290548,16.659053898124192,17.0196475982666,668263000,-0.7042579650878906,-3.9734919742745456,0.7201918309306095,17.38243727684021,16.940761890411377
2022-08-10 04:00:00+00:00,NVDA,17.629273135163704,18.04764222098849,17.24975215946494,18.026723861694336,597422000,1.0070762634277344,5.917139339185273,0.7978900615235496,17.528517723083496,16.926616458892823
2022-08-11 04:00:00+00:00,NVDA,18.06059303930121,18.634356491462075,17.80658220790549,17.872325897216797,509327000,-0.15439796447753906,-0.8564948665221728,0.827774283556586,17.656518697738647,16.91215181350708
2022-08-12 04:00:00+00:00,NVDA,18.089477114781875,18.64531073415037,17.883280251161185,18.63634490966797,478094000,0.7640190124511719,4.274871758969834,0.7620304829891857,17.803296184539796,16.919978771209717
2022-08-15 04:00:00+00:00,NVDA,18.62838336929725,19.0895848654129,18.54072573092658,18.958097457885746,457666000,0.321752548217777,1.7264788228450456,0.5488591344863174,17.949277305603026,16.9089048576355
2022-08-16 04:00:00+00:00,NVDA,18.846530011794016,19.067668063926604,18.42915644764587,18.805688858032227,451240000,-0.15240859985351918,-0.803923495973613,0.6385116162807343,18.043260955810545,16.912151317596436
2022-08-17 04:00:00+00:00,NVDA,18.45106738856936,18.615425629733355,18.074535077980343,18.263795852661133,446799000,-0.5418930053710938,-2.881537653110977,0.5408905517530123,18.069558238983156,16.903245334625243
2022-08-18 04:00:00+00:00,NVDA,18.229934589865376,18.79174365785905,18.11239277422747,18.700101852416992,415447000,0.4363059997558594,2.388911939640881,0.6793508836315816,18.105567932128906,16.900276889801024
2022-08-19 04:00:00+00:00,NVDA,18.33452802598433,18.448085673185464,17.700997988903634,17.779691696166992,441588000,-0.92041015625,-4.921952637017524,0.7470876842818299,18.13196506500244,16.88435899734497
2022-08-22 04:00:00+00:00,NVDA,17.42208217251165,17.489818903609883,16.900116815044345,16.967853546142578,409593000,-0.8118381500244141,-4.566098017320696,0.589702088565538,18.132462978363037,16.864157733917235
2022-08-23 04:00:00+00:00,NVDA,16.92303062961487,17.397182115122416,16.904103405013966,17.11428451538086,369986000,0.14643096923828125,0.8629905299457841,0.49307871010844906,18.16473731994629,16.868281764984133
2022-08-24 04:00:00+00:00,NVDA,16.945935367801415,17.33840632607673,16.8293910435938,17.155120849609375,522661000,0.040836334228515625,0.23860964910227267,0.5090152824829275,18.13644733428955,16.89965934753418
2022-08-25 04:00:00+00:00,NVDA,16.778590073936765,17.877307466202186,16.76763310909007,17.84343910217285,770691000,0.6883182525634766,4.01231946191245,1.109674357112116,18.132911014556885,16.94103801727295
2022-08-26 04:00:00+00:00,NVDA,17.78765172333182,17.85439096282188,16.173942245062563,16.196853637695312,769127000,-1.646585464477539,-9.227960232604648,1.6804487177593188,18.038130474090575,16.935718536376953
2022-08-29 04:00:00+00:00,NVDA,15.957789648026925,16.27455364227297,15.70577186993532,15.739639282226562,496132000,-0.45721435546875,-2.822859091624219,0.5687817723376494,17.90664291381836,16.93970293045044
2022-08-30 04:00:00+00:00,NVDA,15.898024237946384,15.976716986717124,15.123045485635457,15.40793514251709,530181000,-0.33170413970947266,-2.1074443560090805,0.8536715010816671,17.75433659553528,16.931494941711424
2022-08-31 04:00:00+00:00,NVDA,15.324261848963651,15.479656218449705,14.900911986576215,15.035387992858888,573710000,-0.37254714965820135,-2.4178914709355404,0.5787442318734897,17.565124225616454,16.902169246673584
2022-09-01 04:00:00+00:00,NVDA,14.153823343963364,14.32415979672276,13.218470483091595,13.882880210876465,1178865000,-1.1525077819824237,-7.665301238184286,1.1056893136311654,17.302249002456666,16.853897438049316
2022-09-02 04:00:00+00:00,NVDA,14.045246540395883,14.115969978398423,13.53822233999636,13.594005584716797,743157000,-0.28887462615966797,-2.0807975129926604,0.5777476384020641,17.036186170578002,16.80253765106201
2022-09-06 04:00:00+00:00,NVDA,13.677680890653752,13.725494835509304,13.299156360470214,13.412714004516602,535751000,-0.1812915802001953,-1.33361413654276,0.42633847503909017,16.82062659263611,16.729602012634277
2022-09-07 04:00:00+00:00,NVDA,13.514346107743526,13.788360189278626,13.298124529340985,13.664804458618164,512657000,0.2520904541015625,1.8794887747302536,0.49023565993764073,16.652884435653686,16.666828269958497
2022-09-08 04:00:00+00:00,NVDA,13.410719244419385,13.957750598170398,13.321042892410093,13.939814567565918,624873000,0.2750101089477539,2.0125433172540452,0.6367077057603048,16.448538970947265,16.62722578048706
2022-09-09 04:00:00+00:00,NVDA,14.106215606366773,14.422078851833046,14.075327622967665,14.3353910446167,486612000,0.39557647705078125,2.8377456180168847,0.3467512288653811,16.27169222831726,16.60430067062378
2022-09-12 04:00:00+00:00,NVDA,14.317455823482035,14.49481679850031,14.14706875733756,14.452967643737791,484159000,0.11757659912109197,0.82018410767557,0.34774804116274893,16.062523365020752,16.591357288360594
2022-09-13 04:00:00+00:00,NVDA,13.75248712779497,13.872056529042233,13.052008982375256,13.08389377593994,714956000,-1.3690738677978516,-9.472614216991248,0.8200475466669772,15.768813180923463,16.563703079223632
2022-09-14 04:00:00+00:00,NVDA,13.206453364571685,13.242324471898772,12.866677036184084,13.08090591430664,588507000,-0.002987861633299005,-0.022836180761365288,0.37564743571468817,15.482574033737183,16.52720335006714
2022-09-15 04:00:00+00:00,NVDA,12.968313711994472,13.185531175680374,12.74412043844494,12.88262176513672,523625000,-0.1982841491699201,-1.5158288765998673,0.4414107372354348,15.213515329360963,16.483430862426758
2022-09-16 04:00:00+00:00,NVDA,12.6962911946005,13.16460546448062,12.571739597842733,13.15065574645996,670751000,0.26803398132323863,2.080585661907719,0.5928658666378865,14.93604302406311,16.430515575408936
2022-09-19 04:00:00+00:00,NVDA,12.965323203760738,13.414705581325622,12.96333052263512,13.333995819091797,569685000,0.1833400726318377,1.3941515629833923,0.4513750586905019,14.71375823020935,16.381665496826173
2022-09-20 04:00:00+00:00,NVDA,13.167594240345288,13.43463249948038,13.010161038264972,13.12873363494873,524818000,-0.2052621841430664,-1.539389894281873,0.4244714612154077,14.521802234649659,16.342376976013185
2022-09-21 04:00:00+00:00,NVDA,13.16560415413887,13.980669759694642,13.06297298523187,13.213431358337402,807679000,0.08469772338867188,0.6451324685513127,0.9176967744627724,14.326759576797485,16.306176910400392
2022-09-22 04:00:00+00:00,NVDA,13.0231145909362,13.101831671038129,12.383418345633109,12.51594066619873,759162000,-0.6974906921386719,-5.278649226104082,0.7184133254050202,14.094800567626953,16.254393424987793
2022-09-23 04:00:00+00:00,NVDA,12.375447364597502,12.565762199000392,12.213031967666868,12.471102714538574,663309000,-0.04483795166015625,-0.35824675792246463,0.3527302313335241,13.826183748245239,16.19756935119629
2022-09-26 04:00:00+00:00,NVDA,12.446193464778984,12.61359104915648,12.170186671175692,12.184136390686035,547343000,-0.28696632385253906,-2.301050118992276,0.44340437798078725,13.625547885894775,16.12723617553711
2022-09-27 04:00:00+00:00,NVDA,12.462136686751895,12.690315342638389,12.214030266074731,12.368474006652832,553854000,0.18433761596679688,1.5129313236160957,0.4762850765636575,13.456989622116089,16.053836154937745
2022-09-28 04:00:00+00:00,NVDA,12.365482557221195,12.77700114543241,12.309683684312091,12.690313339233398,542414000,0.3218393325805664,2.602094101563801,0.46731746112031836,13.321108531951904,15.969122104644775
2022-09-29 04:00:00+00:00,NVDA,12.403347404233896,12.455160919270222,11.903148286154517,12.176165580749512,532763000,-0.5141477584838867,-4.051497742725918,0.5520126331157051,13.178147411346435,15.857888412475585
2022-09-30 04:00:00+00:00,NVDA,12.043639758211013,12.587681551450936,12.031682722625826,12.095453262329102,565638000,-0.08071231842041016,-0.662871393175013,0.5559988288251105,13.088776063919067,15.74019931793213
2022-10-03 04:00:00+00:00,NVDA,12.302708290891008,12.632521236553906,12.061575828714862,12.467116355895996,547478000,0.37166309356689453,3.0727504418906593,0.5709454078390443,13.032431602478027,15.644506664276124
2022-10-04 04:00:00+00:00,NVDA,12.832802061086015,13.172579431107971,12.832802061086015,13.119769096374512,584182000,0.6526527404785156,5.23499357708217,0.33977737002195596,13.017784357070923,15.567744140625
2022-10-05 04:00:00+00:00,NVDA,12.864686858561551,13.273215984590474,12.575727163303045,13.161617279052734,507131000,0.041848182678222656,0.31897042067445813,0.6974888212874291,12.992624998092651,15.501600532531738
2022-10-06 04:00:00+00:00,NVDA,13.172576390235374,13.607012205791838,13.05599552454441,13.08289909362793,644157000,-0.07871818542480469,-0.5980890019502971,0.5510166812474271,12.949779224395751,15.408840103149414
2022-10-07 04:00:00+00:00,NVDA,12.460140492344353,12.624548544092065,11.978873372705872,12.032679557800291,672478000,-1.0502195358276385,-8.027422120370487,0.645675171386193,12.834643650054932,15.291210384368897
2022-10-10 04:00:00+00:00,NVDA,11.99381973422816,12.08050753530761,11.367076415950969,11.62813663482666,698699000,-0.40454292297363104,-3.36203520612649,0.7134311193566418,12.693402099609376,15.161923828125
2022-10-11 04:00:00+00:00,NVDA,11.519526522035385,11.803503975358764,11.242523926856697,11.544437408447266,667482000,-0.08369922637939453,-0.7197991304016216,0.5609800485020671,12.61642928123474,15.025424766540528
2022-10-12 04:00:00+00:00,NVDA,11.537465911080686,11.692905516404728,11.304305077714478,11.458748817443848,492590000,-0.08568859100341797,-0.7422500375870889,0.3886004386902506,12.5353214263916,14.885518512725831
2022-10-13 04:00:00+00:00,NVDA,10.931644516028966,12.034673832144149,10.774211301684586,11.917097091674805,850103000,0.45834827423095703,3.999985352093649,1.260462530459563,12.487045192718506,14.74746774673462
2022-10-14 04:00:00+00:00,NVDA,12.013749105457425,12.067555297007958,11.163809311742796,11.186726570129396,713432000,-0.7303705215454084,-6.128762029266676,0.9037459852651626,12.388848733901977,14.588394584655761
2022-10-17 04:00:00+00:00,NVDA,11.476683331813856,11.905141179135784,11.475687466268546,11.845355987548828,580774000,0.6586294174194318,5.887597352902962,0.42945371286723777,12.314416742324829,14.446996459960937
2022-10-18 04:00:00+00:00,NVDA,12.29972073933894,12.4471896133386,11.57632513891476,11.924073219299316,659362000,0.07871723175048828,0.6645408701370537,0.8708644744238399,12.254183721542358,14.330999813079835
2022-10-19 04:00:00+00:00,NVDA,11.836389481808228,12.30570066362384,11.79155082175892,12.007772445678713,523131000,0.08369922637939631,0.7019348576619677,0.5141498418649206,12.193900775909423,14.230762310028076
2022-10-20 04:00:00+00:00,NVDA,12.069547352328092,12.723194242073289,12.061575677964084,12.150257110595703,652398000,0.1424846649169904,1.1866036399471147,0.6616185641092045,12.175616598129272,14.113232975006104
2022-10-21 04:00:00+00:00,NVDA,12.054602792053805,12.453168520670618,11.844360180299446,12.421282768249512,609494000,0.2710256576538086,2.2306166461075083,0.608808340371171,12.173125600814819,14.004212112426758
2022-10-24 04:00:00+00:00,NVDA,12.46313217810174,12.664407237339118,12.020724633774568,12.553805351257324,517457000,0.1325225830078125,1.066899333026683,0.6436826035645495,12.191609048843384,13.882561321258544
2022-10-25 04:00:00+00:00,NVDA,12.648465797577565,13.252291971392951,12.6185727259184,13.213431358337402,505482000,0.6596260070800781,5.254390908761497,0.6337192454745519,12.233856916427612,13.767667999267578
2022-10-26 04:00:00+00:00,NVDA,12.822835502603272,13.33997279819463,12.662412806623726,12.849738121032717,532953000,-0.3636932373046857,-2.75245110404424,0.6775599915709041,12.241828155517577,13.648548984527588
2022-10-27 04:00:00+00:00,NVDA,13.581105480931186,13.78835950903757,13.074927446921608,13.12873363494873,583113000,0.27899551391601385,2.1712155632132912,0.7134320621159613,12.289456558227538,13.54584774017334
2022-10-28 04:00:00+00:00,NVDA,13.05699335304701,13.800317586774415,13.014147382415905,13.784374237060549,521040000,0.6556406021118182,4.9939363562567785,0.7861702043585108,12.373902606964112,13.447533187866211
2022-10-31 04:00:00+00:00,NVDA,13.728575742782882,13.788360930226968,13.24930122851385,13.448583602905272,486341000,-0.335790634155277,-2.436023778667251,0.5390597017131178,12.422975969314574,13.360911026000977
2022-11-01 04:00:00+00:00,NVDA,13.761457385078938,13.875048766316969,13.470505022876246,13.49441909790039,432817000,0.045835494995118964,0.3408202406178784,0.40454374344072264,12.44170846939087,13.291442337036132
2022-11-02 04:00:00+00:00,NVDA,13.800319289979248,14.15902759825308,13.16361149639749,13.171582221984863,672628000,-0.32283687591552734,-2.3923732735242953,0.9954161018555912,12.442206716537475,13.212588291168213
2022-11-03 04:00:00+00:00,NVDA,12.996210927988326,13.731563409125444,12.909523130440984,13.372854232788086,500065000,0.20127201080322266,1.5280777010014512,0.8220402786844598,12.456704473495483,13.136942958831787
2022-11-04 04:00:00+00:00,NVDA,13.93582958769378,14.177957930344933,13.647865776966071,14.105219841003418,612576000,0.732365608215332,5.476509318554368,0.5300921533788614,12.56033148765564,13.0621785736084
2022-11-07 05:00:00+00:00,NVDA,14.1769615012651,14.360301478064772,13.903945167549931,14.249699592590332,410061000,0.14447975158691406,1.0242998919230972,0.45635631051484005,12.691409635543824,13.023235492706299
2022-11-08 05:00:00+00:00,NVDA,14.747904258620336,14.837581555139764,14.16500278149727,14.5496187210083,595292000,0.29991912841796875,2.104740008511641,0.6725787736424937,12.841668701171875,12.999435081481934
2022-11-09 05:00:00+00:00,NVDA,14.111199503066567,14.160024473634923,13.70964521718475,13.726584434509276,454414000,-0.8230342864990252,-5.656741267801335,0.45037925645017296,12.955060482025146,12.965808067321777
2022-11-10 05:00:00+00:00,NVDA,14.746909510215898,15.7164187310241,14.49481681539553,15.693501472473145,700819000,1.966917037963869,14.329253190028446,1.22160191562857,13.143880701065063,12.978970336914063
2022-11-11 05:00:00+00:00,NVDA,15.750292878376628,16.33020474511368,15.42645899911689,16.2684268951416,655487000,0.574925422668457,3.663461743556029,0.9037457459967886,13.397965717315675,13.026681270599365
2022-11-14 05:00:00+00:00,NVDA,16.15982401511625,16.480669454615672,15.86488533252821,16.236547470092773,527852000,-0.031879425048828125,-0.19595886716218258,0.6157841220874616,13.61752529144287,13.079532108306886
2022-11-15 05:00:00+00:00,NVDA,16.662013391587355,16.937022370999905,16.32323291950231,16.60621452331543,545876000,0.36966705322265625,2.276758984036298,0.6137894514975955,13.851632356643677,13.143402118682861
2022-11-16 05:00:00+00:00,NVDA,16.104025972359103,16.303307412411236,15.816062134408572,15.85292911529541,649547000,-0.7532854080200195,-4.536165704486073,0.48724527800266415,14.043890190124511,13.187164611816407
2022-11-17 05:00:00+00:00,NVDA,15.658627572163232,16.20765162732223,15.47927296101109,15.620763778686523,710894000,-0.23216533660888672,-1.4644948887387987,0.7283786663111425,14.217415523529052,13.22078359603882
2022-11-18 05:00:00+00:00,NVDA,15.908725591523805,15.94459765168975,15.065760685221573,15.353724479675291,492072000,-0.26703929901123225,-1.709514994238559,0.8788369664681763,14.364037609100341,13.241150264739991
2022-11-21 05:00:00+00:00,NVDA,15.092665143329404,15.421481294578124,15.025905097362354,15.262055397033691,404739000,-0.09166908264159979,-0.5970478548247282,0.3955761972157692,14.49945011138916,13.257332019805908
2022-11-22 05:00:00+00:00,NVDA,15.273015617031902,16.000397462317586,15.067754251325974,15.98046875,472866000,0.7184133529663086,4.707186117971629,0.9326432109916123,14.63780198097229,13.31526351928711
2022-11-23 05:00:00+00:00,NVDA,16.040254147784076,16.46771612556409,15.99043426388969,16.45974349975586,427241000,0.4792747497558594,2.9991282311782053,0.477281861674399,14.818302249908447,13.382840270996093
2022-11-25 05:00:00+00:00,NVDA,16.259465648152826,16.427858142364496,16.11398946353445,16.211637496948242,167934000,-0.2481060028076172,-1.5073503594469573,0.31386867883004754,14.972447443008424,13.449420585632325
2022-11-28 05:00:00+00:00,NVDA,15.96851205076672,16.298325994560756,15.66859307836764,15.77022647857666,303741000,-0.44141101837158203,-2.722803408691288,0.6297329161931149,15.071740055084229,13.501812000274658
2022-11-29 05:00:00+00:00,NVDA,15.770226349121932,15.874850195864996,15.464328384954916,15.582901000976562,298384000,-0.18732547760009766,-1.1878426594226332,0.41052181091007967,15.178455924987793,13.546790103912354
2022-11-30 05:00:00+00:00,NVDA,15.644695832221814,16.873588125710516,15.545029610898084,16.86661148071289,565298000,1.2837104797363281,8.23794285579995,1.328558514812432,15.347065544128418,13.621547660827638
2022-12-01 05:00:00+00:00,NVDA,16.942355347832123,17.20746780911725,16.57956797350174,17.07790184020996,470977000,0.2112903594970703,1.2527137400341726,0.6278998356155121,15.542381525039673,13.698837070465087
2022-12-02 05:00:00+00:00,NVDA,16.60348724039677,16.876574351409886,16.390199657775565,16.81976318359375,371389000,-0.25813865661621094,-1.5115361303249975,0.4863746936343212,15.714726972579957,13.784913520812989
2022-12-05 05:00:00+00:00,NVDA,16.62342349091921,16.9383705081479,16.41711252133541,16.55465316772461,352255000,-0.2651100158691406,-1.5761816202485734,0.5212579868124898,15.837198638916016,13.86658452987671
2022-12-06 05:00:00+00:00,NVDA,16.474917069486207,16.517773048794822,15.766285923687205,15.93372631072998,352694000,-0.6209268569946289,-3.7507693498840866,0.7514871251076176,15.921399974822998,13.941576328277588
2022-12-07 05:00:00+00:00,NVDA,15.719439562652788,16.132060402442626,15.614788984616984,16.066280364990234,372388000,0.1325540542602539,0.8319086927644159,0.5172714178256417,15.997233057022095,14.015532455444337
2022-12-08 05:00:00+00:00,NVDA,16.218777273371813,17.121758517727503,15.905822476444316,17.111791610717773,515456000,1.045511245727539,6.507487868852313,1.2159360412831877,16.16649341583252,14.103962020874024
2022-12-09 05:00:00+00:00,NVDA,17.1028160194911,17.524406752700667,16.91843304409184,16.944345474243164,465338000,-0.16744613647460938,-0.9785424009589483,0.6059737086088255,16.22903561592102,14.199325618743897
2022-12-12 05:00:00+00:00,NVDA,16.9802285062354,17.47955848372448,16.741028482869503,17.4765682220459,457328000,0.5322227478027344,3.141005054528412,0.7385300008549791,16.289442682266234,14.306947917938233
2022-12-13 05:00:00+00:00,NVDA,18.469249909930564,18.72738762856205,17.651982672461422,18.01177978515625,656589000,0.5352115631103516,3.0624522864575177,1.075404956100627,16.37820429801941,14.417841186523438
2022-12-14 05:00:00+00:00,NVDA,17.927057508659278,18.19117568401369,17.361947609166847,17.615100860595703,496888000,-0.3966789245605469,-2.202330526422802,0.8292280748468421,16.42864861488342,14.507747821807861
2022-12-15 05:00:00+00:00,NVDA,17.088863487866476,17.262283446585172,16.64435056625301,16.895509719848633,478542000,-0.7195911407470703,-4.085081013397818,0.6179328803321624,16.480777645111083,14.58242567062378
2022-12-16 05:00:00+00:00,NVDA,16.807806241482627,16.984216489206464,16.355318584988897,16.51578140258789,478232000,-0.3797283172607422,-2.2475102767372634,0.6288979042175669,16.525528526306154,14.651083316802978
2022-12-19 05:00:00+00:00,NVDA,16.516773965424804,16.553649415100338,16.09119690622741,16.199832916259766,354039000,-0.315948486328125,-1.9130096156311338,0.46245250887292855,16.567833948135377,14.734426383972169
2022-12-20 05:00:00+00:00,NVDA,16.01046693823351,16.255647448102433,15.799174471467346,16.031396865844727,403260000,-0.16843605041503906,-1.0397394299417773,0.45647297663508724,16.606301021575927,14.822491588592529
2022-12-21 05:00:00+00:00,NVDA,16.060304842306547,16.571595897427166,16.048343794868938,16.446014404296875,325025000,0.41461753845214844,2.586284538532646,0.523252102558228,16.62957830429077,14.920523128509522
2022-12-22 05:00:00+00:00,NVDA,16.040370897342594,16.084224902594713,14.832409670787916,15.287886619567873,565045000,-1.1581277847290021,-7.04199665802564,1.2518152318067965,16.57098546028137,14.997105884552003
2022-12-23 05:00:00+00:00,NVDA,15.145362798947778,15.287885933378956,14.833406075775102,15.155329704284668,349326000,-0.1325569152832049,-0.8670715487485214,0.4544798576038538,16.518170070648193,15.0618705368042
2022-12-27 05:00:00+00:00,NVDA,15.02377249723842,15.049685885821608,14.009163959787871,14.07394790649414,464902000,-1.0813817977905273,-7.1353234729350845,1.0405219260337368,16.43335614204407,15.119614963531495
2022-12-28 05:00:00+00:00,NVDA,13.88059315527946,14.214476922152242,13.837736217329413,13.989230155944824,351066000,-0.0847177505493164,-0.601947307977635,0.3767407048228293,16.353672599792482,15.162492446899414
2022-12-29 05:00:00+00:00,NVDA,14.354009920900088,14.634072755943128,14.179592867751314,14.554339408874512,354923000,0.5651092529296875,4.039602227071382,0.4544798881918144,16.23805899620056,15.215097770690917
2022-12-30 05:00:00+00:00,NVDA,14.28623238765906,14.580249392820544,14.185569131755551,14.565299987792969,310490000,0.010960578918457031,0.07530797936301514,0.3946802610649929,16.112428903579712,15.266248321533203
2023-01-03 05:00:00+00:00,NVDA,14.801513863050983,14.94603115548883,14.04902953291804,14.26729965209961,401277000,-0.2980003356933594,-2.0459608517717442,0.8970016225707909,15.984805727005005,15.30858917236328
2023-01-04 05:00:00+00:00,NVDA,14.518459253168668,14.803505525216863,14.193545359327327,14.699851989746094,431324000,0.4325523376464844,3.031774394552844,0.6099601658895359,15.89206566810608,15.354160556793213
2023-01-05 05:00:00+00:00,NVDA,14.442712138646767,14.515468836750369,14.100854699285645,14.2174654006958,389168000,-0.48238658905029297,-3.2815744633808763,0.4146141374647243,15.80625262260437,15.387433757781983
2023-01-06 05:00:00+00:00,NVDA,14.42576814608272,14.959982279736408,13.987234779976571,14.80948543548584,405044000,0.5920200347900391,4.164033589004301,0.9727474997598371,15.74341287612915,15.419354839324951
2023-01-09 05:00:00+00:00,NVDA,15.233069416455065,16.002496236779955,15.090545335630782,15.575922966003418,504231000,0.7664375305175781,5.175315063149144,0.9119509011491722,15.666619443893433,15.473878536224365
2023-01-10 05:00:00+00:00,NVDA,15.455327619136956,15.908811394296473,15.42044439804722,15.85598850250244,384101000,0.28006553649902166,1.7980670366070983,0.48836699624925295,15.612201595306397,15.52842363357544
2023-01-11 05:00:00+00:00,NVDA,15.787216717511935,15.97458997371224,15.511139335336974,15.94767951965332,353285000,0.09169101715088068,0.5782737363640766,0.46345063837526546,15.535757160186767,15.571689739227295
2023-01-12 05:00:00+00:00,NVDA,16.046350570153667,16.58155988533878,15.44037584745414,16.45598030090332,551409000,0.50830078125,3.187302457536778,1.1411840378846403,15.457967185974121,15.631837673187256
2023-01-13 05:00:00+00:00,NVDA,16.22375667699758,16.865611678653806,16.11113426118995,16.842687606811523,447287000,0.3867073059082031,2.349949980719024,0.7544774174638569,15.419346523284911,15.698803043365478
2023-01-17 05:00:00+00:00,NVDA,16.842689261696506,17.668927336507764,16.842689261696506,17.64301300048828,511102000,0.8003253936767578,4.751767724725187,0.8262380748112577,15.456721687316895,15.788231658935548
2023-01-18 05:00:00+00:00,NVDA,17.60812825910423,17.81344118394388,17.224410962438323,17.319095611572266,439624000,-0.3239173889160156,-1.8359527871291137,0.5890302215055563,15.496887397766113,15.867156486511231
2023-01-19 05:00:00+00:00,NVDA,16.97922612350295,17.13969078574918,16.675244145492883,16.709129333496094,452932000,-0.6099662780761719,-3.5219291570202094,0.46444664025629834,15.52235221862793,15.919234676361084
2023-01-20 05:00:00+00:00,NVDA,16.954314377855656,17.796499823469546,16.768935260471654,17.779556274414062,564967000,1.0704269409179688,6.406240083210846,1.0275645629978918,15.609760189056397,15.98983180999756
2023-01-23 05:00:00+00:00,NVDA,18.00380415598392,19.180870344101777,17.75862551866824,19.12904357910156,655163000,1.3494873046874964,7.590106771278071,1.4222448254335376,15.743911647796631,16.081420307159423
2023-01-24 05:00:00+00:00,NVDA,18.764259824321872,19.430034925653693,18.757283181815232,19.2007999420166,496204000,0.07175636291504262,0.3751173581591827,0.6727517438384609,15.939557313919067,16.19090461730957
2023-01-25 05:00:00+00:00,NVDA,18.84997803686339,19.30545594731295,18.51808747997872,19.25861167907715,449537000,0.057811737060546875,0.3010902526724424,0.7873684673342289,16.14472141265869,16.26220682144165
2023-01-26 05:00:00+00:00,NVDA,19.63535014424876,20.0988007667648,19.21375938172845,19.736013412475582,489535000,0.47740173339843395,2.4789000440623266,0.8850413850363488,16.427824687957763,16.33155855178833
2023-01-27 05:00:00+00:00,NVDA,19.39714737022937,20.55926231531529,19.34033810009434,20.297138214111328,542142000,0.5611248016357457,2.843151703986213,1.2189242152209516,16.74322009086609,16.412770366668703
2023-01-30 05:00:00+00:00,NVDA,19.8835226503624,20.07288815679004,19.08618729864024,19.098148345947266,488611000,-1.1989898681640625,-5.9071867940992835,0.9867008581497991,16.970410537719726,16.462609043121336
2023-01-31 05:00:00+00:00,NVDA,19.10612325168674,19.621400741085875,18.886857003407727,19.471900939941406,498017000,0.3737525939941406,1.957009586604519,0.7345437376781483,17.215740585327147,16.534988479614256
2023-02-01 05:00:00+00:00,NVDA,19.62538402504865,21.1213817226709,19.545650683627567,20.87321281433105,660477000,1.4013118743896449,7.196584856875621,1.5757310390433332,17.54603624343872,16.640037460327147
2023-02-02 05:00:00+00:00,NVDA,20.9300225588854,21.87585965188908,20.63102299701276,21.636659622192383,564276000,0.7634468078613317,3.6575433530633417,1.2448366548763197,17.892876625061035,16.765696163177488
2023-02-03 05:00:00+00:00,NVDA,20.930016939244258,21.67253504328741,20.719719661348293,21.02968406677246,429366000,-0.6069755554199219,-2.8053108290216677,0.9528153819391179,18.233487558364867,16.881048736572264
2023-02-06 05:00:00+00:00,NVDA,20.73666843985264,21.49812252080445,20.716734629117404,21.01872634887696,452197000,-0.010957717895500707,-0.0521059558513004,0.7813878916870465,18.543949604034424,16.981813888549805
2023-02-07 05:00:00+00:00,NVDA,21.31075078020512,22.184829243176587,21.07952350178786,22.0991153717041,664150000,1.0803890228271413,5.140126023310954,1.105305741388726,18.870109224319457,17.09460132598877
2023-02-08 05:00:00+00:00,NVDA,22.31240089472821,22.801765903840348,21.934664092168923,22.13100814819336,559651000,0.03189277648925781,0.14431698261594406,0.8671018116714251,19.183860206604002,17.21298873901367
2023-02-09 05:00:00+00:00,NVDA,22.530672149758068,22.94329215898565,22.046291560362647,22.2625675201416,523876000,0.1315593719482422,0.594457202614973,0.8970005986230021,19.499604606628417,17.34283555984497
2023-02-10 05:00:00+00:00,NVDA,21.617720531696698,22.00442614178306,20.741650010159365,21.194135665893555,550737000,-1.0684318542480469,-4.799230157444356,1.2627761316236956,19.73651237487793,17.455060253143312
2023-02-13 05:00:00+00:00,NVDA,21.46622806000305,21.974528792175903,20.892147277807663,21.715394973754883,474919000,0.5212593078613281,2.459450652192241,1.0823815143682403,19.980147743225096,17.55203592300415
2023-02-14 05:00:00+00:00,NVDA,21.506097057062863,22.972196070287414,21.29480358843764,22.89445686340332,675474000,1.1790618896484375,5.429612913204873,1.6773924818497719,20.24271993637085,17.66836702346802
2023-02-15 05:00:00+00:00,NVDA,22.47385907538401,22.778839139042542,22.032336407803555,22.68814277648925,420575000,-0.2063140869140696,-0.9011530089794828,0.7465027312389871,20.5111722946167,17.785734615325925
2023-02-16 05:00:00+00:00,NVDA,22.05924824222853,22.47485853992091,21.85393529520588,21.928686141967773,412026000,-0.7594566345214773,-3.3473724226932733,0.6209232447150299,20.772150135040285,17.89321527481079
2023-02-17 05:00:00+00:00,NVDA,21.5589207949287,21.66755683538447,20.905106608670906,21.31673049926757,465888000,-0.6119556427002024,-2.7906625993840306,0.7624502267135647,20.949008846282958,18.000875358581542
2023-02-21 05:00:00+00:00,NVDA,20.9300198380873,21.42237312101804,20.54929284097226,20.586170196533203,410015000,-0.7305603027343679,-3.427168639953815,0.8730802800457802,21.02186517715454,18.0912731552124
2023-02-22 05:00:00+00:00,NVDA,20.6380006960692,21.03367717070481,20.3529525061691,20.68484306335449,513184000,0.09867286682128551,0.4793162879703772,0.6807246645357097,21.096067333221434,18.162734184265133
2023-02-23 05:00:00+00:00,NVDA,23.36189334047576,23.808400461151948,22.94827529850247,23.585145950317383,1117995000,2.900302886962894,14.021391789532611,0.8601251626494779,21.312394046783446,18.295550193786617
2023-02-24 05:00:00+00:00,NVDA,23.14760698564045,23.39577778263142,22.87053349540677,23.208402633666992,589716000,-0.3767433166503906,-1.597375388068445,0.5252442872246483,21.48601350784302,18.41018688201904
2023-02-27 05:00:00+00:00,NVDA,23.59112115652379,23.80042043107323,23.375841359560795,23.422683715820312,452994000,0.2142810821533203,0.9232909542963297,0.42457907151243646,21.642290782928466,18.51840496063232
2023-02-28 05:00:00+00:00,NVDA,23.294119765093207,23.74561130134119,23.128672543867644,23.13863945007324,455963000,-0.28404426574707387,-1.212688815651053,0.6169387574735445,21.844315338134766,18.62887573242187
2023-03-01 05:00:00+00:00,NVDA,23.11471933360439,23.1785071533375,22.43299853497681,22.62236595153809,460026000,-0.5162734985351491,-2.2312180439525098,0.745508618360688,22.001838588714598,18.743412857055663
2023-03-02 05:00:00+00:00,NVDA,22.41306509052485,23.302091014748385,22.35725003920354,23.236310958862305,389415000,0.6139450073242152,2.713885049156284,0.9448409755448459,22.119993495941163,18.87782344818115
2023-03-03 05:00:00+00:00,NVDA,23.24229205590769,23.82035928556431,23.052924647625705,23.810392379760746,412393000,0.574081420898441,2.470622044587012,0.7674346379386066,22.22868013381958,19.03003463745117
2023-03-06 05:00:00+00:00,NVDA,23.81139232423808,24.167201195099672,23.408737281422425,23.475515365600582,437429000,-0.33487701416016336,-1.4064321528981405,0.7584639136772466,22.350971698760986,19.178917007446287
2023-03-07 05:00:00+00:00,NVDA,23.52535169548433,24.04869069829288,23.16748608515548,23.214338302612305,515154000,-0.2611770629882777,-1.1125509234655162,0.881204613137399,22.460752296447755,19.314283485412595
2023-03-08 05:00:00+00:00,NVDA,23.412709959422333,24.12345598243845,23.34990950267541,24.1045150756836,513573000,0.8901767730712962,3.834598951162538,0.7735464797630414,22.56102228164673,19.49061605453491
2023-03-09 05:00:00+00:00,NVDA,24.09853461535305,24.37665338080257,23.309039864365545,23.361873626708984,501257000,-0.7426414489746165,-3.0809225850130684,1.0676135164370244,22.62256555557251,19.654746932983397
2023-03-10 05:00:00+00:00,NVDA,23.334956536006658,23.55226740158579,22.65411633700963,22.89236068725586,474866000,-0.469512939453125,-2.009740087440348,0.8981510645761617,22.654055213928224,19.83111518859863
2023-03-13 04:00:00+00:00,NVDA,22.68003442386319,23.22430691098968,22.22647370103853,22.893356323242188,421890000,0.000995635986328125,0.00434920626986024,0.9978332099511498,22.739016246795654,20.009197711944577
2023-03-14 04:00:00+00:00,NVDA,23.421682859195705,24.14239559716936,23.385795524923413,23.986888885498047,474910000,1.0935325622558594,4.776637146671514,0.7566000722459485,22.85259094238281,20.19784870147705
2023-03-15 04:00:00+00:00,NVDA,23.68584335577549,24.209182394285897,23.28611265137336,24.1513671875,524486000,0.16447830200195312,0.6857008542754173,0.923069742912535,22.915436458587646,20.38957004547119
2023-03-16 04:00:00+00:00,NVDA,23.95100343205416,25.507064935559395,23.818422785484607,25.460214614868164,583253000,1.308847427368164,5.419351282297513,1.688642150074788,23.054040050506593,20.61342834472656
2023-03-17 04:00:00+00:00,NVDA,25.89981804779798,26.3154988744337,25.58681016478867,25.643630981445312,848547000,0.18341636657714844,0.7204038510737254,0.7286887096450307,23.239787292480468,20.83230392456055
2023-03-20 04:00:00+00:00,NVDA,25.533978703666488,25.94168541899632,25.05051216583168,25.818077087402344,432747000,0.17444610595703125,0.6802706920999269,0.8911732531646415,23.464854621887206,21.064316158294677
2023-03-21 04:00:00+00:00,NVDA,26.097191824105813,26.308521152399816,25.300719308848564,26.116130828857425,547408000,0.2980537414550817,1.1544381885842059,1.0078018435512526,23.74135265350342,21.29044906616211
2023-03-22 04:00:00+00:00,NVDA,26.34141790205971,27.50173767157012,26.154012813178745,26.3842830657959,797295000,0.268152236938473,1.0267686231766548,1.3477248583913735,24.026324653625487,21.50661626815796
2023-03-23 04:00:00+00:00,NVDA,27.029233998126443,27.41202016729464,26.60557904977676,27.10499382019043,564889000,0.7207107543945312,2.7315911999475473,0.8064411175178776,24.20231704711914,21.731596374511717
2023-03-24 04:00:00+00:00,NVDA,26.94549959949804,27.08106910460864,26.271637231409848,26.69429588317871,454920000,-0.41069793701171875,-1.5152113287175584,0.8094318731987933,24.376611709594727,21.946528701782228
2023-03-27 04:00:00+00:00,NVDA,26.75211632676785,26.9146008755644,26.281609108296,26.447084426879883,361026000,-0.24721145629882812,-0.9260834501149229,0.6329917672684005,24.527831745147704,22.14635078430176
2023-03-28 04:00:00+00:00,NVDA,26.36334923056696,26.42914045882786,25.768237406573,26.326465606689453,356104000,-0.12061882019042969,-0.4560760583039447,0.6609030522548593,24.687223052978517,22.336026344299317
2023-03-29 04:00:00+00:00,NVDA,26.74015932478994,26.99235750001213,26.5128797986168,26.89865493774414,393694000,0.5721893310546875,2.1734377094253743,0.47947770139532864,24.90103750228882,22.521139183044433
2023-03-30 04:00:00+00:00,NVDA,27.14287259493359,27.412019019738462,27.01627349989387,27.296384811401367,364516000,0.39772987365722656,1.4786236508024464,0.39574551984459205,25.104041194915773,22.720684967041016
2023-03-31 04:00:00+00:00,NVDA,27.054154149877142,27.745959234891043,27.01926500881584,27.68914031982422,433933000,0.39275550842285156,1.4388554057122027,0.7266942260752032,25.297978591918945,22.94028518676758
2023-04-03 04:00:00+00:00,NVDA,27.421989811329777,27.911436002639256,27.249536675681902,27.87654685974121,398716000,0.1874065399169922,0.6768232518321149,0.6618993269573537,25.518030166625977,23.14222499847412
2023-04-04 04:00:00+00:00,NVDA,27.87754302667104,27.911435879998983,27.220627051021687,27.36616516113281,368592000,-0.510381698608402,-1.830864135275967,0.6908088289772962,25.725621509552003,23.306967430114746
2023-04-05 04:00:00+00:00,NVDA,26.744141067760594,26.91260524763218,26.31151378285065,26.795976638793945,515015000,-0.5701885223388636,-2.083552879921524,0.6010914647815291,25.860194587707518,23.45887096405029
2023-04-06 04:00:00+00:00,NVDA,26.499912714821207,26.99434412357807,26.34340972671135,26.95148086547852,397654000,0.15550422668457387,0.5803267736076645,0.6509343968667203,26.039674949645995,23.61272834777832
2023-04-10 04:00:00+00:00,NVDA,26.738158599933065,27.5336348544528,26.58464637237565,27.49176788330078,395279000,0.5402870178222621,2.0046654227237726,0.9489884820771479,26.269645309448244,23.767843437194824
2023-04-11 04:00:00+00:00,NVDA,27.63630987127737,27.702101097960742,27.04019987081764,27.083065032958984,314378000,-0.4087028503417969,-1.486637207460395,0.6619012271431011,26.479130744934082,23.903561973571776
2023-04-12 04:00:00+00:00,NVDA,27.283432024560906,27.38112163361033,26.364347344202034,26.41119956970215,446259000,-0.6718654632568359,-2.480758593752974,1.0167742894082963,26.600346279144286,24.049822998046874
2023-04-13 04:00:00+00:00,NVDA,26.64943999609316,26.80195593760321,26.24572222212685,26.379297256469727,353615000,-0.031902313232421875,-0.12079085294186553,0.5562337154763597,26.711742782592772,24.187970924377442
2023-04-14 04:00:00+00:00,NVDA,26.42016454447449,26.797965435367647,26.137062473302613,26.67336082458496,395660000,0.2940635681152344,1.1147513341854154,0.660902962065034,26.772400093078613,24.30397388458252
2023-04-17 04:00:00+00:00,NVDA,26.480977384169595,26.920582518277502,26.3493949209171,26.91659545898437,321471000,0.2432346343994105,0.9119009636581632,0.571187597360403,26.836048316955566,24.40957260131836
2023-04-18 04:00:00+00:00,NVDA,27.445913723508724,28.0210883307405,27.270469820475103,27.57948875427246,604812000,0.6628932952880895,2.462767983782377,0.7506185102653973,26.92411890029907,24.54056869506836
2023-04-19 04:00:00+00:00,NVDA,27.27446024047473,27.911439093224423,27.145868542223823,27.8426570892334,358660000,0.2631683349609375,0.9542175973808353,0.7655705510006001,27.010445213317873,24.677047309875487
2023-04-20 04:00:00+00:00,NVDA,27.58347456890567,27.94134018732161,26.914597451904964,27.01826858520508,427713000,-0.8243885040283168,-2.9608830126601093,1.0267427354166472,27.04214448928833,24.775430374145508
2023-04-21 04:00:00+00:00,NVDA,26.866752496922075,27.097022758549475,26.63748042610604,27.03322410583496,345103000,0.01495552062987926,0.05535336427171522,0.45954233244343357,27.038556003570555,24.87347469329834
2023-04-24 04:00:00+00:00,NVDA,26.9275609756168,27.279443208222265,26.58664173033635,26.95646858215332,339282000,-0.07675552368164062,-0.2839303346916511,0.6928014778859151,27.051664638519288,24.967352714538574
2023-04-25 04:00:00+00:00,NVDA,26.99235347251706,27.16081956206005,26.14205270882257,26.15800094604492,378527000,-0.798467636108402,-2.9620632008045433,1.01876685323748,27.03721046447754,25.066630020141602
2023-04-26 04:00:00+00:00,NVDA,26.91659491739221,27.243556588640125,26.62053343037328,26.870738983154297,406337000,0.7127380371093786,2.724741996070401,0.6230231582668466,27.064424133300783,25.16973690032959
2023-04-27 04:00:00+00:00,NVDA,27.27645073990056,27.40803318885761,26.54078419274128,27.13988304138184,377161000,0.2691440582275426,1.0016250702902907,0.8672489961163272,27.076485538482665,25.25464542388916
2023-04-28 04:00:00+00:00,NVDA,27.138889210344782,27.670202402547503,26.98537507177856,27.661231994628903,292216000,0.5213489532470632,1.9209697862445863,0.6848273307689432,27.09472789764404,25.354107208251953
2023-05-01 04:00:00+00:00,NVDA,27.751942445275365,28.96609033128575,27.692132757184343,28.81855773925781,570329000,1.1573257446289062,4.183926966281293,1.2739575741014058,27.15119876861572,25.491904640197752
2023-05-02 04:00:00+00:00,NVDA,28.58928602409841,28.74479273603856,27.99417420175964,28.12077140808105,402730000,-0.6977863311767578,-2.4213089964117307,0.7506185342789173,27.163409996032716,25.627985458374024
2023-05-03 04:00:00+00:00,NVDA,27.751937828826723,28.27727127036908,27.38510184060993,27.71405792236328,383387000,-0.4067134857177699,-1.446309846254401,0.89216942975915,27.180804634094237,25.770543212890626
2023-05-04 04:00:00+00:00,NVDA,27.56354029371081,27.77088258227608,27.15384096655844,27.474822998046875,321850000,-0.23923492431640625,-0.8632258941891013,0.617041615717639,27.214746952056885,25.906342811584473
2023-05-05 04:00:00+00:00,NVDA,27.737984173927828,28.66404461724112,27.643285351598674,28.58928298950196,361494000,1.1144599914550852,4.056295436495838,1.0207592656424467,27.296637058258057,26.006425552368164
2023-05-08 04:00:00+00:00,NVDA,28.431785713240817,29.127577928802488,28.260330759673817,29.05879592895508,344979000,0.46951293945312145,1.6422690265633033,0.867247169128671,27.37498846054077,26.123433418273926
2023-05-09 04:00:00+00:00,NVDA,28.80759252115136,28.881357865661336,28.36001330305793,28.48062896728516,314869000,-0.5781669616699219,-1.9896452801536069,0.5213445626034066,27.44486665725708,26.224592323303224
2023-05-10 04:00:00+00:00,NVDA,28.91325569457964,29.02091579172388,28.370977656526804,28.793636322021484,369350000,0.3130073547363246,1.0990184068472075,0.6499381351970754,27.563988494873048,26.337692260742188
2023-05-11 04:00:00+00:00,NVDA,28.80460099601504,28.858431044188475,28.15665734572962,28.487606048583984,322149000,-0.3060302734375,-1.0628399623268336,0.7017736984588545,27.66940393447876,26.454997062683105
2023-05-12 04:00:00+00:00,NVDA,28.43876185890124,28.688969297483915,27.957289789783168,28.2503604888916,274222000,-0.2372455596923828,-0.8328027258161841,0.731679507700747,27.748253917694093,26.55527805328369
2023-05-15 04:00:00+00:00,NVDA,28.4178275338678,28.877369814441632,28.06295457930079,28.86141967773437,293926000,0.6110591888427699,2.163013774932354,0.8144152351408422,27.84549512863159,26.656298599243165
2023-05-16 04:00:00+00:00,NVDA,28.74977851008436,29.775525121763952,28.74080810173077,29.12060165405273,449405000,0.2591819763183594,0.8980222706033825,1.034717020033181,27.922550773620607,26.769200325012207
2023-05-17 04:00:00+00:00,NVDA,29.49042519794485,30.103479719693794,29.336912970483333,30.08254623413086,432535000,0.9619445800781286,3.3033128625082897,0.7665667492104618,28.03454523086548,26.90656448364258
2023-05-18 04:00:00+00:00,NVDA,30.31381366494329,31.72732783100953,30.224098180923058,31.57780265808105,748725000,1.4952564239501918,4.970511512930753,1.503229650086471,28.262521934509277,27.056030235290528
2023-05-19 04:00:00+00:00,NVDA,31.43625056372688,31.48011201484415,30.818212695710137,31.165111541748047,473908000,-0.41269111633300426,-1.306902575842761,0.6618993191340117,28.469116306304933,27.212094993591307
2023-05-22 04:00:00+00:00,NVDA,30.803258976791746,31.420302459294863,30.58295923350616,31.077390670776367,372000000,-0.08772087097167969,-0.2814713846095884,0.8373432257887039,28.675162410736085,27.375795593261717
2023-05-23 04:00:00+00:00,NVDA,30.90194818311492,31.18903735658012,30.53411583318992,30.59093475341797,356253000,-0.48645591735839844,-1.5653048948406023,0.6549215233902004,28.896809101104736,27.529747161865235
2023-05-24 04:00:00+00:00,NVDA,30.114444604983657,30.510190153140588,29.71172312962193,30.44140815734864,721419000,-0.14952659606932883,-0.4887938118746882,0.7984670235186577,29.07534255981445,27.658837547302245
2023-05-25 04:00:00+00:00,NVDA,38.40115657089839,39.35513045921453,36.51912753379368,37.8598747253418,1543911000,7.418466567993157,24.369656389244,2.83600292542085,29.61134214401245,27.933007698059082
2023-05-26 04:00:00+00:00,NVDA,37.77014783625685,39.04609779410983,37.431223153373296,38.82280731201172,714397000,0.9629325866699219,2.5434119728488636,1.614874640736538,30.16942090988159,28.200259552001953
2023-05-30 04:00:00+00:00,NVDA,40.466605006926684,41.80535579835146,39.82264830428926,39.984134674072266,923401000,1.1613273620605469,2.991353388556295,1.982707494062197,30.727699756622314,28.48706962585449
2023-05-31 04:00:00+00:00,NVDA,39.36310039182485,40.16754710014043,37.70236950165192,37.714332580566406,1002580000,-2.2698020935058594,-5.676756823695161,2.465177598488509,31.20737781524658,28.72499473571777
2023-06-01 04:00:00+00:00,NVDA,38.367256795979486,39.92332013723305,38.21872982052202,39.64420700073242,635873000,1.9298744201660156,5.117084906761549,1.7045903167110268,31.80388526916504,28.995556259155272
2023-06-02 04:00:00+00:00,NVDA,39.97017499452036,40.37190020075976,38.934459847678006,39.20261001586914,482731000,-0.44159698486328125,-1.1139004113643214,1.4374403530817546,32.390274620056154,29.251922798156738
2023-06-05 04:00:00+00:00,NVDA,38.78592397298189,39.439847158234734,38.584563271281,39.047096252441406,396094000,-0.15551376342773438,-0.3966923716680615,0.8552838869537354,32.91316528320313,29.490764846801756
2023-06-06 04:00:00+00:00,NVDA,38.70718409484521,39.03613834073106,38.02733822176895,38.53173828125,388729000,-0.5153579711914062,-1.3198368653576487,1.0088001189621068,33.386812400817874,29.727513694763182
2023-06-07 04:00:00+00:00,NVDA,38.79592485025507,39.37813750275476,37.2416933197928,37.360328674316406,511998000,-1.1714096069335938,-3.0401161722403147,2.1364441829619594,33.830797386169436,29.945778579711913
2023-06-08 04:00:00+00:00,NVDA,37.60857556261879,38.74508691604915,37.39024767151479,38.39216995239258,417772000,1.0318412780761719,2.7618634918100016,1.3548392445343538,34.310724067687985,30.187092666625976
2023-06-09 04:00:00+00:00,NVDA,38.91755616586712,39.589493696488056,38.44899682390139,38.65137481689453,427717000,0.2592048645019531,0.6751503361841049,1.1404968725866667,34.818912506103516,30.422147064208986
2023-06-12 04:00:00+00:00,NVDA,39.08005597622932,39.40904425940009,38.49983605891858,39.36119079589844,388701000,0.7098159790039062,1.8364572602308726,0.9092082004815083,35.37445402145386,30.663443183898927
2023-06-13 04:00:00+00:00,NVDA,40.06304000704874,40.97524120979665,39.61840552630367,40.896480560302734,613208000,1.5352897644042969,3.900516557960132,1.3568356834929816,35.97620706558227,30.927589988708498
2023-06-14 04:00:00+00:00,NVDA,40.69908168774232,42.86842191648496,40.42791083150309,42.86543273925781,740465000,1.9689521789550781,4.814478292458002,2.440511084981871,36.66344861984253,31.22736770629883
2023-06-15 04:00:00+00:00,NVDA,42.471645001516485,43.15654315104166,42.01803541267758,42.52248764038086,568622000,-0.3429450988769531,-0.8000504764830496,1.1385077383640834,37.28544569015503,31.53049415588379
2023-06-16 04:00:00+00:00,NVDA,43.31705479881207,43.58722551638536,42.53046747800974,42.56137466430664,655709000,0.03888702392578125,0.09145049145444784,1.0567580383756194,37.83462429046631,31.845802116394044
2023-06-20 04:00:00+00:00,NVDA,42.86643489919533,43.85540013452972,42.54342497305457,43.673954010009766,451153000,1.112579345703125,2.6140587668475046,1.3119751614751465,38.460066413879396,32.180251579284665
2023-06-21 04:00:00+00:00,NVDA,43.367894115226505,43.481547516431846,41.95124449603973,42.91328811645508,551603000,-0.7606658935546875,-1.7416922987562478,1.5303030203921182,39.05186128616333,32.48868198394776
2023-06-22 04:00:00+00:00,NVDA,42.12370403758317,43.29311498837631,42.104764976671774,42.89334487915039,417737000,-0.0199432373046875,-0.046473337700358996,1.1883500117045358,39.66698179244995,32.80488758087158
2023-06-23 04:00:00+00:00,NVDA,42.33406622553571,42.678007983073286,41.88643880055925,42.0798454284668,358140000,-0.8134994506835938,-1.8965633316207486,0.7915691825140385,40.24890365600586,33.11826049804687
2023-06-26 04:00:00+00:00,NVDA,42.33106943872404,42.63314366936261,39.97729395118432,40.50766754150391,594322000,-1.5721778869628835,-3.7361779040645304,2.6558497181782883,40.381293296813965,33.40082790374756
2023-06-27 04:00:00+00:00,NVDA,40.674163315350505,41.81167093605906,40.3242393713419,41.74786758422852,462175000,1.2402000427246094,3.0616426913593786,1.4874315647171557,40.5275463104248,33.70231803894043
2023-06-28 04:00:00+00:00,NVDA,40.53558945040066,41.71696498768914,40.39402564201727,40.99119186401367,582639000,-0.7566757202148509,-1.8124895090466997,1.3229393456718697,40.57789916992188,33.98380996704102
2023-06-29 04:00:00+00:00,NVDA,41.430845940557326,41.4727172529283,40.47577689778073,40.69709777832031,380514000,-0.2940940856933594,-0.7174567811275234,0.9969403551475651,40.72703742980957,34.24616214752197
2023-06-30 04:00:00+00:00,NVDA,41.55247077216965,42.41980774252162,41.37401761190044,42.17256546020508,501148000,1.4754676818847656,3.6254862445517233,1.045790130621178,40.8534553527832,34.532760314941406
2023-07-03 04:00:00+00:00,NVDA,42.386907892871406,42.76674265418085,42.072873075895245,42.2832260131836,198209000,0.11066055297852273,0.26239938635685967,0.6938695782856072,41.00748615264892,34.838059463500976
2023-07-05 04:00:00+00:00,NVDA,42.00607674642851,43.04488832876735,41.95623049336352,42.1875228881836,323618000,-0.095703125,-0.22633827648382843,1.0886578354038292,41.16450748443604,35.14114543914795
2023-07-06 04:00:00+00:00,NVDA,41.71596810959315,42.04994216880029,41.21949078738844,41.97417449951172,303582000,-0.2133483886718821,-0.5057144247064604,0.830451381411855,41.33662929534912,35.44149955749512
2023-07-07 04:00:00+00:00,NVDA,42.192505558452375,43.08177839649904,42.050941741012366,42.37295150756836,355881000,0.3987770080566406,0.9500532477685342,1.0308366554866737,41.58726043701172,35.765798568725586
2023-07-10 04:00:00+00:00,NVDA,42.52647159560561,42.67999968816802,41.52155283823929,42.05093002319336,353908000,-0.322021484375,-0.7599694449358374,1.1584468499287297,41.77019844055176,36.06940238952637
2023-07-11 04:00:00+00:00,NVDA,42.35101333055557,42.62716617688633,41.93828245284964,42.27524566650391,298244000,0.22431564331055398,0.5334380076417622,0.6888837240366854,41.951391983032224,36.37210964202881
2023-07-12 04:00:00+00:00,NVDA,42.90132167106193,43.80056201279962,42.64610450369037,43.76766204833984,481277000,1.4924163818359233,3.5302370413388573,1.1544575091092497,42.171715545654294,36.69423824310303
2023-07-13 04:00:00+00:00,NVDA,44.381783639889846,46.01377191487625,44.35586222212897,45.83631896972656,478204000,2.068656921386726,4.726450590625486,1.6579096927472818,42.41870746612549,37.034593467712405
2023-07-14 04:00:00+00:00,NVDA,46.44046184420574,47.94085779132301,44.92212322629915,45.329872131347656,772075000,-0.5064468383789062,-1.1049029454424542,3.0187345650238626,42.54192943572998,37.37877548217774
2023-07-17 04:00:00+00:00,NVDA,46.14736162145877,46.35372514874332,45.12350371565552,46.31883239746094,510488000,0.9889602661132812,2.181696571408076,1.2302214330878058,42.731746673583984,37.75087097167969
2023-07-18 04:00:00+00:00,NVDA,46.55809446661066,47.74943744480596,45.59405444397255,47.34866714477539,569164000,1.0298347473144531,2.223360767122684,2.1553830008334103,42.97111129760742,38.14834785461426
2023-07-19 04:00:00+00:00,NVDA,47.31876207580257,47.67167893614477,46.59897125560786,46.93294525146485,427502000,-0.41572189331053977,-0.8780012582812691,1.0727076805369151,43.134060859680176,38.51522109985351
2023-07-20 04:00:00+00:00,NVDA,46.36470161642384,46.942928804835816,44.92412321467116,45.38072204589844,537865000,-1.5522232055664134,-3.3073211094033494,2.0188055901646536,43.257432556152345,38.84165962219238
2023-07-21 04:00:00+00:00,NVDA,45.6478906079313,45.72565485492813,43.965056025974754,44.17341613769531,963769000,-1.207305908203125,-2.6603937834705382,1.760598828953377,43.32143611907959,39.155515365600586
2023-07-24 04:00:00+00:00,NVDA,44.594129747804274,44.970975292246095,43.90524600694248,44.475494384765625,382516000,0.3020782470703125,0.6838462439234583,1.0657292853036182,43.441218566894534,39.46915252685547
2023-07-25 04:00:00+00:00,NVDA,44.80348203808288,46.04167828238944,44.78553556660447,45.53922271728516,348081000,1.0637283325195384,2.3917178375062687,1.2561427157849678,43.692796325683595,39.81018486022949
2023-07-26 04:00:00+00:00,NVDA,45.88017875854229,45.91208233149028,44.49343628066657,45.31291961669922,364237000,-0.2263031005859446,-0.4969410698791865,1.4186460508237104,43.87104892730713,40.15143604278565
2023-07-27 04:00:00+00:00,NVDA,46.37666127130996,47.249980321992574,45.61001326833112,45.75955581665039,455976000,0.4466361999511719,0.9856707617369453,1.6399670536614508,44.109467124938966,40.48939876556396
2023-07-28 04:00:00+00:00,NVDA,46.525202843607126,46.88310551860452,46.23908226392985,46.60695266723633,331194000,0.8473968505859375,1.8518467573883202,0.6440232546746714,44.40495986938477,40.83912578582763
2023-07-31 04:00:00+00:00,NVDA,46.61093500079375,46.98578389821118,46.36369278218995,46.58600997924805,251055000,-0.02094268798828125,-0.04493468632846831,0.622091116021231,44.62563209533691,41.16919506072998
2023-08-01 04:00:00+00:00,NVDA,46.31783181066223,46.756487847660445,45.886158126312864,46.364688873291016,237858000,-0.22132110595703125,-0.47508062196273126,0.8703297213475807,44.829705238342285,41.46493278503418
2023-08-02 04:00:00+00:00,NVDA,45.69077757261337,45.699748910679205,43.254254947764295,44.1335563659668,530142000,-2.2311325073242188,-4.812137343187251,2.4454939629149095,44.92700691223145,41.724301681518554
2023-08-03 04:00:00+00:00,NVDA,43.665975669938696,44.97994351428875,43.665975669938696,44.378787994384766,324176000,0.24523162841796875,0.5556579813882356,1.3139678443500529,45.0472375869751,41.990329627990725
2023-08-04 04:00:00+00:00,NVDA,44.84735625489334,45.502343664999096,44.257168589781394,44.54328918457031,362666000,0.16450119018554688,0.3706752654136558,1.245175075217702,45.155754470825194,42.26937671661377
2023-08-07 04:00:00+00:00,NVDA,44.9729707434421,45.400658953676526,44.426647163136,45.27803421020508,322154000,0.7347450256347656,1.6495077913763145,0.9740117905405228,45.31710968017578,42.5661092376709
2023-08-08 04:00:00+00:00,NVDA,44.715756986658505,45.10356664242382,43.92119480836412,44.52733612060547,353843000,-0.7506980895996094,-1.6579741207722543,1.1823718340597011,45.42971420288086,42.69945846557617
2023-08-09 04:00:00+00:00,NVDA,44.13852436844698,44.17641010034291,42.00507315736143,42.423789978027344,586449000,-2.103546142578125,-4.724167951301917,2.1713369429814833,45.36252059936523,42.77147811889648
2023-08-10 04:00:00+00:00,NVDA,42.03099398742127,43.440668733202855,41.70698769798923,42.258296966552734,492705000,-0.16549301147460938,-0.39009483018920266,1.7336810352136283,45.18361949920654,42.81696136474609
2023-08-11 04:00:00+00:00,NVDA,41.623246353337215,41.889431464332574,40.51464942799337,40.72998809814453,533085000,-1.5283088684082031,-3.616588878671223,1.3747820363392051,44.95362529754639,42.87727447509766
2023-08-14 04:00:00+00:00,NVDA,40.36211972462702,43.665978621737146,40.187655955736346,43.61912155151367,690286000,2.8891334533691406,7.093381531090492,3.4783226660007998,44.81863975524902,42.95677276611328
2023-08-15 04:00:00+00:00,NVDA,44.42365913256692,45.1294930156629,43.57625763398883,43.8055534362793,676512000,0.186431884765625,0.42740861836350064,1.553235381674071,44.641484069824216,43.048831634521484
2023-08-16 04:00:00+00:00,NVDA,44.38376830984962,44.53829278958651,43.27317495256757,43.35293197631836,527451000,-0.4526214599609375,-1.033251321934181,1.2651178370189342,44.462483406066895,43.134948348999025
2023-08-17 04:00:00+00:00,NVDA,43.83545631480397,43.927173858554056,42.86941961752367,43.21137237548828,452395000,-0.14155960083007812,-0.3265283208697567,1.0577542410303877,44.35401592254639,43.22854103088379
2023-08-18 04:00:00+00:00,NVDA,42.50453805651368,43.44465333013322,41.5325230130091,43.16650772094727,583768000,-0.04486465454100852,-0.10382603484830888,1.9121303171241237,44.303670501708986,43.344664611816405
2023-08-21 04:00:00+00:00,NVDA,44.3578625800934,46.92099531978242,44.08669544890984,46.82329559326172,692573000,3.656787872314446,8.471354449041812,2.8342998708725773,44.42106056213379,43.51328712463379
2023-08-22 04:00:00+00:00,NVDA,47.98770953500303,48.03955236680591,45.194285260085415,45.52825927734375,755293000,-1.2950363159179688,-2.765794888013684,2.8452671067204918,44.42051239013672,43.650824813842775
2023-08-23 04:00:00+00:00,NVDA,45.72565711329878,47.05557488119282,45.06966956482349,46.97183227539063,779046000,1.443572998046882,3.1707186282987188,1.985905316369326,44.50345802307129,43.80303764343262
2023-08-24 04:00:00+00:00,NVDA,50.06234798957418,50.11219423827407,47.01470263170231,47.0186882019043,1156044000,0.04685592651366477,0.09975324411224396,3.097491606571758,44.56641464233398,43.92548179626465
2023-08-25 04:00:00+00:00,NVDA,46.8681514444708,47.65872425455991,44.88623165435981,45.87719345092773,925341000,-1.1414947509765696,-2.4277469121955164,2.7724926002000956,44.52992668151855,43.98571701049805
2023-08-28 04:00:00+00:00,NVDA,46.33976804439328,46.83624530804831,44.75064756794707,46.691688537597656,685192000,0.814495086669929,1.7753812415337578,2.0855977401012424,44.535210609436035,44.06910102844238
2023-08-29 04:00:00+00:00,NVDA,46.52320461271005,48.93081573968188,46.24904457849089,48.63472366333008,701397000,1.9430351257324219,4.161415418009207,2.6817711611909942,44.64871234893799,44.19056800842285
2023-08-30 04:00:00+00:00,NVDA,48.893934114542816,49.77423173710802,48.27682864513261,49.11326217651367,735206000,0.47853851318359375,0.9839441393688864,1.497403091975407,44.897697639465335,44.29935417175293
2023-08-31 04:00:00+00:00,NVDA,49.22891214982183,49.59179683011506,48.80820246885937,49.20398712158203,528570000,0.09072494506835938,0.18472596005187913,0.7835943612556875,45.1389575958252,44.425168151855466
2023-09-01 04:00:00+00:00,NVDA,49.60974109160753,49.64762302557311,47.9946951700236,48.360572814941406,463830000,-0.843414306640625,-1.7141178103241228,1.652927855549514,45.32982177734375,44.53451271057129
2023-09-05 04:00:00+00:00,NVDA,48.07544210109936,48.7015226451209,47.7135538785842,48.39944839477539,382653000,0.038875579833984375,0.08038693003646902,0.987968766536703,45.48589248657227,44.66090476989746
2023-09-06 04:00:00+00:00,NVDA,48.29675192445169,48.404428217365016,46.44129363976494,46.920860290527344,468670000,-1.4785881042480469,-3.054968916562395,1.9631345776000728,45.60556869506836,44.78916862487793
2023-09-07 04:00:00+00:00,NVDA,45.38943454370525,46.205995921557545,45.01754418931394,46.103302001953125,433330000,-0.8175582885742188,-1.742419647704696,1.1884517322436068,45.78954429626465,44.87627731323242
2023-09-08 04:00:00+00:00,NVDA,45.80519551015305,46.46721591183993,45.136192180115536,45.43629455566406,473069000,-0.6670074462890625,-1.4467671887380296,1.3310237317243931,45.94844417572021,44.96517936706543
2023-09-11 04:00:00+00:00,NVDA,46.01058907259866,46.02554380024132,44.18005738503605,45.0434799194336,473966000,-0.39281463623046164,-0.8645393293443493,1.8454864152052721,46.16411876678467,45.05210700988769
2023-09-12 04:00:00+00:00,NVDA,44.60477844461375,45.53699557699163,44.39839411760551,44.73638534545898,349256000,-0.3070945739746236,-0.6817736429865162,1.1386014593861162,46.21998195648193,45.10338340759277
2023-09-13 04:00:00+00:00,NVDA,44.46719292129203,45.79323440179784,44.37048163678398,45.34955978393555,398355000,0.6131744384765696,1.3706392095417907,1.4227527650138612,46.29718227386475,45.16471008300781
2023-09-14 04:00:00+00:00,NVDA,45.8131750613874,45.85006363868303,44.996613561123056,45.445274353027344,370097000,0.09571456909179688,0.21105953298736768,0.8534500775599767,46.4017993927002,45.22986511230469
2023-09-15 04:00:00+00:00,NVDA,45.20598666420072,45.4632178335496,43.67755057038964,43.76927947998047,506831000,-1.675994873046875,-3.6879409287474796,1.785667263159958,46.429694747924806,45.26576721191406
2023-09-18 04:00:00+00:00,NVDA,42.62070760166484,44.110258303658966,41.874933874444345,43.835079193115234,500271000,0.06579971313476562,0.1503330964469196,2.2353244292146215,46.4631233215332,45.295009765625
2023-09-19 04:00:00+00:00,NVDA,43.70247908606619,43.83508247515624,42.87395226873784,43.390411376953125,373064000,-0.4446678161621094,-1.0144108881453784,0.9611302064184031,46.29147911071777,45.32179939270019
2023-09-20 04:00:00+00:00,NVDA,43.47017146267039,43.7722706240914,42.09727282869751,42.113224029541016,367108000,-1.2771873474121094,-2.9434783097965544,1.6749977953938853,46.120727348327634,45.31855895996094
2023-09-21 04:00:00+00:00,NVDA,41.45917965283468,41.97463849257789,40.85797455001659,40.89486312866211,450736000,-1.2183609008789062,-2.8930601466756967,1.1166639425612956,45.81687889099121,45.26110298156738
2023-09-22 04:00:00+00:00,NVDA,41.44821800935996,41.989604300467136,41.108233732087406,41.486106872558594,479236000,0.5912437438964844,1.4457653080689692,0.8813705683797295,45.540249824523926,45.17409873962402
2023-09-25 04:00:00+00:00,NVDA,41.46715750384496,42.409343350786685,41.05438877711909,42.09627914428711,419091000,0.6101722717285156,1.4707870121506206,1.354954573667598,45.3512041091919,45.10942687988281
2023-09-26 04:00:00+00:00,NVDA,41.87592599161224,42.6924873606105,41.53095566477393,41.78619384765625,402282000,-0.3100852966308594,-0.7366097501587454,1.1615316958365725,45.105929374694824,45.01877410888672
2023-09-27 04:00:00+00:00,NVDA,42.203947925620064,42.74433372903221,41.50503521048072,42.34153366088867,444935000,0.5553398132324219,1.3290031038889927,1.239298518551493,44.791269874572755,44.91863143920899
2023-09-28 04:00:00+00:00,NVDA,42.33356849695518,43.31663260486512,41.98959836899157,42.960697174072266,424663000,0.6191635131835938,1.4623077145538677,1.3270342358735476,44.483641624450684,44.83918647766113
2023-09-29 04:00:00+00:00,NVDA,43.69649492760647,44.01255232767132,43.178042888017536,43.36947250366211,397830000,0.40877532958984375,0.9515099997877696,0.834509439653786,44.191915893554686,44.79896148681641
2023-10-02 04:00:00+00:00,NVDA,43.89888769595612,45.04047860898654,43.73039221652358,44.64865112304688,433298000,1.2791786193847727,2.949490841228841,1.3100863924629564,44.00631980895996,44.80846618652344
2023-10-03 04:00:00+00:00,NVDA,44.67457689561349,44.99562050159697,43.117227684036216,43.38742065429688,470850000,-1.26123046875,-2.824789634235947,1.8783928175607514,43.75571842193604,44.78670471191406
2023-10-04 04:00:00+00:00,NVDA,43.61174925416727,44.011556163058,43.16308846642664,43.90985870361328,361821000,0.5224380493163991,1.204123318320982,0.84846769663136,43.60516834259034,44.75411743164062
2023-10-05 04:00:00+00:00,NVDA,43.91883469559828,44.76630599321606,43.75731831894087,44.554935455322266,393483000,0.6450767517089844,1.4690932076625085,1.0089876742751898,43.527750015258796,44.738957748413085
2023-10-06 04:00:00+00:00,NVDA,44.06141166404006,45.65266008201276,43.89490910599022,45.62574005126953,434436000,1.0708045959472656,2.403335533997164,1.7577509760225354,43.53722229003907,44.73628143310547
2023-10-09 04:00:00+00:00,NVDA,44.70847861629508,45.469207213017526,44.23589096073579,45.1381950378418,409675000,-0.4875450134277344,-1.0685744776520512,1.233316252281739,43.541958045959475,44.70690628051758
2023-10-10 04:00:00+00:00,NVDA,45.17508286360557,46.1212545539652,44.95374378600032,45.66162872314453,368582000,0.5234336853027344,1.1596247587301933,1.1675107679648846,43.58822021484376,44.68841865539551
2023-10-11 04:00:00+00:00,NVDA,46.05844552419568,46.7194733776131,45.912880346385045,46.666629791259766,378137000,1.0050010681152344,2.200975077364742,0.8065930312280543,43.65407371520997,44.69445747375488
2023-10-12 04:00:00+00:00,NVDA,46.63770730152995,47.46723049196412,46.1920397832419,46.805206298828125,481325000,0.13857650756835938,0.29694989372108793,1.2751907087222207,43.72207031250001,44.74789047241211
2023-10-13 04:00:00+00:00,NVDA,46.82015931103437,46.975696805222135,45.14516179262674,45.32562255859375,474115000,-1.479583740234375,-3.161152053871874,1.8305350125953979,43.79988746643067,44.76682716369629
2023-10-16 04:00:00+00:00,NVDA,44.928816083518186,46.08735476029038,44.77826474104746,45.95774459838867,375099000,0.6321220397949219,1.3946240649596264,1.3090900192429231,43.906020736694344,44.79511627197266
2023-10-17 04:00:00+00:00,NVDA,43.86898653187341,44.62074305005794,42.35351199528077,43.80717086791992,812333000,-2.15057373046875,-4.679458814312987,2.26723105477717,43.92685871124268,44.765699005126955
2023-10-18 04:00:00+00:00,NVDA,42.464174898094846,43.090307040885016,41.700456999229225,42.070350646972656,627294000,-1.7368202209472656,-3.9646938766802253,1.3898500416557908,43.924715042114265,44.7165592956543
2023-10-19 04:00:00+00:00,NVDA,42.68352429308483,43.16807721201632,41.757289685675055,41.97563934326172,501233000,-0.0947113037109375,-0.22512601453145153,1.4107875263412666,43.97875385284424,44.70759628295898
2023-10-20 04:00:00+00:00,NVDA,41.76526400722088,42.34353877331354,40.95568161669413,41.263763427734375,477266000,-0.7118759155273438,-1.6959263198015329,1.3878571566194111,43.967636680603036,44.68770561218262
2023-10-23 04:00:00+00:00,NVDA,41.106238683892464,43.11922801460042,40.823083912534464,42.84703826904297,478530000,1.5832748413085938,3.836961803257233,2.296144102065952,44.00517463684083,44.730046615600585
2023-10-24 04:00:00+00:00,NVDA,42.9487282788918,43.5668810255137,42.56387990123347,43.532981872558594,401463000,0.685943603515625,1.6009125279756287,1.0030011242802317,44.092514038085945,44.72832382202149
2023-10-25 04:00:00+00:00,NVDA,43.26876509902736,43.52001738311295,41.43125480910507,41.65458679199219,398379000,-1.8783950805664062,-4.314878052841287,2.0887625740078803,44.058166694641116,44.685304489135746
2023-10-26 04:00:00+00:00,NVDA,41.7283746394427,42.13017450154096,39.7612500826686,40.2059211730957,541001000,-1.4486656188964844,-3.477805760337016,2.3689244188723535,43.920427894592294,44.62236427307129
2023-10-27 04:00:00+00:00,NVDA,41.00753113322634,41.08330504631517,39.895849517473295,40.3794059753418,416784000,0.17348480224609375,0.43149067894552307,1.1874555288418733,43.77092456817628,44.56572494506836
2023-10-30 04:00:00+00:00,NVDA,40.96465211390715,41.64162722288695,40.36045387343674,41.03842926025391,388028000,0.6590232849121165,1.6320777113822738,1.2811733494502135,43.59041347503662,44.523163375854494
2023-10-31 04:00:00+00:00,NVDA,40.32955772912268,40.757281200093225,39.11318915725788,40.658573150634766,517969000,-0.37985610961914773,-0.9256107420929971,1.6440920428353465,43.45397109985352,44.399868927001954
2023-11-01 04:00:00+00:00,NVDA,40.762256048704266,42.25479998188949,40.747301323669774,42.19896697998047,437593000,1.5403938293457031,3.7886076907783783,1.507498658219717,43.36842651367188,44.33328308105469
2023-11-02 04:00:00+00:00,NVDA,43.19897822868172,43.75332234424489,42.76627246802236,43.37644958496094,409172000,1.1774826049804688,2.790311444209226,0.9870498762225353,43.30950222015381,44.261375427246094
2023-11-03 04:00:00+00:00,NVDA,43.88891942436669,45.174078747791896,43.59280293696078,44.87098693847656,424610000,1.494537353515625,3.4455041106771445,1.5812758108311158,43.27176456451416,44.21842140197754
2023-11-06 05:00:00+00:00,NVDA,45.15015318659169,45.79821918115584,44.7653010095317,45.61476516723633,400733000,0.7437782287597656,1.657592755380155,1.0329181716241393,43.295593070983884,44.21317283630371
2023-11-07 05:00:00+00:00,NVDA,45.58285989512135,46.08037071910402,45.02352961733188,45.81815719604492,343165000,0.20339202880859375,0.4458907725665151,1.056841101772136,43.303419494628905,44.19570220947266
2023-11-08 05:00:00+00:00,NVDA,45.96272281654572,46.72744095865973,45.831115913944224,46.4353141784668,346719000,0.617156982421875,1.3469703283377488,0.8963250447155033,43.291853713989255,44.15171401977539
2023-11-09 05:00:00+00:00,NVDA,47.32565858468725,48.08638711878528,46.610794508396026,46.81019973754883,540496000,0.37488555908203125,0.8073285724765844,1.4755926103892563,43.292103385925294,44.105652770996095
2023-11-10 05:00:00+00:00,NVDA,47.35855787314543,48.32766364227746,47.14220498356334,48.19107055664063,421245000,1.380870819091804,2.9499357551002747,1.1854586587141185,43.43537578582764,44.08539443969727
2023-11-13 05:00:00+00:00,NVDA,48.17611002726251,48.96974108943456,47.95576746252599,48.475215911865234,384136000,0.28414535522460227,0.5896224174780196,1.013973626908566,43.561249351501466,44.08768730163574
2023-11-14 05:00:00+00:00,NVDA,49.53206353654858,49.68560428700353,48.89396993275051,49.50813293457031,416954000,1.0329170227050781,2.1308146921574567,0.79163435425302,43.84629745483399,44.10986099243164
2023-11-15 05:00:00+00:00,NVDA,49.78630328795808,49.81122656013526,48.0564692193451,48.7424201965332,475497000,-0.7657127380371094,-1.5466403046325183,1.7547573407901638,44.17990093231201,44.146292190551755
2023-11-16 05:00:00+00:00,NVDA,48.53405466377334,49.37753629055128,48.18609481694431,49.33266830444336,339756000,0.5902481079101562,1.210953632442191,1.1914414736069645,44.547752380371094,44.210879516601565
2023-11-17 05:00:00+00:00,NVDA,49.37653577909823,49.568961894077866,48.86107690035848,49.15121078491211,325205000,-0.18145751953125,-0.36782425473407265,0.7078849937193823,44.94212474822998,44.285177841186524
2023-11-20 05:00:00+00:00,NVDA,49.16515859327281,50.39747808312561,49.0345481689,50.25889205932617,414120000,1.1076812744140625,2.253619507485438,1.3629299142256102,45.31271743774414,44.38948608398437
2023-11-21 05:00:00+00:00,NVDA,49.976737718443786,50.3665722694878,49.0754302564708,49.79528045654297,565747000,-0.4636116027832031,-0.9224469219017983,1.2911420130169944,45.62583236694336,44.49066398620605
2023-11-22 05:00:00+00:00,NVDA,49.70355312493224,50.18511275994757,47.54798851961098,48.5709342956543,899420000,-1.2243461608886719,-2.4587594439942517,2.6371242403365898,45.971649742126466,44.55509147644043
2023-11-24 05:00:00+00:00,NVDA,48.325669336815935,48.77532658141017,47.60282592861512,47.63373565673828,294645000,-0.9371986389160156,-1.9295462451087042,1.1725006527950512,46.343040466308594,44.59886070251465
2023-11-27 05:00:00+00:00,NVDA,47.65766532815117,48.38549115302334,47.51010721393193,48.09835052490234,395662000,0.4646148681640554,0.9753903651651408,0.8753839390914067,46.72898769378662,44.68544212341308
2023-11-28 05:00:00+00:00,NVDA,48.09236930689928,48.17911204503058,47.33164078012809,47.67860412597656,401491000,-0.41974639892577414,-0.8726835626274854,0.847471264902488,47.06099643707275,44.76231262207031
2023-11-29 05:00:00+00:00,NVDA,48.23494506927642,48.61680404477492,47.71748947427739,47.99665451049805,382005000,0.3180503845214844,0.6670715100658864,0.8993145704975305,47.42790050506592,44.85443748474121
2023-11-30 05:00:00+00:00,NVDA,47.88100118212253,47.96674744990859,46.283773941411816,46.6307373046875,526247000,-1.3659172058105469,-2.8458591952732593,1.6829735084967723,47.64948902130127,44.94478775024414
2023-12-01 05:00:00+00:00,NVDA,46.38646445632827,47.05945375436282,46.04946966832762,46.62574768066406,369317000,-0.0049896240234375,-0.010700289791332196,1.0099840860352032,47.811953926086424,45.05940544128418
2023-12-04 05:00:00+00:00,NVDA,45.939790296925786,45.939790296925786,44.87596630034032,45.37447738647461,437543000,-1.2512702941894531,-2.683646603930734,1.0638239965854623,47.837128448486325,45.1371728515625
2023-12-05 05:00:00+00:00,NVDA,45.33459252578994,46.465313882039936,45.14015642442524,46.43141555786133,371718000,1.0569381713867188,2.329367151458972,1.3251574576146936,47.877960968017575,45.22387557983399
2023-12-06 05:00:00+00:00,NVDA,47.07854047729528,47.25004424942053,45.2807500654452,45.37148666381836,380590000,-1.0599288940429688,-2.2827839326201915,1.969294183975336,47.85562744140625,45.29558143615723
2023-12-07 05:00:00+00:00,NVDA,45.56792757808214,46.49424361639184,45.47220434901942,46.46133804321289,350823000,1.0898513793945312,2.40206230725879,1.0220392673724206,47.85692863464355,45.37797752380371
2023-12-08 05:00:00+00:00,NVDA,46.4603430274887,47.60303102965734,46.41547109826504,47.36870956420898,359224000,0.9073715209960866,1.9529603735306988,1.1875599313923004,47.88485412597656,45.46613777160645
2023-12-11 05:00:00+00:00,NVDA,47.35374994188855,47.39363144924944,45.69755100849952,46.49224472045898,509728000,-0.87646484375,-1.8503034003110042,1.696080440749924,47.79991283416748,45.52859321594238
2023-12-12 05:00:00+00:00,NVDA,45.91292392475919,47.5282408991093,45.91292392475919,47.51926803588867,372387000,1.0270233154296946,2.209020712174281,1.6153169743501081,47.752115440368655,45.58600555419922
2023-12-13 05:00:00+00:00,NVDA,47.49135865819483,48.45357005871663,47.47041943734218,47.949031829833984,447792000,0.4297637939453125,0.9043990189847584,0.983150621374449,47.674160385131835,45.67723777770996
2023-12-14 05:00:00+00:00,NVDA,48.2501437897404,48.52933332337193,47.28494297084845,48.21025848388672,391232000,0.2612266540527344,0.544800685402369,1.2443903525234816,47.64755229949951,45.76324577331543
2023-12-15 05:00:00+00:00,NVDA,48.05470783522104,49.26120972737903,47.98092040479684,48.74869537353516,479948000,0.5384368896484446,1.1168512814101694,1.2802893225821919,47.6183536529541,45.847120971679686
2023-12-18 05:00:00+00:00,NVDA,49.25723229515319,50.28724399732617,49.0079548114807,49.932273864746094,412587000,1.1835784912109304,2.4279182902061214,1.279289185845471,47.6574068069458,45.93325164794922
2023-12-19 05:00:00+00:00,NVDA,49.28115986593068,49.55636317420033,48.75368939419547,49.46063995361328,464444000,-0.4716339111328125,-0.9445472329386639,0.8026737800048593,47.61749420166016,46.01970054626465
2023-12-20 05:00:00+00:00,NVDA,49.51148681248871,49.85449435490147,47.95898761649741,47.97195053100586,397894000,-1.4886894226074219,-3.009846665962246,1.895506738404059,47.5263277053833,46.06590698242187
2023-12-21 05:00:00+00:00,NVDA,48.66993565248791,48.953115280045736,48.27906644393615,48.848419189453125,300425000,0.8764686584472656,1.82704403040852,0.6740488361095842,47.54020195007324,46.109542770385744
2023-12-22 05:00:00+00:00,NVDA,49.05282392386867,49.24028032151343,48.326927237730985,48.68888092041016,252507000,-0.15953826904296164,-0.3265986324433756,0.9133530837824466,47.59295921325683,46.14721626281738
2023-12-26 05:00:00+00:00,NVDA,48.82647939940057,49.45665286845571,48.81850309781851,49.13658142089844,244200000,0.44770050048827414,0.919512816940915,0.6381497706372059,47.64487075805664,46.223435440063476
2023-12-27 05:00:00+00:00,NVDA,49.36791528650649,49.536425600159234,48.94314392704513,49.27418518066406,233648000,0.137603759765625,0.28004341325036375,0.593281673114106,47.724649810791014,46.28976425170899
2023-12-28 05:00:00+00:00,NVDA,49.49953204501984,49.73983287122963,49.26919684127221,49.37887954711914,246587000,0.10469436645507812,0.21247305474705325,0.4706360299574186,47.79376106262207,46.40119842529297
2023-12-29 05:00:00+00:00,NVDA,49.66903891502132,49.85250906748791,48.61010784761711,49.37887954711914,389293000,0.0,0.0,1.2424012198707999,47.931168174743654,46.5473690032959
2024-01-02 05:00:00+00:00,NVDA,49.101683898702085,49.15253519979954,47.457451257375006,48.02879333496094,411254000,-1.3500862121582031,-2.7341369924562597,1.6950839424245316,48.0013204574585,46.668432083129886
2024-01-03 05:00:00+00:00,NVDA,47.34776930861543,48.04474670855863,47.183245244517686,47.43152618408203,320896000,-0.5972671508789062,-1.2435606006452549,0.8615014640409413,48.10417289733887,46.79178733825684
2024-01-04 05:00:00+00:00,NVDA,47.62894445792347,48.35982768135906,47.3706941328935,47.85927963256836,306535000,0.4277534484863281,0.9018336176369601,0.9891335484655599,48.17556610107422,46.89203216552735
2024-01-05 05:00:00+00:00,NVDA,48.3219379503372,49.40380119345811,48.16638677946172,48.9551010131836,415039000,1.0958213806152415,2.2896737874623874,1.2374144139963903,48.35474681854248,47.000474548339845
2024-01-08 05:00:00+00:00,NVDA,49.368913779629096,52.12392933182719,49.3360082047019,52.10198974609375,642510000,3.146888732910149,6.428112020568988,2.787921127125294,48.636779403686525,47.20942260742188
2024-01-09 05:00:00+00:00,NVDA,52.24956456447165,54.16800408255062,51.54061697774943,52.986427307128906,773100000,0.8844375610351562,1.6975120630617901,2.627387104801187,48.91766529083252,47.465032730102536
2024-01-10 05:00:00+00:00,NVDA,53.46105596670663,54.44220965259703,53.334420276456434,54.19293212890625,533796000,1.2065048217773438,2.2770073075204733,1.1077893761405946,49.302699661254884,47.741303253173825
2024-01-11 05:00:00+00:00,NVDA,54.84004936433209,55.18604663034972,53.40520900250216,54.66355895996094,596759000,0.4706268310546875,0.8684284325771952,1.7808376278475606,49.6599142074585,48.013805847167966
2024-01-12 05:00:00+00:00,NVDA,54.46213984268147,54.8111305781565,54.172980872190166,54.5518798828125,352994000,-0.1116790771484375,-0.20430260903838704,0.6381497059663346,49.99005661010742,48.291671981811525
2024-01-16 05:00:00+00:00,NVDA,54.85899501538464,56.67074127144449,54.74133601464206,56.219051361083984,449580000,1.6671714782714844,3.0561210390052107,1.9294052568024327,50.390496253967285,48.57207366943359
2024-01-17 05:00:00+00:00,NVDA,56.18415552246115,56.3077977062965,54.58180135481828,55.89100646972656,474394000,-0.3280448913574219,-0.5835119650996146,1.7259963514782157,50.74761180877685,48.822364807128906
2024-01-18 05:00:00+00:00,NVDA,57.094517089822695,57.43353464294008,55.94484937824919,56.94195938110352,491650000,1.0509529113769602,1.8803613993714885,1.4886852646908935,51.09809608459473,49.063784255981446
2024-01-19 05:00:00+00:00,NVDA,57.8214070619552,59.3280417723161,57.05961512425851,59.319068908691406,543501000,2.3771095275878835,4.174618424487764,2.2684266480575914,51.59101753234863,49.337870330810546
2024-01-22 05:00:00+00:00,NVDA,59.87545679775879,60.15664330232137,58.89928603895681,59.48159790039063,452955000,0.16252899169922586,0.2739911375706283,1.257357263364561,52.16649990081787,49.611139144897464
2024-01-23 05:00:00+00:00,NVDA,59.39783691409728,59.73685443495751,58.41568304614902,59.6999626159668,294654000,0.21836471557616477,0.3671130623320584,1.3211713888084873,52.70907707214356,49.87643211364746
2024-01-24 05:00:00+00:00,NVDA,60.12972084943654,62.66736391279241,59.76477747230483,61.184661865234375,560271000,1.4846992492675781,2.4869349731728274,2.902586440487582,53.333866119384766,50.16392135620117
2024-01-25 05:00:00+00:00,NVDA,62.16980235813448,62.53773920716308,60.67413746929077,61.43892288208008,482777000,0.2542610168457031,0.4155633276289761,1.8636017378723082,53.94898319244385,50.42887840270996
2024-01-26 05:00:00+00:00,NVDA,60.7838279254581,61.60445135537022,60.39794910397368,60.85462188720703,390309000,-0.5843009948730469,-0.9510274065098745,1.206502251396543,54.528005027770995,50.6764665222168
2024-01-29 05:00:00+00:00,NVDA,61.055035142050976,62.30840232360706,60.73097744998884,62.28447341918945,348733000,1.4298515319824219,2.34961862819989,1.5774248736182201,55.173284721374515,50.93199333190918
2024-01-30 05:00:00+00:00,NVDA,62.71821799882993,63.309502714007664,62.08006442941247,62.59257888793945,410735000,0.30810546875,0.49467459839689365,1.2294382845951972,55.83396968841553,51.2089965057373
2024-01-31 05:00:00+00:00,NVDA,61.26243177102061,62.08903826354452,60.52457256442592,61.34918212890625,453795000,-1.2433967590332031,-1.9864922984868194,1.5644656991186068,56.499989128112794,51.449326782226564
2024-02-01 05:00:00+00:00,NVDA,61.92052952927185,63.00837994825412,61.4718330718424,62.844852447509766,369146000,1.4956703186035156,2.437962930721449,1.5365468764117196,57.27065544128418,51.723199615478514
2024-02-02 05:00:00+00:00,NVDA,63.78911624931711,66.40752664709339,63.5059366044878,65.96880340576172,476578000,3.123950958251953,4.970893934170961,2.9015900426055907,58.176131629943846,52.03739784240722
2024-02-05 05:00:00+00:00,NVDA,68.02782694293316,69.29615400361993,67.01077810938553,69.13162994384766,680078000,3.1628265380859375,4.794427630636244,2.285375894234406,59.18495807647705,52.42412483215332
2024-02-06 05:00:00+00:00,NVDA,69.42877233327619,69.552414531284,66.10840153882174,68.02584075927734,683111000,-1.1057891845703125,-1.5995416070306634,3.4440129924622624,59.98115062713623,52.81322296142578
2024-02-07 05:00:00+00:00,NVDA,68.12155362100862,70.01706057362387,67.40462981569888,69.89640808105469,495575000,1.8705673217773438,2.74978934607617,2.612430757924983,60.82664966583252,53.258476409912106
2024-02-08 05:00:00+00:00,NVDA,69.87148269785355,70.5894031052992,69.25427593719057,69.43973541259766,414422000,-0.45667266845703125,-0.6533564184406426,1.3351271681086274,61.58898983001709,53.68530410766601
2024-02-09 05:00:00+00:00,NVDA,70.32916305952648,71.97638935285751,70.00909157292358,71.92454528808594,436637000,2.4848098754882812,3.5783688701058747,1.9672977799339293,62.45203914642334,54.1702229309082
2024-02-12 05:00:00+00:00,NVDA,72.39017224345903,74.39536169687851,71.04407549243956,72.03919219970703,613710000,0.11464691162109375,0.15939886885887322,3.3512862044389493,63.32640476226807,54.651073684692385
2024-02-13 05:00:00+00:00,NVDA,70.19654512895808,73.23772604754565,69.4188005504822,71.91954803466797,602580000,-0.1196441650390625,-0.16608204698823625,3.8189254970634465,64.11142959594727,55.15684989929199
2024-02-14 05:00:00+00:00,NVDA,72.99045103936953,74.02145939035373,71.7301040369102,73.68643188476562,504917000,1.7668838500976562,2.456750491877324,2.291355353443521,65.00120086669922,55.69806358337402
2024-02-15 05:00:00+00:00,NVDA,73.65553513860904,73.7612240097967,72.19077851996437,72.44802856445312,420122000,-1.2384033203125,-1.6806395541708041,1.5704454898323377,65.7765043258667,56.239534606933596
2024-02-16 05:00:00+00:00,NVDA,73.88583908151942,74.18696820662582,72.29146138961607,72.40313720703125,495327000,-0.044891357421875,-0.061963532081399375,1.8955068170097462,66.43070774078369,56.75896903991699
2024-02-20 05:00:00+00:00,NVDA,71.73905822029711,71.74803488638726,67.53823713980917,69.25127410888672,704833000,-3.1518630981445312,-4.353213437605641,4.20979774657809,66.9191915512085,57.236564788818356
2024-02-21 05:00:00+00:00,NVDA,67.8094614044966,68.68891622407938,66.05654635382845,67.27700805664062,673755000,-1.9742660522460938,-2.8508732548976234,2.632369870250926,67.29804382324218,57.65287818908691
2024-02-22 05:00:00+00:00,NVDA,74.80818688297568,78.34792317872578,74.0055129470122,78.31103515625,865100000,11.034027099609375,16.400888532854797,4.342410231713572,68.15436248779297,58.271724700927734
2024-02-23 05:00:00+00:00,NVDA,80.55650787145979,82.15586840169918,77.3458128505141,78.5892105102539,829388000,0.27817535400390625,0.35521858886027324,4.810055551185087,69.01187686920166,58.91366401672363
2024-02-26 05:00:00+00:00,NVDA,79.46965549121944,80.41292820605618,78.27810947244775,78.86341857910156,503973000,0.27420806884765625,0.348913123146688,2.1348187336084266,69.91231670379639,59.54054702758789
2024-02-27 05:00:00+00:00,NVDA,79.151576284054,79.25029679601072,76.9389952975712,78.47354125976562,391705000,-0.3898773193359375,-0.4943703004009148,2.3113014984395193,70.72177009582519,60.15103721618652
2024-02-28 05:00:00+00:00,NVDA,77.39567785845682,78.7048791588161,76.90210568945557,77.43855285644531,393110000,-1.0349884033203125,-1.3189011056532585,1.802773469360531,71.4640687942505,60.73560310363769
2024-02-29 05:00:00+00:00,NVDA,78.86541608909434,79.75882270864132,78.12356300049603,78.88336181640625,507289000,1.4448089599609375,1.8657489153229845,1.6352597081452842,72.3407777786255,61.33829643249512
2024-03-01 05:00:00+00:00,NVDA,79.76880094187264,82.06215701188974,79.20543135087004,82.04121398925781,479135000,3.1578521728515625,4.003191674565265,2.856725661019695,73.30059585571288,61.98047523498535
2024-03-04 05:00:00+00:00,NVDA,83.88685110747949,87.44155024884783,83.47704345209779,84.99065399169922,615616000,2.9494400024414062,3.595071134402761,3.964506796750044,74.25168838500977,62.69107551574707
2024-03-05 05:00:00+00:00,NVDA,85.02755456111447,85.85220668028344,83.17982622827054,85.7195816040039,520639000,0.7289276123046875,0.8576561987343689,2.672380452012902,75.08108596801758,63.44602813720703
2024-03-06 05:00:00+00:00,NVDA,87.7717411927185,89.46889796984821,86.78255724053227,88.44780731201172,582520000,2.7282257080078125,3.182733346286404,2.686340729315944,76.1021842956543,64.23801589965821
2024-03-07 05:00:00+00:00,NVDA,89.90165539673119,92.5032385135836,89.34723648723485,92.405517578125,608119000,3.9577102661132812,4.474627903608641,3.1560020263487445,77.2276397705078,65.1123486328125
2024-03-08 05:00:00+00:00,NVDA,94.86750020038096,97.12306982330983,86.26003928547323,87.27913665771484,1142269000,-5.126380920410156,-5.5477000235143015,10.863030537836607,78.11960983276367,65.87519973754883
2024-03-11 04:00:00+00:00,NVDA,86.18324958318006,88.54451266458084,83.9266836856204,85.53011322021484,678364000,-1.7490234375,-2.0039421842120153,4.617828978960432,78.79988822937011,66.60031829833984
2024-03-12 04:00:00+00:00,NVDA,87.79866017993605,91.69853581019218,85.90505740123257,91.65167236328124,668075000,6.121559143066392,7.157197520954028,5.793478408959615,79.78051223754883,67.44577415466308
2024-03-13 04:00:00+00:00,NVDA,90.7961026211969,91.24382347923168,88.18354935724443,90.62957763671876,635713000,-1.0220947265624716,-1.1151948461029515,3.0602741219872485,80.71601371765136,68.27078811645508
2024-03-14 04:00:00+00:00,NVDA,89.32231468480107,90.3882755061813,86.35377401546849,87.69395446777344,602318000,-2.9356231689453267,-3.239144709150621,4.034501490712813,81.41638984680176,69.06409133911133
2024-03-15 04:00:00+00:00,NVDA,86.68284605628648,89.29140572149215,86.01176295929899,87.58726501464844,642086000,-0.106689453125,-0.1216611267817913,3.2796427621931628,82.17335166931153,69.86720611572265
2024-03-18 04:00:00+00:00,NVDA,90.13098583462606,92.14224887190905,86.83737638281593,88.20348358154297,668976000,0.6162185668945312,0.7035481320160741,5.304872489093114,82.9633689880371,70.67409019470215
2024-03-19 04:00:00+00:00,NVDA,86.45348714580204,90.28655945618765,84.76829741224358,89.1438217163086,672171000,0.940338134765625,1.0661009028019697,5.518262043944063,83.9579963684082,71.47786460876465
2024-03-20 04:00:00+00:00,NVDA,89.54168157483528,90.15294523438696,87.97215934887909,90.11505126953124,479063000,0.971229553222642,1.0895085430749019,2.1807858855078734,85.09989852905274,72.2381258392334
2024-03-21 04:00:00+00:00,NVDA,92.03756431354115,92.38457441104312,90.14794815065484,91.17501831054688,480372000,1.0599670410156392,1.176237516466938,2.2366262603882774,85.74309768676758,73.00189765930176
2024-03-22 04:00:00+00:00,NVDA,90.88186754884678,94.50852789687556,90.5757411997652,94.02091979980467,586719000,2.8459014892577983,3.1213610284831717,3.932786697110359,86.51468315124512,73.79845741271973
2024-03-25 04:00:00+00:00,NVDA,93.67389990625728,96.49086455465545,93.24412560987103,94.73188018798828,552136000,0.710960388183608,0.7561725514890094,3.2467389447844113,87.30810623168945,74.59982383728027
2024-03-26 04:00:00+00:00,NVDA,95.57845969689596,96.1009718491892,92.23898306006764,92.29781341552734,513648000,-2.4340667724609375,-2.5694272800568463,3.861988789121554,87.99931983947754,75.35474250793457
2024-03-27 04:00:00+00:00,NVDA,92.84725495724012,92.97488937266765,88.8695984293379,89.99339294433594,586067000,-2.3044204711914062,-2.496722713047206,4.105290943329749,88.62706184387207,76.03022933959961
2024-03-28 04:00:00+00:00,NVDA,89.74411520186113,91.0404221311914,88.93941042675222,90.09910583496094,435212000,0.105712890625,0.11746739084543822,2.1010117044391876,89.1878490447998,76.71439132690429
2024-04-01 04:00:00+00:00,NVDA,90.04226569169144,91.96278458075768,88.95037777581965,90.1060791015625,452441000,0.0069732666015625,0.007739551393926014,3.0124068049380384,89.59109230041504,77.37767372131347
2024-04-02 04:00:00+00:00,NVDA,88.19651163521841,89.83783523468522,87.37087059473389,89.19766235351562,433064000,-0.908416748046875,-1.0081636634338031,2.4669646399513283,89.80144271850585,77.97524559020997
2024-04-03 04:00:00+00:00,NVDA,88.23242095077572,90.11704664082848,88.14866014711569,88.71105194091797,370067000,-0.48661041259765625,-0.5455416652838774,1.968386493712785,89.95101623535156,78.55983467102051
2024-04-04 04:00:00+00:00,NVDA,90.1489453998678,90.3763015666953,85.63581327474101,85.6607437133789,434965000,-3.0503082275390625,-3.4384759968471346,4.740488291954293,89.81166305541993,79.07905029296874
2024-04-05 04:00:00+00:00,NVDA,86.61900791219938,88.22942139866663,85.68168582327746,87.75776672363281,399678000,2.0970230102539062,2.44805603984779,2.5477355753891686,89.57927551269532,79.61051239013672
2024-04-08 04:00:00+00:00,NVDA,88.44779987998065,88.57743512523471,86.4854007087341,86.88526153564453,283220000,-0.8725051879882812,-0.9942199084623238,2.09203441650061,89.5595817565918,80.11943916320801
2024-04-09 04:00:00+00:00,NVDA,87.19338119556187,87.38583323801888,82.78595022062588,85.11131286621094,501700000,-1.7739486694335938,-2.041714138946149,4.599883017392997,89.5386417388916,80.60457298278808
2024-04-10 04:00:00+00:00,NVDA,83.68738625967652,87.15150809881327,83.4710003679758,86.79153442382812,431929000,1.6802215576171875,1.974145975469055,3.680507730837462,89.29563484191894,81.09471420288087
2024-04-11 04:00:00+00:00,NVDA,87.17144056555283,90.48100403591604,86.67884945614712,90.3583526611328,431637000,3.5668182373046733,4.109638412298211,3.8021545797689242,89.28207359313964,81.65002967834472
2024-04-12 04:00:00+00:00,NVDA,89.44394775788123,89.91859983995623,87.28111636114915,87.93524932861328,426805000,-2.423103332519517,-2.68165948266762,2.6374834788070842,89.29413833618165,82.18175102233887
2024-04-15 04:00:00+00:00,NVDA,88.84466403718538,90.35535577476978,85.68467584656017,85.7564697265625,443077000,-2.1787796020507812,-2.477709017357421,4.6706799282096085,89.20259857177734,82.63998336791992
2024-04-16 04:00:00+00:00,NVDA,86.18725549413733,87.86746232886081,85.81930894271287,87.16646575927734,370453000,1.4099960327148438,1.6441861905121202,2.048153386147945,89.15074768066407,83.06393661499024
2024-04-17 04:00:00+00:00,NVDA,88.08883458135892,88.5226029947078,83.71131651391543,83.79608154296875,495400000,-3.3703842163085938,-3.866606483296442,4.811286480792361,88.88336067199707,83.35722564697265
2024-04-18 04:00:00+00:00,NVDA,84.72840551757585,85.94493790164843,82.16770633584548,84.43025207519531,447260000,0.6341705322265625,0.7568021326884722,3.77723156580295,88.59912071228027,83.68531387329102
2024-04-19 04:00:00+00:00,NVDA,82.91358102333888,84.08423897081519,75.39103216599602,75.98333740234375,875198000,-8.446914672851562,-10.004606720027986,8.69320680481917,87.83953666687012,83.8070524597168
2024-04-22 04:00:00+00:00,NVDA,77.88192715774476,79.8453305652036,76.18277728835372,79.29190826416016,596341000,3.3085708618164062,4.354337378334683,3.662553276849877,87.10308609008788,84.00409591674804
2024-04-23 04:00:00+00:00,NVDA,80.53934787289336,82.53366130187051,80.03578647084935,82.18864440917969,438559000,2.8967361450195312,3.6532556832521657,2.4978748310211643,86.47592430114746,84.20937789916992
2024-04-24 04:00:00+00:00,NVDA,83.71130825195023,83.84293671972377,78.95786360773235,79.4504623413086,512208000,-2.7381820678710938,-3.331581981373166,4.885073111991417,85.83355674743652,84.35760330200195
2024-04-25 04:00:00+00:00,NVDA,78.64376576074403,83.08610152779464,78.00060291462616,82.3970718383789,424641000,2.9466094970703125,3.7087380113813184,5.0854986131684825,85.45374069213867,84.56715377807618
2024-04-26 04:00:00+00:00,NVDA,83.57967245914212,88.07984066940489,83.14989820917565,87.48553466796875,551011000,5.088462829589844,6.175538421524029,4.929942460229242,85.32306213378907,84.84313583374023
2024-04-29 04:00:00+00:00,NVDA,87.34594249418755,87.74180926182623,85.0235621625501,87.50748443603516,388971000,0.02194976806640625,0.025089596982752482,2.7182470992761267,85.1931324005127,85.14432495117188
2024-04-30 04:00:00+00:00,NVDA,86.99194098130891,88.56645365033815,86.05461893624248,86.15632629394531,363709000,-1.3511581420898438,-1.5440486614347715,2.51183471409567,85.04106559753419,85.41938873291015
2024-05-01 04:00:00+00:00,NVDA,84.83509991070004,85.75547203094351,81.02396098069623,82.80488586425781,559863000,-3.3514404296875,-3.8899528030630792,4.731511050247278,84.74575729370117,85.69046096801758
2024-05-02 04:00:00+00:00,NVDA,84.20889135183461,85.99180970266082,82.96344197206183,85.57300567626953,377898000,2.7681198120117188,3.342942609146893,3.028367730598987,84.7413703918457,86.05638092041016
2024-05-03 04:00:00+00:00,NVDA,87.53939567590184,89.02715032615576,86.79252471992756,88.53655242919922,398341000,2.9635467529296875,3.463179456546217,2.2346256062282066,84.78030967712402,86.26089126586913
2024-05-06 04:00:00+00:00,NVDA,89.13584021044993,91.95779560513115,88.80179361610953,91.87802124023438,376203000,3.3414688110351562,3.7741121823184454,3.156001989021618,85.02994766235352,86.52666748046875
2024-05-07 04:00:00+00:00,NVDA,90.83898366205491,91.52004037192768,88.75791956813879,90.2965316772461,437342000,-1.5814895629882812,-1.7212925807937762,2.762120803788889,85.28920860290528,86.75532974243164
2024-05-08 04:00:00+00:00,NVDA,89.22857072950318,90.93470430679172,89.1657463302182,90.1549301147461,325721000,-0.1416015625,-0.1568183847926008,1.7689579765735175,85.45737838745117,86.98895751953125
2024-05-09 04:00:00+00:00,NVDA,90.271597974963,90.81305333122494,87.9801353538175,88.49466705322266,378013000,-1.6602630615234375,-1.8415665781231438,2.8329179774074333,85.36419410705567,87.2100798034668
2024-05-10 04:00:00+00:00,NVDA,90.04823199188911,91.14111635473476,88.97329419694542,89.62244415283203,335325000,1.127777099609375,1.274401200844233,2.1678221577893453,85.4485538482666,87.42486145019531
2024-05-13 04:00:00+00:00,NVDA,90.22074555223656,90.73927132421964,88.27728953555432,90.14197540283205,289680000,0.5195312500000142,0.5796887765235015,2.4619817886653266,85.66782913208007,87.5868766784668
2024-05-14 04:00:00+00:00,NVDA,89.34424430460986,91.3904118490216,88.68113417048747,91.09625244140624,296507000,0.9542770385741903,1.0586378147468656,2.7092776785341357,85.86431846618652,87.70898864746094
2024-05-15 04:00:00+00:00,NVDA,92.20908510921412,94.5922892882104,91.33856611429668,94.36094665527344,417735000,3.2646942138672017,3.5837854207746656,3.2537231739137127,86.39256172180175,87.88181594848633
2024-05-16 04:00:00+00:00,NVDA,94.64015703115626,95.54656916838988,93.83544466437304,94.0907211303711,323952000,-0.27022552490234375,-0.2863743259057694,1.711124504016837,86.87558517456054,87.99467422485351
2024-05-17 04:00:00+00:00,NVDA,94.10067453937732,94.47061422155927,91.54495864177208,92.2160415649414,359691000,-1.8746795654296875,-1.992417044856265,2.9256555797871897,87.68722038269043,87.99088470458985
2024-05-20 04:00:00+00:00,NVDA,93.48344309476197,94.9293173048801,93.17432694405991,94.51051330566406,318764000,2.2944717407226562,2.4881481592406107,1.7549903608201873,88.44815063476562,88.13551223754882
2024-05-21 04:00:00+00:00,NVDA,93.3328702666462,95.1287520032466,92.915062881723,95.1147918701172,328946000,0.6042785644531392,0.6393770844295377,2.2136891215236005,89.0944580078125,88.32720581054687
2024-05-22 04:00:00+00:00,NVDA,95.18758628884532,95.74698824605449,92.98387077371804,94.6800308227539,548648000,-0.43476104736329546,-0.4570908886148639,2.7631174723364467,89.85593643188477,88.38777297973633
2024-05-23 04:00:00+00:00,NVDA,101.73791493789795,106.0177117858919,101.23135605250832,103.5038833618164,835065000,8.8238525390625,9.319655330046551,4.786355733383587,90.91127700805664,88.64525909423828
2024-05-24 04:00:00+00:00,NVDA,104.1520217798762,106.17226230771774,102.70714415978956,106.1662826538086,429494000,2.6623992919921875,2.572269953085038,3.4651181479281803,91.84531440734864,89.01470565795898
2024-05-28 04:00:00+00:00,NVDA,109.93054862844438,114.61219912037284,109.57057499198292,113.5771484375,652728000,7.410865783691406,6.980432580329721,5.041624128389913,93.14879760742187,89.53450332641602
2024-05-29 04:00:00+00:00,NVDA,112.72858027740573,115.16363093573716,110.58568822600918,114.49852752685548,557442000,0.921379089355483,0.8112363288135471,4.577942709727978,94.56590766906739,90.06040420532227
2024-05-30 04:00:00+00:00,NVDA,114.32401567603496,115.48969056494155,109.35119576529628,110.1858139038086,484553000,-4.312713623046889,-3.76661055491333,6.138494799645272,95.93495407104493,90.48124404907226
2024-05-31 04:00:00+00:00,NVDA,112.20006619281486,112.39651226649592,106.6359377048998,109.32128143310548,613263000,-0.8645324707031108,-0.7846132274866524,5.7605745615961155,97.12236785888672,90.86536865234375
2024-06-03 04:00:00+00:00,NVDA,113.29793498606988,114.67301177978516,111.68453173387806,114.67301177978516,438392000,5.351730346679673,4.895414942564891,2.988480045907096,98.42919082641602,91.33532852172851
2024-06-04 04:00:00+00:00,NVDA,115.38699108204422,116.26847269779265,113.7207369592616,116.1059341430664,403324000,1.43292236328125,1.2495724504323569,2.5477357385310455,99.64058647155761,91.77702880859376
2024-06-05 04:00:00+00:00,NVDA,118.03444216742469,122.10084264977677,117.13400975669744,122.09187316894533,528402000,5.9859390258789205,5.155584053527362,4.966832893079328,101.23035354614258,92.3242286682129
2024-06-06 04:00:00+00:00,NVDA,123.69530003662086,125.22992577254256,117.98358919974154,120.65397644042967,664696000,-1.4378967285156534,-1.1777169857374203,7.246336572801013,102.75530586242675,92.89135192871093
2024-06-07 04:00:00+00:00,NVDA,119.42947108598516,121.34601121410144,117.6864474461413,120.54429626464844,412386000,-0.10968017578123579,-0.09090473353390305,3.6595637679601367,104.35778732299805,93.50236999511719
2024-06-10 04:00:00+00:00,NVDA,120.02776477909312,122.74999853797117,116.67731737762593,121.4437255859375,313434100,0.8994293212890625,0.7461400905393489,6.07268116034524,105.94885139465332,94.12926239013672
2024-06-11 04:00:00+00:00,NVDA,121.43375200225071,122.53072064853248,118.41211998717576,120.57613372802734,222551200,-0.8675918579101562,-0.7143982562493267,4.118600661356723,107.47055931091309,94.73866348266601
2024-06-12 04:00:00+00:00,NVDA,122.72018091821552,126.5296321042774,122.23153612962204,124.8542709350586,299595000,4.27813720703125,3.548079603117027,4.298095974655354,109.1584602355957,95.45179565429687
2024-06-13 04:00:00+00:00,NVDA,129.03274245209298,129.4416140587622,126.8089039349113,129.25213623046875,260704500,4.397865295410156,3.5223987633532072,2.632710123850913,110.90301971435547,96.26261734008789
2024-06-14 04:00:00+00:00,NVDA,129.60112719578945,132.47316384016574,127.9656566008486,131.5158233642578,309320400,2.2636871337890625,1.7513730912367187,4.507507239317135,112.7742748260498,97.17971893310546
2024-06-17 04:00:00+00:00,NVDA,132.62277611443673,133.36072299109455,129.2221885999668,130.61831665039062,288504400,-0.8975067138671875,-0.6824324943633386,4.138534391127735,114.69438858032227,98.03692993164063
2024-06-18 04:00:00+00:00,NVDA,130.77788509132313,135.95355648117285,130.32913071079423,135.20562744140625,294335100,4.587310791015625,3.511996562697939,5.624425770378622,116.72914428710938,99.00333724975586
2024-06-20 04:00:00+00:00,NVDA,139.41394956266274,140.37129003031137,129.16233868973217,130.41885375976562,517768400,-4.786773681640625,-3.5403657171851455,11.208951340579205,118.4943473815918,99.90948806762695
2024-06-21 04:00:00+00:00,NVDA,126.76897377617152,130.2692833981682,123.95676122395308,126.22048950195312,649445800,-4.1983642578125,-3.219139056034015,6.312522174215118,120.07137031555176,100.69806716918946
2024-06-24 04:00:00+00:00,NVDA,122.8996829011854,124.1163152101961,117.71404522588668,117.78385162353516,476060900,-8.436637878417969,-6.684047821164107,6.402269984309427,120.78536872863769,101.2465771484375
2024-06-25 04:00:00+00:00,NVDA,120.8653174275534,126.15068514494097,118.9905115651875,125.74181365966795,414192600,7.957962036132798,6.756411788577199,7.160173579753462,121.76414527893067,102.0027084350586
2024-06-26 04:00:00+00:00,NVDA,125.7817056647018,127.76620840809863,122.26145451808377,126.05096435546876,362975900,0.30915069580080967,0.24586148935115126,5.504753890014868,122.3878360748291,102.80859832763672
2024-06-27 04:00:00+00:00,NVDA,123.75730274535012,126.0609289734585,122.58056095000111,123.6476058959961,252571700,-2.4033584594726705,-1.90665614639417,3.4803680234573875,122.84528999328613,103.5382211303711
2024-06-28 04:00:00+00:00,NVDA,124.23599694106169,127.35735127952528,122.4110483253652,123.19886779785156,315516700,-0.44873809814453125,-0.3629169322711956,4.946302954160075,123.49594268798828,104.32627685546875
2024-07-01 04:00:00+00:00,NVDA,123.12906191428952,124.49527404629498,118.50187501478464,123.95677185058594,284885500,0.757904052734375,0.6151875145297359,5.993399031510336,124.2277172088623,105.11680725097656
2024-07-02 04:00:00+00:00,NVDA,120.79551981451768,123.0692304193492,120.69579746715524,122.33126831054688,218374000,-1.6255035400390625,-1.3113471057461856,2.3734329521939515,124.61063003540039,106.04376586914063
2024-07-03 04:00:00+00:00,NVDA,121.32408029184768,127.92579650878906,121.024905598081,127.92579650878906,215749000,5.5945281982421875,4.573261011273155,6.900890910708057,125.20162315368653,107.01644363403321
2024-07-05 04:00:00+00:00,NVDA,127.02825159880692,128.49420118342798,125.3329490025218,125.48253631591795,214176700,-2.443260192871108,-1.909904225379,3.1612521809061747,125.37115631103515,107.88232147216797
2024-07-08 04:00:00+00:00,NVDA,127.13796209423433,130.4089114819867,126.68920771422978,127.84600067138672,237677300,2.363464355468764,1.883500624755019,3.7197037677569256,125.730757522583,108.85023223876954
2024-07-09 04:00:00+00:00,NVDA,129.99007251430768,133.45049207075732,128.29475452643044,131.01722717285156,285366600,3.1712265014648438,2.480505048895587,5.1557375443268825,126.25440406799316,109.82263534545899
2024-07-10 04:00:00+00:00,NVDA,133.65988550841513,134.72693809179796,132.0543307877707,134.53746032714844,248978600,3.520233154296875,2.686847546889859,2.6726073040272524,126.90909080505371,110.76367385864258
2024-07-11 04:00:00+00:00,NVDA,135.37514352274297,135.7740328866088,126.69917051710232,127.04820251464844,374782700,-7.4892578125,-5.566671018085756,9.07486236950649,127.23269424438476,111.55448822021485
2024-07-12 04:00:00+00:00,NVDA,127.90582806874107,131.5557253023775,126.86870653322082,128.8831329345703,252680500,1.834930419921875,1.4442789300465053,4.687018769156694,127.43413734436035,112.40902435302735
2024-07-15 04:00:00+00:00,NVDA,130.19946809344353,131.02717795052595,126.828804392605,128.0853271484375,208326200,-0.7978057861328125,-0.6190148919935301,4.198373557920959,127.37579689025878,113.31463317871093
2024-07-16 04:00:00+00:00,NVDA,128.08532061289833,128.6836546073769,124.23597923680788,126.01106262207033,214769500,-2.0742645263671733,-1.6194396130661537,4.447675370569016,127.10055885314941,114.12339431762695
2024-07-17 04:00:00+00:00,NVDA,121.0148991503926,121.51351843622722,116.39768730256174,117.66417694091795,390086200,-8.346885681152372,-6.62393087358224,5.1158311336654805,126.45285186767578,114.70594680786132
2024-07-18 04:00:00+00:00,NVDA,121.51352635797906,122.0620106514847,116.23813305693452,120.75562286376952,320979500,3.0914459228515625,2.627346744968828,5.823877594550183,125.73035163879395,115.28349884033203
2024-07-19 04:00:00+00:00,NVDA,120.0176783628371,121.26422676213603,117.04591123957188,117.60436248779295,217223800,-3.1512603759765625,-2.6096179219179394,4.218315522564154,125.08962707519531,115.82965545654297
2024-07-22 04:00:00+00:00,NVDA,120.01767396475168,123.72740308245356,119.52902914046476,123.19886779785156,258068900,5.594505310058608,4.757055938838417,4.198373941988805,124.93854598999023,116.49053421020508
2024-07-23 04:00:00+00:00,NVDA,122.44095787706308,124.34568731396224,121.76283530375956,122.25148010253906,173911000,-0.9473876953125,-0.7689905859094459,2.5828520102026857,125.16192741394043,117.1656704711914
2024-07-24 04:00:00+00:00,NVDA,118.84092133007208,119.6187662154648,113.1267484514862,113.93450927734376,327776900,-8.316970825195298,-6.803165751628848,6.492017763978609,124.57156219482422,117.65191177368165
2024-07-25 04:00:00+00:00,NVDA,112.72785127466838,116.30793416547408,106.00646529957125,111.9699478149414,460067000,-1.964561462402358,-1.7242900986391585,10.301468865902834,123.86751136779785,118.08847122192383
2024-07-26 04:00:00+00:00,NVDA,115.8691646723326,115.87913158113766,111.27189374853045,112.747802734375,293399100,0.7778549194335938,0.6946997248933107,4.607237832607211,123.3225212097168,118.5215022277832
2024-07-29 04:00:00+00:00,NVDA,113.3760598876514,115.95890423286832,110.99266022089633,111.28185272216795,248152100,-1.4659500122070455,-1.3002027326960097,4.966244011971995,122.72667045593262,118.8599203491211
2024-07-30 04:00:00+00:00,NVDA,111.21204752075072,111.68075088933978,102.2568489765504,103.44356536865234,486833300,-7.838287353515611,-7.043634844115232,9.423901912789376,121.70101013183594,119.04697723388672
2024-07-31 04:00:00+00:00,NVDA,112.58823561538452,118.01320824039244,110.57380945153912,116.69685363769533,473174200,13.253288269042983,12.812095389221057,7.439398788853325,121.41928939819336,119.5365934753418
2024-08-01 04:00:00+00:00,NVDA,117.20544905631928,119.82819139029309,106.51505026446524,108.9084243774414,523462300,-7.7884292602539205,-6.674069623534484,13.31314112582784,120.46842079162597,119.82455169677735
2024-08-02 04:00:00+00:00,NVDA,103.47347587762454,108.4197782586363,101.09007631034588,106.9737777709961,482027500,-1.9346466064453125,-1.776397572092725,7.32970194829042,119.54298286437988,120.06173141479492
2024-08-05 04:00:00+00:00,NVDA,91.80578374541406,103.12444802394918,90.43957172286063,100.17261505126952,552842400,-6.801162719726577,-6.3577849277101866,12.68487630108855,118.15931358337403,120.17158309936524
2024-08-06 04:00:00+00:00,NVDA,103.55325619325184,107.41257244920943,100.27234777984629,103.96212768554688,409012100,3.789512634277358,3.7829826368592334,7.14022466936315,116.80655860900879,120.18074798583984
2024-08-07 04:00:00+00:00,NVDA,107.51228858966286,108.49956025923652,98.41747763354093,98.63687133789062,411440400,-5.32525634765625,-5.1223041180568085,10.082082625695591,115.0115291595459,120.03015975952148
2024-08-08 04:00:00+00:00,NVDA,101.7183303451478,105.20866520993226,97.25069837056012,104.6801300048828,391910000,6.043258666992173,6.12677448607466,7.957966839372148,113.89312553405762,119.85221939086914
2024-08-09 04:00:00+00:00,NVDA,105.34830392792104,106.3056522420622,103.1444071409407,104.46076202392578,290844200,-0.21936798095701704,-0.20956028708293273,3.1612451011214944,112.6720069885254,119.65146408081054
2024-08-12 04:00:00+00:00,NVDA,106.02641463942724,110.76329830179426,105.96658275414626,108.71895599365234,325559900,4.2581939697265625,4.076357368282713,4.796715547648006,111.70368843078613,119.62212692260742
2024-08-13 04:00:00+00:00,NVDA,112.1295177782614,115.90905322658824,111.27189191883488,115.81929779052734,312646700,7.100341796875,6.530914256838116,4.6371613077533596,111.19410018920898,119.75208724975586
2024-08-14 04:00:00+00:00,NVDA,118.2026834397928,118.27248983356148,113.75500044516708,117.7539291381836,339246400,1.93463134765625,1.670387737245016,4.517489388394395,111.19858779907227,119.81370559692382
2024-08-15 04:00:00+00:00,NVDA,118.43207464919816,122.89969993454775,117.14563576424416,122.520751953125,318086700,4.766822814941406,4.0481220880091096,5.754064170303593,111.28684425354004,119.942001953125
2024-08-16 04:00:00+00:00,NVDA,121.60327554530542,124.6548231821397,120.84537209002656,124.2359848022461,302589900,1.7152328491210938,1.3999529237115116,3.809451092113136,111.6184253692627,119.98488418579102
2024-08-19 04:00:00+00:00,NVDA,123.93681555512865,129.64102172851562,123.07918972579692,129.64102172851562,318333600,5.405036926269531,4.350621065927918,6.5618320027187025,111.9405330657959,120.16462509155274
2024-08-20 04:00:00+00:00,NVDA,128.0454466862765,129.521370960835,125.54238295508182,126.89862823486328,300087400,-2.7423934936523438,-2.115374791935265,3.978988005753166,112.1728904724121,120.29171173095703
2024-08-21 04:00:00+00:00,NVDA,126.96844527510662,128.99284645503002,126.3102716153328,128.1451873779297,257883600,1.2465591430664062,0.98232672835461,2.6825748396972244,112.8834243774414,120.42574096679688
2024-08-22 04:00:00+00:00,NVDA,129.66096486520394,130.3889447703718,122.7600680862335,123.39830017089844,376189100,-4.74688720703125,-3.7043039260082233,7.628876684138305,113.45484199523926,120.48218429565429
2024-08-23 04:00:00+00:00,NVDA,125.51246908853835,129.24214747384983,124.8742369002308,129.0127716064453,323230300,5.614471435546875,4.549877451935069,4.367910573619028,114.26809043884278,120.56535430908202
2024-08-26 04:00:00+00:00,NVDA,129.2122143703238,130.89753484404284,124.02656901853358,126.1107940673828,331964700,-2.901977539062514,-2.249372293089724,6.870965825509259,115.00953750610351,120.50252746582031
2024-08-27 04:00:00+00:00,NVDA,124.70470624383526,128.84324088713785,123.53793114727516,127.94573211669922,303134600,1.8349380493164205,1.4550206133314703,5.305309739862693,116.23464584350586,120.43112564086914
2024-08-28 04:00:00+00:00,NVDA,127.76621672239744,127.97564354365645,122.30135293496008,125.26315307617188,448101100,-2.6825790405273438,-2.096653789186631,5.674290608696367,116.66296081542968,120.32402236938476
2024-08-29 04:00:00+00:00,NVDA,121.02488328117458,124.0864056350864,116.38772203285156,117.26528930664062,453023300,-7.99786376953125,-6.384849473386467,7.698683602234837,117.08080406188965,119.96521560668945
2024-08-30 04:00:00+00:00,NVDA,119.19992897597832,121.41379989153825,116.89631023816276,119.04037475585938,333751600,1.77508544921875,1.5137347630440168,4.517489653375492,117.68413391113282,119.73764602661133
2024-09-03 04:00:00+00:00,NVDA,115.6896583434562,115.88910303086084,106.9937360660562,107.70177459716795,477155100,-11.33860015869142,-9.525003749312633,8.895366964804637,118.06059188842774,119.36727172851562
2024-09-04 04:00:00+00:00,NVDA,105.11892359162538,112.95721192187168,103.83248489547351,105.91670989990234,372470300,-1.7850646972656108,-1.6574143777502326,9.124727026398162,118.1583209991455,119.12992889404296
2024-09-05 04:00:00+00:00,NVDA,104.70007717737126,109.3472126473878,104.47071656289586,106.91394805908205,306850700,0.9972381591797017,0.9415305291508247,4.876496084491947,118.57217483520508,118.75337158203125
2024-09-06 04:00:00+00:00,NVDA,107.74167143504636,107.85136830211154,100.67124500554576,102.54605865478516,413638100,-4.367889404296889,-4.085425226167061,7.180123296565782,118.4654712677002,118.28327346801758
2024-09-09 04:00:00+00:00,NVDA,104.59038905946406,106.25578342210773,103.40368021481837,106.1760025024414,273912000,3.62994384765625,3.5398180049768913,2.8521032072893604,118.55123329162598,117.93384140014649
2024-09-10 04:00:00+00:00,NVDA,107.51228306871651,109.09789628161208,104.660180275284,107.80148315429688,268283700,1.6254806518554688,1.5309303548304953,4.437716006328074,118.5053596496582,117.6258937072754
2024-09-11 04:00:00+00:00,NVDA,109.08792746358937,116.86639141709084,107.12336624714985,116.58716583251952,441422400,8.785682678222642,8.149871802457165,9.743025169940992,118.54375305175782,117.47850158691406
2024-09-12 04:00:00+00:00,NVDA,116.52733397843356,120.46676839354188,115.071241833133,118.82118225097656,366052700,2.2340164184570455,1.9161769672540796,5.395526560408882,118.59711570739746,117.40829986572265
2024-09-13 04:00:00+00:00,NVDA,118.76133738659652,119.6389797203674,117.28529459768676,118.78128051757812,238358300,-0.0399017333984375,-0.033581330064669235,2.353685122680645,118.41014213562012,117.22540954589844
2024-09-16 04:00:00+00:00,NVDA,116.47746652004344,117.8637462195167,114.05396898625608,116.46749114990234,248772300,-2.3137893676757812,-1.9479410876812153,3.8097772332606183,118.02171745300294,117.04510864257813
2024-09-17 04:00:00+00:00,NVDA,117.85376774830212,118.48208669803358,114.52270945275087,115.28067016601562,231925900,-1.1868209838867188,-1.0190148102007246,3.9593772452827096,117.30369987487794,116.79380203247071
2024-09-18 04:00:00+00:00,NVDA,115.57987289959787,117.38502682895007,112.91701975753097,113.06661987304688,310318900,-2.21405029296875,-1.9205737525469724,4.468007071419109,116.6120994567871,116.4347898864746
2024-09-19 04:00:00+00:00,NVDA,117.03596036023048,119.3397837869768,116.93622949013678,117.55457305908205,293506400,4.4879531860351705,3.969299861510245,2.4035542968400136,116.08256874084472,116.09513214111328
2024-09-20 04:00:00+00:00,NVDA,116.746736119983,118.30256661567998,115.0812069928948,115.6895751953125,382462400,-1.8649978637695455,-1.586495374222674,3.2213596227851724,115.69713249206544,115.86795959472656
2024-09-23 04:00:00+00:00,NVDA,116.23810791147416,116.67692526968904,114.55262802291854,115.94888305664062,206228500,0.259307861328125,0.22414107830404095,2.124297246770496,115.0439380645752,115.60927459716797
2024-09-24 04:00:00+00:00,NVDA,116.20818908018336,121.47406618937484,115.07124032940908,120.54655456542967,354966800,4.597671508789048,3.965257264740618,6.402825859965759,114.76572608947754,115.45849914550782
2024-09-25 04:00:00+00:00,NVDA,121.69346336275538,124.60565503965536,121.28456450552947,123.17948150634766,284692900,2.632926940917983,2.184157772413897,3.3210905341258865,114.52741355895996,115.40186752319336
2024-09-26 04:00:00+00:00,NVDA,126.46066959704272,127.32833649308198,121.47405025345232,123.7080535888672,302582900,0.5285720825195455,0.4291072474536417,5.854286239629658,114.44965858459473,115.52274505615235
2024-09-27 04:00:00+00:00,NVDA,123.63824105329503,123.69807805046356,118.9408465511356,121.07511901855467,271009200,-2.6329345703125284,-2.1283453210434122,4.757231499327958,114.64015007019043,115.52913497924804
2024-09-30 04:00:00+00:00,NVDA,117.9933994074146,121.1748653861715,117.83383152489164,121.11502838134766,226553700,0.03990936279298296,0.03296248074460273,3.3410338612798682,114.74388275146484,115.59934829711914
2024-10-01 04:00:00+00:00,NVDA,121.44412897274736,122.11234177416986,115.48013626179672,116.68689727783205,302094500,-4.428131103515611,-3.6561367839282655,6.632205512373147,115.19313888549804,115.46910888671874
2024-10-02 04:00:00+00:00,NVDA,116.128405101547,119.06053238913914,114.831880901423,118.53195190429688,221845900,1.8450546264648295,1.5812012055404612,4.228651487716135,115.82390098571777,115.3947183227539
2024-10-03 04:00:00+00:00,NVDA,120.59641230247804,124.0272091849403,120.01796257527629,122.52124786376952,277118000,3.989295959472642,3.3655869960646623,4.009246609664018,116.60426597595215,115.56645309448243
2024-10-04 04:00:00+00:00,NVDA,124.6056517279934,124.70538259718006,121.50397375972976,124.58570098876952,243678100,2.064453125,1.6849755948416867,3.201408837450302,117.70624809265136,115.81876815795898
2024-10-07 04:00:00+00:00,NVDA,124.65550686574431,130.2903881845544,124.61561299835192,127.37820434570312,346250200,2.792503356933608,2.2414316689403524,5.674775186202467,118.76635818481445,116.11137619018555
2024-10-08 04:00:00+00:00,NVDA,129.9114112143918,133.1227955252644,129.07366275536995,132.5343780517578,285722500,5.1561737060546875,4.0479246292881355,4.049132769894442,120.0030029296875,116.53642669677734
2024-10-09 04:00:00+00:00,NVDA,133.75111306364067,134.16001952786942,131.02842299164354,132.29501342773438,246191600,-0.2393646240234375,-0.1806056870240602,3.131596536225885,120.78839530944825,117.11345565795898
2024-10-10 04:00:00+00:00,NVDA,131.55701568457982,134.6387432670493,130.64944717024784,134.44924926757812,242311300,2.15423583984375,1.628357550317272,3.9892960968014677,121.56979866027832,117.46850357055663
2024-10-11 04:00:00+00:00,NVDA,133.65139075503694,135.41665858843493,133.3023364675461,134.4392852783203,170209500,-0.0099639892578125,-0.007410966823606646,2.114322120888829,122.35269889831542,117.97912078857422
2024-10-14 04:00:00+00:00,NVDA,136.1047914480544,139.22642006970025,135.9352482142016,137.7005157470703,232347700,3.26123046875,2.4258017007443122,3.2911718554986464,123.41435012817382,118.5936555480957
2024-10-15 04:00:00+00:00,NVDA,137.50104323972985,138.1991821543322,128.3954862474048,131.24783325195312,377831000,-6.4526824951171875,-4.686026381316932,9.803695906927402,124.2127082824707,119.21515991210937
2024-10-16 04:00:00+00:00,NVDA,133.62143219677557,136.25436629658557,131.22786127620384,135.35678100585938,264879700,4.10894775390625,3.130678543102805,5.026505020381734,125.32721633911133,119.84305297851563
2024-10-17 04:00:00+00:00,NVDA,138.9671381366491,140.5129935540953,136.5037463621669,136.56358337402344,306435900,1.2068023681640625,0.8915714153336918,4.009247191928381,126.2776668548584,120.60158721923828
2024-10-18 04:00:00+00:00,NVDA,138.2989120156457,138.52829226592988,136.9126323168706,137.63070678710938,176090200,1.0671234130859375,0.7814114031873931,1.6156599490592782,127.37472343444824,121.2605987548828
2024-10-21 04:00:00+00:00,NVDA,137.76036967912168,143.325439453125,137.63071268872676,143.325439453125,264554500,5.694732666015625,4.13769048997501,5.69472676439824,128.74355125427246,122.03789230346679
2024-10-22 04:00:00+00:00,NVDA,142.5275764963188,144.0335302578968,141.400595506541,143.20574951171875,226311600,-0.11968994140625,-0.08350920943479556,2.632934751355805,129.87651100158692,122.72762817382812
2024-10-23 04:00:00+00:00,NVDA,141.64993025905358,142.04885378245024,137.09216737152124,139.18653869628906,285930000,-4.0192108154296875,-2.806598777726299,4.956686410928995,130.67686386108397,123.19497299194336
2024-10-24 04:00:00+00:00,NVDA,140.4431777464081,140.97175826689335,138.08949241788707,140.03427124023438,172354900,0.8477325439453125,0.6090621635437721,2.8822658490062736,131.49317474365233,123.64057983398438
2024-10-25 04:00:00+00:00,NVDA,140.55287134358582,143.74432048434818,140.42322956503693,141.16123962402344,205122100,1.1269683837890625,0.8047804111150025,3.3210909193112457,132.4974807739258,124.01338958740234
2024-10-28 04:00:00+00:00,NVDA,142.6173258267159,142.7569505719539,139.67522319765803,140.1439666748047,173586700,-1.01727294921875,-0.7206460866511333,3.081727374295866,133.44892768859864,124.33154922485352
2024-10-29 04:00:00+00:00,NVDA,139.91457158033694,141.8793009979601,138.52829188537018,140.87200927734375,157593600,0.7280426025390625,0.5194962150803395,3.3510091125899066,134.6581832885742,124.55616897583008
2024-10-30 04:00:00+00:00,NVDA,139.1665637778278,139.95445814390004,136.44387391965424,138.96710205078125,179418100,-1.9049072265625,-1.3522254962745506,3.510584224245804,135.67994079589843,124.79753845214844
2024-10-31 04:00:00+00:00,NVDA,137.2317836775648,137.24175143875112,131.756469630996,132.40472412109375,270039600,-6.5623779296875,-4.722252844626118,5.485281807755115,136.17411460876465,124.88272918701172
2024-11-01 04:00:00+00:00,NVDA,134.3395349599235,136.94255111570317,134.2098931927627,135.03765869140625,207127800,2.6329345703125,1.9885503238573854,2.7326579229404615,136.69671249389648,125.11551635742188
2024-11-04 05:00:00+00:00,NVDA,136.8428124063768,138.58812914709054,135.2072018980832,135.6859130859375,187528200,0.64825439453125,0.48005452761341605,3.3809272490073283,137.1120979309082,125.24897918701171
2024-11-05 05:00:00+00:00,NVDA,137.0821601293647,139.99434394500742,136.9624861371184,139.53558349609375,160537400,3.84967041015625,2.837192397207833,3.0318578078890255,137.462158203125,125.51747497558594
2024-11-06 05:00:00+00:00,NVDA,142.57743460752744,146.09798683530676,141.58011068537002,145.2203369140625,242043900,5.68475341796875,4.07405285127711,4.51787614993674,138.1084243774414,125.8629670715332
2024-11-07 05:00:00+00:00,NVDA,145.9982557303204,148.53145192465237,145.77884323892675,148.48159790039062,207323300,3.261260986328125,2.2457329707601836,2.752608685725619,138.81004180908204,126.32733596801758
2024-11-08 05:00:00+00:00,NVDA,148.3718728926044,149.3691967390222,145.868580298605,147.23492431640625,175665800,-1.246673583984375,-0.8396148759260424,3.50061644041719,139.44982376098633,126.92672866821289
2024-11-11 05:00:00+00:00,NVDA,148.2821074463959,148.4516658981078,143.18579701946294,144.8712615966797,182325600,-2.3636627197265625,-1.6053682444574613,5.265868878644852,139.8083610534668,127.4433464050293
2024-11-12 05:00:00+00:00,NVDA,146.38723451939185,149.24954990148254,145.6192906786022,147.8931884765625,198634700,3.0219268798828125,2.0859395069643405,3.6302592228803405,140.64062881469727,128.24717468261719
2024-11-13 05:00:00+00:00,NVDA,148.67106495867824,148.9303636661012,145.5095351466514,145.87855529785156,191903300,-2.0146331787109375,-1.3622217489956956,3.420828519449799,141.16671752929688,129.04641159057618
2024-11-14 05:00:00+00:00,NVDA,147.24489842760545,148.60125952595652,145.16049515099348,146.36724853515625,194463300,0.4886932373046875,0.33500005282263157,3.440764374963038,141.65690078735352,129.83547760009765
2024-11-15 05:00:00+00:00,NVDA,144.4823175216733,144.85133773586546,139.70514243904907,141.6000518798828,250132900,-4.7671966552734375,-3.25701050131334,5.146195296816387,141.8553680419922,130.61655746459962
2024-11-18 05:00:00+00:00,NVDA,139.12669362767247,141.17121080701085,136.78297621414575,139.7749481201172,221205300,-1.825103759765625,-1.2889146123433837,4.388234592865103,141.6778434753418,131.28853637695312
2024-11-19 05:00:00+00:00,NVDA,140.94180242373534,146.73625109020787,140.61268375361473,146.61656188964844,227834900,6.84161376953125,4.894735331006417,6.1235673365931405,141.84838409423827,132.06483795166017
2024-11-20 05:00:00+00:00,NVDA,147.01550923449048,147.1651017216073,142.34802580304432,145.49957275390625,309871700,-1.1169891357421875,-0.7618437653604926,4.817075918562978,142.16403579711914,132.64308609008788
2024-11-21 05:00:00+00:00,NVDA,148.95034787282623,152.48086819347145,140.3234860038813,146.2775115966797,400946600,0.7779388427734375,0.5346674413190255,12.157382189590152,142.4761978149414,133.19221267700195
2024-11-22 05:00:00+00:00,NVDA,145.53949007763015,146.7662096056562,140.72242834878378,141.5701446533203,236406200,-4.707366943359375,-3.218107070578735,6.043781256872421,142.49664306640625,133.6479899597168
2024-11-25 05:00:00+00:00,NVDA,141.61001503848368,141.66985203296244,135.4565288796721,135.65599060058594,344941900,-5.914154052734375,-4.17754327172376,6.213323153290332,142.27224426269532,134.03175994873047
2024-11-26 05:00:00+00:00,NVDA,137.33151565059862,138.9272401830298,135.30694909062626,136.55360412597656,190287700,0.897613525390625,0.6616836613087651,3.6202910924035336,142.05632400512695,134.45721862792968
2024-11-27 05:00:00+00:00,NVDA,134.64871022731035,136.85280300357402,131.44730865073987,134.9778289794922,226370900,-1.575775146484375,-1.1539608614289376,5.405494352834154,141.8568603515625,134.8954428100586
2024-11-29 05:00:00+00:00,NVDA,136.41396798376013,138.97709782710584,135.68592576491588,137.88003540039062,141863200,2.9022064208984375,2.1501356503069724,3.2911720621899576,142.13062591552733,135.30195205688477
2024-12-02 05:00:00+00:00,NVDA,138.45849496272686,140.07415499884576,137.45120318506554,138.259033203125,171682800,0.378997802734375,0.274875040199829,2.622951813780219,142.29169464111328,135.75334121704103
2024-12-03 05:00:00+00:00,NVDA,137.8899957715255,140.1638930268938,137.58082780000817,139.8846435546875,164414000,1.6256103515625,1.1757715310899197,2.5830652268856227,142.5016311645508,136.23205642700196
2024-12-04 05:00:00+00:00,NVDA,141.61997562000002,145.3998260198739,139.91454527402882,144.75157165527344,231224300,4.8669281005859375,3.479244023439376,5.485280745845074,142.76243057250977,136.71615676879884
2024-12-05 05:00:00+00:00,NVDA,144.73165063129176,146.1579148411047,143.57467148409813,144.68177795410156,172621200,-0.069793701171875,-0.04821619577166647,2.5832433570065803,142.73550262451172,137.1462026977539
2024-12-06 05:00:00+00:00,NVDA,144.2229906612707,145.3201135010368,140.94156015213164,142.06861877441406,188505600,-2.6131591796875,-1.80614256794418,4.378553348905143,142.41485366821288,137.51341400146484
2024-12-09 05:00:00+00:00,NVDA,138.6076455444956,139.58508599383495,136.77244688316378,138.44805908203125,189308600,-3.6205596923828125,-2.5484584305924596,2.812639110671171,141.97551040649415,137.86087280273438
2024-12-10 05:00:00+00:00,NVDA,138.6475644899376,141.45025097804097,133.4411729750498,134.7178497314453,210020900,-3.7302093505859375,-2.6943023797652232,8.009078002991174,141.46783981323242,138.13292922973633
2024-12-11 05:00:00+00:00,NVDA,137.00183449376547,139.80450498546415,134.85744670503564,138.94674682617188,184905200,4.2288970947265625,3.1390770437300652,4.947058280428507,141.0205177307129,138.57812622070313
2024-12-12 05:00:00+00:00,NVDA,136.72258646567687,138.07904108019704,135.44592508954074,136.98190307617188,159211400,-1.96484375,-1.4140984189130346,2.6331159906563073,140.5756851196289,138.94712524414064
2024-12-13 05:00:00+00:00,NVDA,138.57775313836598,139.2360360155149,132.19443031399229,133.8999786376953,231514900,-3.0819244384765625,-2.249877078115048,7.041605701522627,139.95232162475585,139.17469985961915
2024-12-16 05:00:00+00:00,NVDA,133.8301313094174,134.04955889819416,130.07994062496547,131.65582275390625,237951100,-2.2441558837890625,-1.6759942059895838,3.96961827322869,139.45511016845703,139.31610229492188
2024-12-17 05:00:00+00:00,NVDA,128.75343512194198,131.24691716498373,126.5292534008706,130.050048828125,259410300,-1.60577392578125,-1.219675584560198,4.7176637641131265,138.96886520385743,139.3695391845703
2024-12-18 05:00:00+00:00,NVDA,133.51095751271384,136.34354849340636,127.94550566757768,128.57386779785156,277444500,-1.4761810302734375,-1.1350868712278417,8.398042825828682,138.06673049926758,139.2903289794922
2024-12-19 05:00:00+00:00,NVDA,131.41644980197495,133.68053537391728,129.212220572867,130.33926391601562,209719200,1.7653961181640625,1.3730598203203215,4.468314801050269,137.30871505737304,139.25121398925782
2024-12-20 05:00:00+00:00,NVDA,129.4715360054975,134.92727495716574,127.88568536239204,134.34878540039062,306528600,4.009521484375,3.0762192173791503,7.041589594773697,136.7122787475586,139.24920471191408
2024-12-23 05:00:00+00:00,NVDA,135.92467137837366,139.42551415908295,134.76769223262775,139.3058319091797,176053500,4.9570465087890625,3.689684647327418,4.657821926455199,136.59906311035155,139.34653564453126
2024-12-24 05:00:00+00:00,NVDA,139.63498826590208,141.53002844762267,138.28850193430708,139.8544158935547,105157000,0.548583984375,0.393798290320424,3.2415265133155913,136.808984375,139.38961364746095
2024-12-26 05:00:00+00:00,NVDA,139.33575896662117,140.48276971800976,137.37089410442982,139.56515502929688,116205600,-0.2892608642578125,-0.20682998274289544,3.11187561357994,136.959561920166,139.55596008300782
2024-12-27 05:00:00+00:00,NVDA,138.1887488761999,138.65752461945982,134.35876491420703,136.6527557373047,170582600,-2.9123992919921875,-2.0867667802760836,4.298759705252792,137.04330825805664,139.58187957763673
2024-12-30 05:00:00+00:00,NVDA,134.4784624698932,139.90428131004603,133.67057680049638,137.13153076171875,167734700,0.4787750244140625,0.35035885067289385,6.2337045095496535,137.00588302612306,139.59323852539063
2024-12-31 05:00:00+00:00,NVDA,137.67010377599792,137.71000800391965,133.48105776544256,133.93984985351562,155659200,-3.191680908203125,-2.3274595495831107,4.228950238477097,136.78992385864257,139.51942138671876
2025-01-02 05:00:00+00:00,NVDA,135.64539681236818,138.51789243847597,134.27897378808947,137.94937133789062,198247200,4.009521484375,2.9935239503105615,4.238918650386495,136.69316024780272,139.41190002441405
2025-01-03 05:00:00+00:00,NVDA,139.6449446721197,144.52219430432945,139.36567593719187,144.09332275390625,229322500,6.143951416015625,4.45377268227396,5.156518367137579,136.66024780273438,139.42965148925782
2025-01-06 05:00:00+00:00,NVDA,148.20258376458906,151.76328315584956,147.43460231153736,149.04039001464844,265377400,4.9470672607421875,3.433238380650838,4.328680844312203,136.87817840576173,139.626728515625
2025-01-07 05:00:00+00:00,NVDA,152.63098706400407,152.73073241075815,139.6449312609891,139.77459716796875,351782200,-9.265792846679688,-6.2169676594170165,13.085801149769054,136.76347732543945,139.6215350341797
2025-01-08 05:00:00+00:00,NVDA,142.20825109505992,143.57467420574872,137.20133554653654,139.74468994140625,227349900,-0.0299072265625,-0.021396753894098453,6.37333865921218,136.82830886840821,139.59320404052735
2025-01-10 05:00:00+00:00,NVDA,137.09162690267476,139.55518814906236,133.87005266470834,135.55564880371094,207602500,-4.1890411376953125,-2.9976388651702934,5.685135484354021,136.87019882202148,139.50143768310548
2025-01-13 05:00:00+00:00,NVDA,129.6510717959939,133.1419459563911,129.17231238202828,132.8826141357422,204808900,-2.67303466796875,-1.9719094641636015,3.969633574362831,136.5669921875,139.34164978027343
2025-01-14 05:00:00+00:00,NVDA,135.69526562735138,136.02440701006375,129.71091005586072,131.41644287109375,195590500,-1.4661712646484375,-1.103358234020524,6.313496954203032,136.2887191772461,139.1906365966797
2025-01-15 05:00:00+00:00,NVDA,133.30152233922777,136.094224818832,130.9476750631476,135.88478088378906,185217300,4.4683380126953125,3.400136174038959,5.14654975568439,136.3879592895508,139.2602377319336
2025-01-16 05:00:00+00:00,NVDA,138.2785134363621,138.38822723428095,133.14194748607855,133.22174072265625,209235600,-2.6630401611328125,-1.959778088327857,5.246279748202397,136.46625518798828,139.22391937255858
2025-01-17 05:00:00+00:00,NVDA,136.33359221153037,138.13887032002236,135.1068036173015,137.35093688964844,201188800,4.1291961669921875,3.099491227628093,3.0320667027208685,136.83129959106446,139.25721984863281
2025-01-21 05:00:00+00:00,NVDA,138.79715528751996,141.46019165371834,136.7325453387914,140.46279907226562,197749000,3.1118621826171875,2.2656286539329162,4.727646314926943,137.42574615478514,139.27576416015626
2025-01-22 05:00:00+00:00,NVDA,144.2828338584672,147.40466270866227,143.2954095914058,146.68655395507812,237651400,6.2237548828125,4.430891968492312,4.109253117256486,138.24311065673828,139.30508850097655
2025-01-23 05:00:00+00:00,NVDA,144.67181084027297,146.8461195709751,143.34527675360425,146.83615112304688,155915500,0.14959716796875,0.10198424050138488,3.5008428173708523,138.8674789428711,139.2721795654297
2025-01-24 05:00:00+00:00,NVDA,147.98316218253018,148.58160393928114,141.5100927680708,142.24815368652344,234657600,-4.5879974365234375,-3.124569393458665,7.0715111712103464,139.01459503173828,139.17244415283204
2025-01-27 05:00:00+00:00,NVDA,124.47460659166909,128.06521102414737,116.39571998533556,118.11123657226562,818830900,-24.136917114257812,-16.96817602810443,11.669491038811813,137.92743606567382,138.63724365234376
2025-01-28 05:00:00+00:00,NVDA,121.49238479939024,128.6636397113665,115.94688462361518,128.65367126464844,579666400,10.542434692382812,8.925852440747661,12.716755087751324,137.3818618774414,138.25245330810546
2025-01-29 05:00:00+00:00,NVDA,126.17017448185184,126.55915701971556,119.7369947161038,123.37747192382812,467120600,-5.2761993408203125,-4.101087274817717,6.822162303611762,136.71809768676758,137.802431640625
2025-01-30 05:00:00+00:00,NVDA,122.77903527699785,124.67408285834512,117.79207196266404,124.3249969482422,392925500,0.9475250244140767,0.7679886851621243,6.882010895681077,136.07777099609376,137.3615866088867
2025-01-31 05:00:00+00:00,NVDA,123.45726093608867,127.51664871512423,118.8792323275003,119.7569351196289,388161100,-4.5680618286132955,-3.674290722496476,8.63741638762393,135.3686252593994,136.92472427368165
2025-02-03 05:00:00+00:00,NVDA,114.450796259988,118.26083553480754,112.71533533624856,116.35581970214844,371235700,-3.4011154174804688,-2.840015414625452,5.545500198558983,134.2889476776123,136.45634170532227
2025-02-04 05:00:00+00:00,NVDA,116.65503370463423,120.88397605738156,116.39570950659508,118.34062957763672,256550000,1.9848098754882812,1.705810573608657,4.488266550786477,133.00131301879884,135.89082305908204
2025-02-05 05:00:00+00:00,NVDA,121.44253659311748,124.67408679210826,120.4451438987806,124.50453186035156,262230800,6.163902282714844,5.208610351925702,4.228942893327655,131.77452011108397,135.47092224121093
2025-02-06 05:00:00+00:00,NVDA,127.08775801782105,128.43424405982125,124.8835213759819,128.34446716308594,251483600,3.839935302734375,3.084173118325828,3.5507226838393535,131.20301361083983,135.11226135253906
2025-02-07 05:00:00+00:00,NVDA,128.88308623826384,130.03008175856976,124.67408781607284,129.50146484375,228186300,1.1569976806640625,0.9014784246163643,5.355993942496923,130.69085235595702,134.87088775634766
2025-02-10 05:00:00+00:00,NVDA,129.7508034170435,134.64800487659767,129.621152724233,133.22174072265625,216989100,3.72027587890625,2.8727674110829104,5.026852152364654,130.57415695190429,134.82220275878908
2025-02-11 05:00:00+00:00,NVDA,132.23433823730105,134.12937845518158,130.67840791626125,132.45376586914062,178902400,-0.767974853515625,-0.5764636082292385,3.4509705389203305,130.5527145385742,134.74020599365235
2025-02-12 05:00:00+00:00,NVDA,129.68099034166102,131.89520313508,128.74343886096966,130.79806518554688,160278600,-1.65570068359375,-1.2500216001631204,3.1517642741103487,130.52179565429688,134.65661071777345
2025-02-13 05:00:00+00:00,NVDA,131.2169852346524,136.14410776005724,130.8280026783839,134.937255859375,197430000,4.139190673828125,3.164565674542952,5.316105081673328,130.47441940307618,134.59775512695313
2025-02-14 05:00:00+00:00,NVDA,136.12414513567924,138.8869270481558,135.1467045962306,138.48797607421875,195479600,3.55072021484375,2.6313861151468387,3.740222451925206,130.73773117065429,134.602333984375
2025-02-18 05:00:00+00:00,NVDA,140.90167961185236,143.06602007700403,137.57037622357197,139.0365447998047,219176600,0.5485687255859375,0.396112890906819,5.495643853432057,130.8220115661621,134.58537200927734
2025-02-19 05:00:00+00:00,NVDA,139.1462426003846,140.99142508356047,136.86222013681927,138.86697387695312,167536000,-0.1695709228515625,-0.12196140453268889,4.129204946741197,130.7422203063965,134.46768005371095
2025-02-20 05:00:00+00:00,NVDA,139.6648967001902,140.29325896288867,136.43333891646114,139.74468994140625,143903600,0.877716064453125,0.6320552972018056,3.8599200464275327,130.3951271057129,134.36893829345703
2025-02-21 05:00:00+00:00,NVDA,139.67487215272783,141.09118323158302,133.68054728393315,134.07949829101562,228217600,-5.665191650390625,-4.053958438611149,7.410635947649865,129.75729446411134,134.20915588378907
2025-02-24 05:00:00+00:00,NVDA,136.20393197137406,138.22863774598196,129.74083213959625,129.9403076171875,251381100,-4.139190673828125,-3.0871167677284483,8.487805606385706,129.14190216064452,134.0390008544922
2025-02-25 05:00:00+00:00,NVDA,129.64108357480436,129.8605111604116,124.11553536570229,126.29981994628906,271428700,-3.6404876708984375,-2.8016615765013797,5.744975794709305,129.55133132934571,133.87064025878905
2025-02-26 05:00:00+00:00,NVDA,129.65109883362112,133.3813382599071,128.15500959573998,130.93772888183594,322553800,4.637908935546875,3.6721421594418935,5.226328664167113,129.66553421020507,133.71045989990233
2025-02-27 05:00:00+00:00,NVDA,134.64800202891726,134.65797047615226,119.69708897132982,119.83672332763672,443175800,-11.101005554199219,-8.478080114110774,14.960881504822439,129.4884967803955,133.36755630493164
2025-02-28 05:00:00+00:00,NVDA,117.7122806771052,124.76384661623275,116.09650940652436,124.59429168701172,389091100,4.757568359375,3.9700420933303393,8.667337209708393,129.501961517334,133.18144256591796
2025-03-03 05:00:00+00:00,NVDA,123.18797717385785,123.3774766164976,111.9872535622559,113.76261138916016,411381400,-10.831680297851562,-8.693560636839914,11.390223054241702,129.20224533081054,132.82357833862304
2025-03-04 05:00:00+00:00,NVDA,110.3615029675652,118.9989197292815,109.82291000037466,115.68757629394533,398163300,1.9249649047851705,1.6920892385286601,9.176009728906834,129.1688331604004,132.53632888793945
2025-03-05 05:00:00+00:00,NVDA,117.27343224392774,117.97160407078816,114.21143704412196,116.9941635131836,284337900,1.306587219238267,1.1294101416027713,3.7601670266661955,129.10150985717775,132.3047348022461
2025-03-06 05:00:00+00:00,NVDA,113.2339891683523,115.04924353236196,109.93262184934352,110.28170776367188,321181900,-6.712455749511719,-5.737427874985679,5.116621683018437,128.39036865234374,131.90358367919922
2025-03-07 05:00:00+00:00,NVDA,110.95993136050063,113.18412029909872,107.27955007853645,112.39617919921876,341755500,2.114471435546889,1.917336499792044,5.904570220562277,127.59295425415038,131.46453155517577
2025-03-10 04:00:00+00:00,NVDA,109.61344966651625,111.5583622176382,105.18502403072868,106.70106506347656,366487400,-5.695114135742202,-5.066999764865487,6.373338186909521,126.45293426513672,130.81243621826172
2025-03-11 04:00:00+00:00,NVDA,106.71102843945869,111.9473394077092,104.4968157267925,108.4764175415039,354865700,1.7753524780273438,1.6638563794758587,7.450523680916689,125.21566810607911,130.18487625122071
2025-03-12 04:00:00+00:00,NVDA,113.83292501602207,116.46628328215824,112.59603885298677,115.44884490966795,323857500,6.972427368164048,6.427597376633809,3.8702444291714784,124.36542205810547,129.70255004882813
2025-03-13 04:00:00+00:00,NVDA,116.73560262668995,117.46376961532556,113.50375517662202,115.28925323486328,299033100,-0.1595916748046733,-0.13823583503979053,3.9600144387035385,123.5899814605713,129.2752799987793
2025-03-14 04:00:00+00:00,NVDA,118.31162980343127,121.57340056729696,117.85278787516224,121.36392974853516,277593500,6.074676513671875,5.269074387442485,3.720612692134722,122.9113151550293,128.95992797851562
2025-03-17 04:00:00+00:00,NVDA,122.4312330919386,122.58085727393843,117.73308248243704,119.22930908203124,255501500,-2.1346206665039205,-1.7588592186548624,4.847774791501394,121.94838180541993,128.66571716308593
2025-03-18 04:00:00+00:00,NVDA,117.70316017412442,118.7205909220559,114.25186503478535,115.1396255493164,299686900,-4.0896835327148295,-3.430099162866973,4.468725887270551,120.7535358428955,128.20952224731445
2025-03-19 04:00:00+00:00,NVDA,116.97498651717952,120.14698705841565,115.3889900516623,117.22435760498048,273426200,2.0847320556640767,1.8106121552142307,4.757997006753342,119.67140502929688,127.67214294433593
2025-03-20 04:00:00+00:00,NVDA,116.25680439544836,119.89761619602572,116.17700382075364,118.23181915283205,248829700,1.0074615478515625,0.8594302143642096,3.7206123752720828,118.59576148986817,127.05597152709962
2025-03-21 04:00:00+00:00,NVDA,116.64582513098318,117.6931791575635,115.1296446207881,117.4039077758789,266498500,-0.8279113769531392,-0.7002441329968412,2.563534536775407,117.76198196411133,126.60855773925782
2025-03-24 04:00:00+00:00,NVDA,119.5784337604655,121.91255134314883,119.03979124138472,121.1045913696289,228452500,3.70068359375,3.1520957554620033,2.872760101764115,117.3201961517334,126.23575576782227
2025-03-25 04:00:00+00:00,NVDA,120.24674348347416,120.98487978418255,118.62083909476824,120.38639068603516,167447200,-0.71820068359375,-0.593041663797611,2.36404068941431,117.0245246887207,125.93237060546875
2025-03-26 04:00:00+00:00,NVDA,118.4313220614094,118.5410383402261,112.42646191953315,113.47382354736328,293463300,-6.912567138671875,-5.741983873160283,6.114576420692941,116.15132942199708,125.54419479370117
2025-03-27 04:00:00+00:00,NVDA,111.06989576493363,114.1620961431142,110.38163664595127,111.14969635009766,236902100,-2.324127197265625,-2.04816152713454,3.780459497162923,115.71697807312012,125.13885986328125
2025-03-28 04:00:00+00:00,NVDA,111.20954068147716,112.5860741113486,108.79563010676112,109.39411926269533,229872500,-1.7555770874023295,-1.579470880309597,3.7904440045874708,114.9569694519043,124.60904663085938
2025-03-31 04:00:00+00:00,NVDA,104.86552901006266,110.68086470981991,103.38925640513808,108.10735321044922,299212700,-1.286766052246108,-1.1762662023505177,7.29160830468183,114.67420654296875,124.10675888061523
2025-04-01 04:00:00+00:00,NVDA,108.24699756669231,109.92277156753886,106.20215922942108,109.8729019165039,222614000,1.7655487060546875,1.633143957023675,3.7206123381177747,114.38347282409669,123.55719818115234
2025-04-02 04:00:00+00:00,NVDA,107.02010369655068,111.6983080337056,106.52136148952614,110.14222717285156,220601200,0.26932525634765625,0.24512436792860637,5.176946544179458,114.04087600708007,122.95078674316406
2025-04-03 04:00:00+00:00,NVDA,103.24961220285616,105.36427425680412,101.344413349133,101.54391479492188,338769400,-8.598312377929688,-7.806553942690786,4.0198609076711165,113.60398635864257,122.04793395996094
2025-04-04 04:00:00+00:00,NVDA,98.66119636165205,99.87812106911886,91.87829866162578,94.07276153564452,532273800,-7.471153259277358,-7.357558820108623,7.999822407493085,112.68781547546386,120.99266616821289
2025-04-07 04:00:00+00:00,NVDA,87.23998007579976,101.49403230771996,86.40209687721266,97.39437103271484,611041300,3.3216094970703267,3.530894004649543,15.091935430507306,112.22248077392578,120.09559051513672
2025-04-08 04:00:00+00:00,NVDA,103.54885717389794,105.58372634261488,94.2223791915971,96.05775451660156,476243400,-1.3366165161132812,-1.3723755304752783,11.361347151017782,111.60154762268067,119.65452087402343
2025-04-09 04:00:00+00:00,NVDA,98.64122793388744,114.81044852614636,97.28464859296416,114.04238891601562,612918300,17.984634399414062,18.722730392688703,17.5257999331822,111.53122482299804,119.36229522705078
2025-04-10 04:00:00+00:00,NVDA,109.09487535601896,110.5811250327728,98.90058321638736,107.29940032958984,437812400,-6.742988586425781,-5.912703732812474,11.680541816385443,111.13173217773438,119.04073379516602
2025-04-11 04:00:00+00:00,NVDA,108.22706011361764,111.26939065397995,107.20962934859612,110.65094757080078,313417300,3.3515472412109375,3.1235470383954134,4.05976130538383,110.59608306884766,118.76725280761718
2025-04-14 04:00:00+00:00,NVDA,113.82294410726054,114.00249160148302,108.7956218792334,110.4314956665039,264705000,-0.219451904296875,-0.19832808404687263,5.206869722249621,110.15619239807128,118.58074401855468
2025-04-15 04:00:00+00:00,NVDA,110.69084593782598,113.33418114021704,110.22202704858428,111.9177474975586,228966900,1.4862518310546875,1.3458586448408472,3.1121540916327604,109.9950984954834,118.4919825744629
2025-04-16 04:00:00+00:00,NVDA,104.2869965726397,106.52135948725392,100.1973044637503,104.22714233398438,397016900,-7.690605163574219,-6.871658280776227,6.324055023503618,109.3452377319336,118.20971282958985
2025-04-17 04:00:00+00:00,NVDA,104.1872406628714,104.20719461222582,99.79831546993584,101.23468780517578,292517500,-2.9924545288085938,-2.8710894895492833,4.408879142289976,108.49538116455078,117.74431594848633
2025-04-21 04:00:00+00:00,NVDA,98.52153569265882,99.18985605733366,94.80092295909544,96.66622161865234,288501100,-4.5684661865234375,-4.51274783927359,4.388933098238212,107.45849685668945,117.11075103759765
2025-04-22 04:00:00+00:00,NVDA,98.53150383378456,99.55891150664588,97.03527729423074,98.64122772216795,241004800,1.9750061035156108,2.0431191686657524,2.5236342124151463,106.3353286743164,116.49354629516601
2025-04-23 04:00:00+00:00,NVDA,104.25705857766792,104.53636058197964,101.76334775853866,102.4516143798828,247526000,3.8103866577148438,3.8628743231452267,2.773012823440979,105.43858985900879,115.87814376831055
2025-04-24 04:00:00+00:00,NVDA,103.21967869312851,106.2719782152916,102.85060676252527,106.1622543334961,220815000,3.7106399536132955,3.6218462501279136,3.421371452766323,105.07301139831543,115.35231353759765
2025-04-25 04:00:00+00:00,NVDA,106.58121206849437,111.63845793071248,105.46403435389148,110.73075103759766,251064700,4.5684967041015625,4.303315460644019,6.174423576820999,105.05206413269043,114.95096725463867
2025-04-28 04:00:00+00:00,NVDA,109.4140660423662,110.09235573735528,105.75329251827114,108.45648193359376,207708500,-2.274269104003892,-2.0538730954978157,4.339063219084139,105.00518226623535,114.42135177612305
2025-04-29 04:00:00+00:00,NVDA,107.39914795371472,109.9227823722281,107.16973079396024,108.7457504272461,170444300,0.28926849365232954,0.2667138823749138,2.7530515782678577,105.0371021270752,113.8265072631836
2025-04-30 04:00:00+00:00,NVDA,104.20719367744805,108.64599609375,103.81817538074748,108.64599609375,235044600,-0.09975433349609375,-0.09173170731193725,4.827820713002524,104.9757568359375,113.2186962890625
2025-05-01 04:00:00+00:00,NVDA,112.7955345052894,114.6508560442669,111.02001354244472,111.32923126220705,236121500,2.6832351684570455,2.4697046047989613,3.630842501822187,105.03510704040528,112.66794143676758
2025-05-02 04:00:00+00:00,NVDA,113.8927727544179,115.10970497913569,113.08481279973248,114.21196746826172,190194800,2.8827362060546733,2.5893794229703504,2.02489217940321,105.66850967407227,112.15728698730469
2025-05-05 04:00:00+00:00,NVDA,112.62596928442515,114.38153638068395,112.3765981799359,113.53367614746094,133163200,-0.6782913208007812,-0.5938881325980749,2.0049382007480574,106.64155540466308,111.74637054443359
2025-05-06 04:00:00+00:00,NVDA,111.19957134225872,114.4513652140045,110.541227943435,113.25438690185548,158525600,-0.27928924560545454,-0.2459968311452454,3.910137270569493,107.43455619812012,111.41265213012696
2025-05-07 04:00:00+00:00,NVDA,112.7656187028628,117.38396890879066,111.99755142427854,116.7655258178711,206758800,3.511138916015611,3.1002233220849273,5.386417484512123,108.46994476318359,111.2219662475586
2025-05-08 04:00:00+00:00,NVDA,117.95252869863282,118.38144728921776,115.55856464909375,117.07474517822266,198428100,0.3092193603515625,0.2648207663911606,2.822882640124007,108.62156257629394,110.94470657348633
2025-05-09 04:00:00+00:00,NVDA,117.05479580716788,117.9325869721132,114.92017974547274,116.35655975341795,132972200,-0.7181854248047017,-0.613441800544956,3.0124072266404625,109.07442054748535,110.87510330200195
2025-05-12 04:00:00+00:00,NVDA,121.66318211752385,122.69058990478516,119.97743092665668,122.69058990478516,225023300,6.334030151367202,5.443638214115509,2.713158978128476,109.67640266418456,110.83702926635742
2025-05-13 04:00:00+00:00,NVDA,124.6656119596468,130.88991289915035,124.15689275092411,129.6031494140625,330430100,6.912559509277344,5.634139924375514,6.733020148226231,110.6349853515625,111.15384002685546
2025-05-14 04:00:00+00:00,NVDA,132.8649261154048,135.099296769805,131.34874548490453,134.99954223632812,281180800,5.396392822265625,4.163782166299801,3.7505512849004674,111.78907508850098,111.54007934570312
2025-05-15 04:00:00+00:00,NVDA,133.95214894900732,135.95710196840523,132.32626002340953,134.4907989501953,226632600,-0.5087432861328125,-0.3768481564494608,3.6308419449956943,113.30225791931153,111.89001205444336
2025-05-16 04:00:00+00:00,NVDA,135.87733175434735,136.0070096021913,133.1242801768634,135.05938720703125,226542500,0.5685882568359375,0.4227711198641071,2.882729425327881,114.9934928894043,112.38556564331054
2025-05-19 04:00:00+00:00,NVDA,132.05696494191162,135.5282065455698,132.05696494191162,135.22897338867188,193154600,0.169586181640625,0.12556415747737582,3.4712416036581715,116.92163047790527,112.84222152709961
2025-05-20 04:00:00+00:00,NVDA,133.9521612557517,134.24144022899694,132.28636428496227,134.0419464111328,161514200,-1.1870269775390625,-0.8777904230089395,1.955075944034661,118.69166641235351,113.38903915405274
2025-05-21 04:00:00+00:00,NVDA,132.72526966841644,137.0543482410567,130.26148202288624,131.46844482421875,270608700,-2.5735015869140625,-1.919922573356725,6.792866218170445,120.14250793457032,113.84887969970703
2025-05-22 04:00:00+00:00,NVDA,131.8973680939745,133.91229099864714,131.21908595560456,132.49586486816406,187344000,1.0274200439453125,0.7814955484710007,2.693205043042582,121.45918846130371,114.18982009887695
2025-05-23 04:00:00+00:00,NVDA,129.67298375994758,132.3462348885888,128.83510044085753,130.95973205566406,198821300,-1.5361328125,-1.159381701480633,3.51113444773128,122.47063751220703,114.50322967529297
2025-05-27 04:00:00+00:00,NVDA,133.81250879901197,135.31871978851976,132.974625664691,135.15911865234375,192953600,4.1993865966796875,3.2066243040988818,2.344094123828768,123.80576934814454,114.77913345336914
2025-05-28 04:00:00+00:00,NVDA,135.68780317037033,136.904735369061,134.45091702175245,134.4708709716797,304021100,-0.6882476806640625,-0.5092129095887188,2.4538183473085553,125.0920253753662,115.08396469116211
2025-05-29 04:00:00+00:00,NVDA,141.8921589021039,143.12904506361895,137.56308016740775,138.83985900878906,369241900,4.368988037109375,3.249021892651771,5.565964896211199,126.60171852111816,115.55796936035156
2025-05-30 04:00:00+00:00,NVDA,138.37101919890563,139.2687489540489,132.58560738686538,134.79005432128906,333170900,-4.0498046875,-2.91688908099772,6.683141567183526,127.77475967407227,115.90928329467773
2025-06-02 04:00:00+00:00,NVDA,135.14916370580715,137.7725372671851,135.05937854437917,137.03440856933594,197663100,2.244354248046875,1.6650740734158065,2.713158722805929,128.91588172912597,116.28533508300781
2025-06-03 04:00:00+00:00,NVDA,138.4308667634816,141.64276735349586,137.60295298700936,140.86473083496094,225578800,3.830322265625,2.7951536447044623,4.039814366486496,130.28243446350098,116.75455154418945
2025-06-04 04:00:00+00:00,NVDA,141.83229805086768,142.03179187100486,139.1889554677409,141.56297302246094,167120800,0.6982421875,0.49568276129960953,2.8428364032639593,131.69786376953124,117.1637191772461
2025-06-05 04:00:00+00:00,NVDA,141.8123411098902,143.63773920540723,138.4807472006614,139.63783264160156,231397900,-1.925140380859375,-1.3599180207623407,5.156992004745831,132.84147911071778,117.54874801635742
2025-06-06 04:00:00+00:00,NVDA,142.1515008770834,142.9095987862069,141.15401644541944,141.36349487304688,153986200,1.7256622314453125,1.2358128157678117,1.7555823407874698,134.055916595459,118.10654144287109
2025-06-09 04:00:00+00:00,NVDA,142.8297985646697,144.63524295526028,141.58294302195193,142.27120971679688,185114500,0.90771484375,0.6421140369832878,3.0522999333083476,135.35164909362794,118.72897171020507
2025-06-10 04:00:00+00:00,NVDA,142.33106034435926,143.92702635161132,141.17397471532814,143.59786987304688,155881900,1.32666015625,0.9324867335357867,2.7530516362831747,136.39701309204102,119.4130467224121
2025-06-11 04:00:00+00:00,NVDA,144.25623511410478,144.6353103750697,141.52293261104455,142.4805908203125,167694000,-1.117279052734375,-0.7780610211851613,3.1123777640251546,137.0408851623535,120.10051147460938
2025-06-12 04:00:00+00:00,NVDA,141.62270753548705,144.64529418945312,141.5030059559913,144.64529418945312,162365000,2.164703369140625,1.5192970191081123,3.1422882334618123,137.52317276000977,120.79595932006836
2025-06-13 04:00:00+00:00,NVDA,142.13145812905782,143.2287733742275,140.50545582034982,141.62271118164062,180820600,-3.0225830078125,-2.0896518097945127,2.7233175538776777,137.87976837158203,121.42556900024414
2025-06-16 04:00:00+00:00,NVDA,142.99931091676874,145.82237413621124,142.84966874779792,144.33602905273438,183133700,2.71331787109375,1.915877650169917,2.972705388413317,138.34360046386718,122.2814112854004
2025-06-17 04:00:00+00:00,NVDA,144.13653073401778,144.8647406282524,143.42826095310537,143.76742553710938,139108000,-0.568603515625,-0.39394426974103114,1.4364796751470408,138.77052307128906,123.27530456542969
2025-06-18 04:00:00+00:00,NVDA,143.65770976302605,145.29369730081095,142.76988753620614,145.12411499023438,161494100,1.356689453125,0.9436695747012669,2.523809764604806,139.32463150024415,124.22989944458008
2025-06-20 04:00:00+00:00,NVDA,145.09416929186932,145.84233449814036,142.30101614416546,143.4980926513672,242956200,-1.6260223388671875,-1.1204356622444234,3.5413183539749014,139.92611389160157,125.1787062072754
2025-06-23 04:00:00+00:00,NVDA,142.15140884759998,144.4258301714446,141.6825573691225,143.81732177734375,154308900,0.3192291259765625,0.22246227812388053,2.7432728023221102,140.49218673706054,125.77420486450195
2025-06-24 04:00:00+00:00,NVDA,145.20390562225958,147.59804349475166,145.1440548392029,147.53817749023438,187566100,3.720855712890625,2.587209709447391,2.4539886555487556,141.32110900878905,126.57898040771484
2025-06-25 04:00:00+00:00,NVDA,148.90483162044157,154.0721520137232,148.8948463426075,153.9324951171875,269146500,6.394317626953125,4.334008821124535,5.177305671115704,142.25977783203126,127.44461135864258
2025-06-26 04:00:00+00:00,NVDA,155.59842060814296,156.33661581991106,153.6232685600938,154.64077758789062,198145700,0.708282470703125,0.46012537519379837,2.7133472598172546,143.2682731628418,128.3287969970703
2025-06-27 04:00:00+00:00,NVDA,155.65826650868465,158.32174817747665,154.880175871103,157.3640899658203,263234500,2.7233123779296875,1.7610570901209321,3.4415723063736436,144.19448471069336,129.23772384643556
2025-06-30 04:00:00+00:00,NVDA,158.01248577811177,158.27185945851633,155.57846775508057,157.60350036621094,194580300,0.239410400390625,0.152137886377135,2.693391703435765,145.33515701293945,130.30525100708007
2025-07-01 04:00:00+00:00,NVDA,155.90764810734902,156.81542555199195,151.1194029227986,152.9249725341797,213143600,-4.67852783203125,-2.968543097811993,5.696022629193351,146.12968521118165,131.33905670166016
2025-07-02 04:00:00+00:00,NVDA,152.6057523429847,157.21446053326332,152.59578228626097,156.8653106689453,171224100,3.940338134765625,2.576647927064313,4.61867824700235,146.92971420288086,132.54303848266602
2025-07-03 04:00:00+00:00,NVDA,157.98256705200242,160.58618269349765,157.3840439934681,158.9501953125,143716100,2.0848846435546875,1.3290922222789714,3.2021387000295363,147.7990753173828,133.74921783447266
2025-07-07 04:00:00+00:00,NVDA,157.81297934590498,158.92026447090194,156.95508262544374,157.85289001464844,140139000,-1.0973052978515625,-0.6903453598746667,1.9651818454582042,148.70982818603517,134.85724334716798
2025-07-08 04:00:00+00:00,NVDA,158.94022243433284,159.82804456030718,158.0025195823342,159.60858154296875,138133000,1.7556915283203125,1.112232742876862,1.8255249779729752,149.62208251953126,135.92616989135743
2025-07-09 04:00:00+00:00,NVDA,160.82559421950873,164.01776272716893,160.76574343834326,162.48153686523438,183656400,2.872955322265625,1.8000005353673298,3.2520192888256645,150.63259887695312,136.96118560791015
2025-07-10 04:00:00+00:00,NVDA,163.91802564623063,164.0975779997467,161.214648514871,163.6985626220703,167704100,1.2170257568359375,0.749024030862877,2.882929484875717,151.63763351440429,138.0660272216797
2025-07-11 04:00:00+00:00,NVDA,163.319494380175,167.4792915182188,163.07010595303956,164.5165557861328,193633300,0.8179931640625,0.4996947749327463,4.409185565179229,152.73943176269532,139.18144332885743
2025-07-14 04:00:00+00:00,NVDA,164.96544774793,165.08516454052796,161.62365204151925,163.66864013671875,136975800,-0.8479156494140625,-0.5153983715270205,3.4615124990087054,153.6905990600586,140.2818962097168
2025-07-15 04:00:00+00:00,NVDA,170.77121644956358,171.97824787505814,168.78607915204378,170.28240966796875,230627400,6.61376953125,4.040950988366054,3.192168723014362,155.123583984375,141.46095977783204
2025-07-16 04:00:00+00:00,NVDA,170.64152069930245,171.32983513615645,168.48680121561864,170.9507598876953,158831500,0.6683502197265625,0.39249516202510826,2.843033920537806,156.45432052612304,142.59573562622072
2025-07-17 04:00:00+00:00,NVDA,171.59918390717252,173.7339481189201,170.4120926228971,172.5767822265625,160841100,1.6260223388671875,0.9511641480478783,3.321855496023005,157.8947883605957,143.77659774780273
2025-07-18 04:00:00+00:00,NVDA,173.21522225123385,173.8237306114437,170.841039596405,171.9882354736328,146456400,-0.5885467529296875,-0.34103472398565593,2.9826910150386823,159.2379943847656,144.95127471923828
2025-07-21 04:00:00+00:00,NVDA,172.32738268326037,172.95584631586675,170.58166390065136,170.9607391357422,123126100,-1.027496337890625,-0.597422454542329,2.3741824152153868,160.6111267089844,146.0351789855957
2025-07-22 04:00:00+00:00,NVDA,170.9208374301641,170.97071815657463,164.17738028748298,166.6213836669922,193114300,-4.33935546875,-2.5382175408732666,6.793337869091658,161.7513298034668,147.0261117553711
2025-07-23 04:00:00+00:00,NVDA,169.1152710575868,170.84103463039327,167.55908978070133,170.36221313476562,154082200,3.7408294677734375,2.2451076719239182,3.2819448496919392,162.89253158569335,148.10622482299806
2025-07-24 04:00:00+00:00,NVDA,172.01816431437092,173.40476336343244,170.88095369299285,173.3149871826172,128984600,2.9527740478515625,1.73323297080894,2.52380967043959,163.86165618896484,149.1187127685547
2025-07-25 04:00:00+00:00,NVDA,173.18529303585547,174.29257821699642,172.53688923976992,173.0755615234375,122316800,-0.2394256591796875,-0.1381448096738569,1.755688977226498,164.78339538574218,149.98816101074217
2025-07-28 04:00:00+00:00,NVDA,173.59430945229414,176.56701539294556,173.54442872003753,176.317626953125,140023500,3.2420654296875,1.8732080954412922,3.0225866729080337,165.73107223510743,150.81452270507813
2025-07-29 04:00:00+00:00,NVDA,177.52464594674228,178.94117023690123,174.59183591750704,175.08062744140625,154077500,-1.23699951171875,-0.7015745011402674,4.349334319394188,166.60492858886718,151.62631927490236
2025-07-30 04:00:00+00:00,NVDA,176.07819353379378,179.4499298230835,175.60934208925488,178.83145141601562,174312200,3.750823974609375,2.1423409485236578,3.840587733828613,167.90025253295897,152.50176055908204
2025-07-31 04:00:00+00:00,NVDA,182.45256948733228,182.85160010862035,175.49961883405416,177.43487548828125,221685400,-1.396575927734375,-0.7809453631763663,7.351981274566185,168.9287307739258,153.34587860107422
2025-08-01 04:00:00+00:00,NVDA,173.6641186818972,176.1081221843386,170.47194991004753,173.29502868652344,204529000,-4.1398468017578125,-2.333164092101625,5.636172274291084,169.64597244262694,154.13094024658204
2025-08-04 04:00:00+00:00,NVDA,174.7315057215643,179.75916955634796,174.09307197712414,179.55966186523438,148174600,6.2646331787109375,3.6150103244122267,5.666097579223816,170.73131103515624,155.09276458740234
2025-08-05 04:00:00+00:00,NVDA,179.180556437907,179.81899007488775,175.46965616625067,177.82388305664062,156407600,-1.73577880859375,-0.9666863874451481,4.349333908637078,171.64207611083984,155.99932495117187
2025-08-06 04:00:00+00:00,NVDA,175.89862689332494,179.45988530544022,175.81882077930385,178.98106384277344,137192300,1.1571807861328125,0.6507454264533363,3.6410645261363754,172.4670524597168,156.95975158691405
2025-08-07 04:00:00+00:00,NVDA,181.1258353228625,183.43018196887525,178.3626072705472,180.32778930664065,151878400,1.346725463867216,0.7524401939247971,5.067574698328059,173.29851379394532,157.863125
2025-08-08 04:00:00+00:00,NVDA,181.10587113034643,182.85159004607544,179.95867528141935,182.2530517578125,123396700,1.9252624511718466,1.0676460120619513,2.8929147646560978,174.1853385925293,158.81876861572266
2025-08-11 04:00:00+00:00,NVDA,181.6046539661726,183.39026839012567,179.80905426349312,181.6146240234375,138323200,-0.638427734375,-0.3502974179128593,3.5812141266325455,175.08263778686523,159.67426391601563
2025-08-12 04:00:00+00:00,NVDA,182.51242163652668,184.0286922178894,179.0209838780724,182.71192932128903,145485700,1.097305297851534,0.604194350400955,5.007708339816986,175.70411376953126,160.63270141601564
2025-08-13 04:00:00+00:00,NVDA,182.17326161923745,183.51996527523903,178.9112718042809,181.14578247070312,179871700,-1.566146850585909,-0.8571672667480379,4.608693470958144,176.21386489868163,161.51492889404298
2025-08-14 04:00:00+00:00,NVDA,179.3102712094187,182.57227595462552,179.02098734413144,181.57472229003903,129554000,0.4289398193359091,0.23679260620117493,3.5512886104940833,176.66376190185548,162.32912872314452
2025-08-15 04:00:00+00:00,NVDA,181.43506987144983,181.45500998578265,177.6044521364236,180.00856018066406,156602200,-1.5661621093749716,-0.862544130384657,3.8505578493590633,177.06477813720704,163.0980404663086
2025-08-18 04:00:00+00:00,NVDA,180.15820389652,182.4924758960302,180.14821861780752,181.5647430419922,132008000,1.556182861328125,0.8645049211916778,2.3442572782226705,177.59497833251953,163.9365786743164
2025-08-19 04:00:00+00:00,NVDA,181.98370991508045,182.0535459787435,175.06070018553257,175.2103271484375,185229200,-6.3544158935546875,-3.499807169107183,6.9928457932109325,178.0244255065918,164.61351531982422
2025-08-20 04:00:00+00:00,NVDA,174.74148365399904,175.5694550698242,168.38707131580557,174.97091674804688,215142700,-0.239410400390625,-0.13664171757855614,7.182383754018616,178.25486068725587,165.26750946044922
2025-08-21 04:00:00+00:00,NVDA,174.42225404103465,176.46722675550242,173.38478976711397,174.5519256591797,140040900,-0.4189910888671875,-0.23946327575714577,3.0824369883884515,178.31670761108398,165.88659057617187
2025-08-22 04:00:00+00:00,NVDA,172.1877223514448,178.15308843889832,170.78116816439123,177.5545654296875,172789400,3.0026397705078125,1.7201985937242537,7.37192027450709,178.5406578063965,166.58807006835937
2025-08-25 04:00:00+00:00,NVDA,177.91369740024777,181.4649859155824,176.13805314258047,179.3701171875,163012800,1.8155517578125,1.0225317233712339,5.326932773001914,178.69328231811522,167.2825665283203
2025-08-26 04:00:00+00:00,NVDA,179.61950918930867,181.94381103857447,178.37256711704984,181.3253326416016,168688200,1.955215454101591,1.090045256567329,3.5712439215246263,179.005517578125,168.07661895751954
2025-08-27 04:00:00+00:00,NVDA,181.5348217819196,182.0435839210746,178.66187741767394,181.15576171875,235518900,-0.16957092285159092,-0.09351750270149006,3.3817065034006646,179.12173309326172,168.81301361083985
2025-08-28 04:00:00+00:00,NVDA,180.37766708382995,184.01873199506824,175.97845161993425,179.729248046875,281787800,-1.426513671875,-0.7874514497031027,8.040280375133989,179.2364517211914,169.53225006103514
2025-08-29 04:00:00+00:00,NVDA,177.674269227683,177.71416467354967,172.72639675993378,173.75387573242188,243257900,-5.975372314453125,-3.324652152828622,4.987767913615897,179.25939407348633,170.10484527587892
2025-09-02 04:00:00+00:00,NVDA,169.58412249632292,171.9583050821389,166.81092453439402,170.36221313476562,231164900,-3.39166259765625,-1.9519924855543103,5.147380547744888,178.79952163696288,170.64212768554688
2025-09-03 04:00:00+00:00,NVDA,170.64153226145447,171.9882358353705,168.46687251736884,170.20260620117188,164424900,-0.15960693359375,-0.0936868162586535,3.5213633180016473,178.41845779418946,171.16983337402343
2025-09-04 04:00:00+00:00,NVDA,170.15272152001435,171.43955894132503,168.9955557135668,171.24005126953125,141670100,1.037445068359375,0.6095353599539832,2.4440032277582304,178.03140716552736,171.64387084960939
2025-09-05 04:00:00+00:00,NVDA,167.61894341349085,168.61649709218636,163.66863936987482,166.61141967773438,224441400,-4.628631591796875,-2.7030075951749333,4.947857722311539,177.34558868408203,171.89744934082032
2025-09-08 04:00:00+00:00,NVDA,167.140134281122,170.54179623040895,166.94062657490792,167.8982696533203,163769100,1.2868499755859375,0.7723660107302521,3.6011696555010246,176.62784957885742,172.1625991821289
2025-09-09 04:00:00+00:00,NVDA,168.67635699060992,170.56173293634785,166.33211485189898,170.34226989746094,157548400,2.444000244140625,1.4556434972123666,4.229618084448873,176.0642318725586,172.4221627807617
2025-09-10 04:00:00+00:00,NVDA,176.20789518840485,178.851406558282,175.04075911822534,176.89620971679688,226852000,6.5539398193359375,3.847512319332802,3.8106474400566697,175.773445892334,172.80801696777343
2025-09-11 04:00:00+00:00,NVDA,179.25053151190707,179.84910351407555,176.05818301908454,176.7465362548828,151159300,-0.1496734619140625,-0.08461089254183651,3.7909204949910134,175.55348358154296,173.2844482421875
2025-09-12 04:00:00+00:00,NVDA,177.3451207317183,178.1731387966239,176.02826832324598,177.39500427246094,124911000,0.648468017578125,0.3668914997253303,2.144870473377921,175.34449768066406,173.6950421142578
2025-09-15 04:00:00+00:00,NVDA,175.2501343169162,178.4225418052247,174.0929031464731,177.32516479492188,147061600,-0.0698394775390625,-0.03936947256518719,4.329638658751605,175.21032791137696,174.06254150390626
2025-09-16 04:00:00+00:00,NVDA,176.5769489507663,177.0757538913052,173.96321593348455,174.46202087402344,140737800,-2.8631439208984375,-1.6146292175787336,3.112537957820649,174.8551918029785,174.39472412109376
2025-09-17 04:00:00+00:00,NVDA,172.22736966160153,172.78602876073558,168.00748411706098,169.8829803466797,211843800,-4.57904052734375,-2.6246632386828783,4.778544643674593,174.5888244628906,174.60021209716797
2025-09-18 04:00:00+00:00,NVDA,173.56417834624654,176.67673180432445,172.54662713675344,175.81878662109375,191763300,5.9358062744140625,3.4940558861758175,4.130104667571004,174.63121795654297,174.86695709228516
2025-09-19 04:00:00+00:00,NVDA,175.34989886544702,177.65437533147113,174.76129744715922,176.24774169921875,237182100,0.428955078125,0.24397567880469762,2.893077884311907,174.71600875854492,175.11794067382812
2025-09-22 04:00:00+00:00,NVDA,174.8810364137678,184.1089289332547,174.29245016588175,183.17117309570312,269637000,6.923431396484375,3.92823835910463,9.816478767372956,174.9968391418457,175.49103302001953
2025-09-23 04:00:00+00:00,NVDA,181.53508786527132,181.98400930831284,175.78885990523673,178.0035400390625,192559600,-5.167633056640625,-2.821204324514892,6.195149403076101,174.92851028442382,175.77773101806642
2025-09-24 04:00:00+00:00,NVDA,179.34033838980653,179.35030900890538,174.98077271717747,176.54702758789062,143564100,-1.456512451171875,-0.8182491487822352,4.369536291727911,174.6895950317383,175.90302337646483
2025-09-25 04:00:00+00:00,NVDA,174.06295512355928,179.82913859886173,172.7161910154847,177.26528930664062,191586700,0.71826171875,0.40683874917828433,7.112947583377036,174.4950714111328,176.02931396484374
2025-09-26 04:00:00+00:00,NVDA,177.7441731762758,179.34035527690486,174.5119112725463,177.76412963867188,148573700,0.49884033203125,0.2814089176637058,4.828444004358545,174.39681549072264,176.13306091308593
2025-09-29 04:00:00+00:00,NVDA,179.99874009736317,183.5602146114836,179.8890176259668,181.4153594970703,193063500,3.6512298583984375,2.053974480577181,3.6711969855167865,174.77988967895507,176.32160339355468
2025-09-30 04:00:00+00:00,NVDA,181.6448190078555,186.9022276338177,181.04624695721463,186.13406372070312,236981000,4.7187042236328125,2.6010500085076993,5.855980676603053,175.56848220825196,176.6250698852539
2025-10-01 04:00:00+00:00,NVDA,184.7972757932568,187.69033860903804,183.4604668683245,186.79249572753903,173844900,0.6584320068359091,0.3537407359374578,4.229871740713548,176.39797668457032,177.02849212646484
2025-10-02 04:00:00+00:00,NVDA,189.14686265639136,190.59339411626704,187.6105347272827,188.4385528564453,136805800,1.6460571289062784,0.8812223009789788,2.9828593889843376,177.257901763916,177.39001892089843
2025-10-03 04:00:00+00:00,NVDA,188.7378093314507,189.90501102540352,184.93691825112063,187.1715545654297,137596900,-1.266998291015625,-0.672366812316183,4.968092774282894,178.2859085083008,177.66715026855468
2025-10-06 04:00:00+00:00,NVDA,185.0566446584491,186.7825055997528,182.8918329061041,185.09654235839844,157678100,-2.07501220703125,-1.108615148198644,3.890672693648696,179.14582214355468,177.9075698852539
2025-10-07 04:00:00+00:00,NVDA,185.7848907820332,188.6081286768816,183.56022492696124,184.5977325439453,140088000,-0.498809814453125,-0.2694862951503896,5.047903749920351,179.8585952758789,178.07317199707032
2025-10-08 04:00:00+00:00,NVDA,186.1240974206304,189.14685437964263,186.0941551173159,188.65802001953125,130168900,4.0602874755859375,2.199532691778505,3.0526992623267404,180.44668579101562,178.34471984863282
2025-10-09 04:00:00+00:00,NVDA,191.77054228398893,194.8332119113436,190.60334055524348,192.1097412109375,182997200,3.45172119140625,1.829618052309101,4.229871356100119,181.21484603881837,178.61028564453125
2025-10-10 04:00:00+00:00,NVDA,193.0474821132437,195.1524395658232,181.6148814298513,182.72222900390625,268774400,-9.38751220703125,-4.886536282782094,13.537558135971892,181.48120727539063,178.71603271484375
2025-10-13 04:00:00+00:00,NVDA,187.52074924116,189.6556339904095,185.51555866051007,187.8699188232422,153482800,5.1476898193359375,2.817221444483309,4.140075329899446,182.00844497680663,179.00753051757812
2025-10-14 04:00:00+00:00,NVDA,184.32839277968645,184.35831986008523,179.2705030798172,179.59971618652344,205641400,-8.27020263671875,-4.402089854789248,5.087816780268042,182.26532974243165,179.0083316040039
2025-10-15 04:00:00+00:00,NVDA,184.35831474003743,184.4281395182556,176.86625456034105,179.4001922607422,214450500,-0.19952392578125,-0.11109367543433724,7.561884957914543,182.74119033813477,179.03985778808592
2025-10-16 04:00:00+00:00,NVDA,181.79443681084305,182.84193018690272,179.34032512988762,181.3754425048828,179723300,1.975250244140625,1.1010301712886639,3.501605057015098,183.0190231323242,179.08774536132813
2025-10-17 04:00:00+00:00,NVDA,179.74934657743225,183.65999082680747,179.3203816221287,182.78208923339844,173135200,1.406646728515625,0.7755442021748715,4.339609204678766,183.3457405090332,179.1368313598633
2025-10-20 04:00:00+00:00,NVDA,182.69231029505525,184.7573549226016,181.2956472677441,182.20347595214844,128544700,-0.57861328125,-0.31655906969700887,3.4617076548574914,183.29735565185547,179.13583984375
2025-10-21 04:00:00+00:00,NVDA,182.35311411361403,182.35311411361403,179.37027013728058,180.72702026367188,124240200,-1.4764556884765625,-0.8103334367036585,2.9828439763334416,183.43352966308595,179.1180877685547
2025-10-22 04:00:00+00:00,NVDA,180.7070509305708,183.00155667206863,176.33751483638122,179.84910583496094,162249600,-0.8779144287109375,-0.485768219622118,6.664041835687414,183.59863357543946,179.06083129882813
2025-10-23 04:00:00+00:00,NVDA,179.988793025541,182.59255571493648,179.3602938591047,181.72463989257807,111363700,1.8755340576171307,1.0428375770398457,3.23226185583178,183.82160110473632,179.07240844726562
2025-10-24 04:00:00+00:00,NVDA,183.40059008116805,187.0219186862977,183.0614063875393,185.81480407714844,131296700,4.090164184570369,2.250748267812308,3.9605122987584025,184.22413482666016,179.1572100830078
2025-10-27 04:00:00+00:00,NVDA,189.5359184602369,191.54110896467577,187.9796341631504,191.03233337402344,153452700,5.217529296875,2.8079190583268687,3.561474801525378,184.70498352050782,179.377685546875
2025-10-28 04:00:00+00:00,NVDA,192.58860677151608,202.6644582837766,191.4513320204045,200.54953002929688,297986200,9.517196655273438,4.981982100715721,11.213126263372118,185.4257568359375,179.7573812866211
2025-10-29 04:00:00+00:00,NVDA,207.482906515472,211.682850968722,204.29055782184227,206.545150756836,308829600,5.995620727539119,2.989595999882555,7.392293146879723,186.41338958740235,180.38407775878906
2025-10-30 04:00:00+00:00,NVDA,204.65966800141675,205.66726375798945,200.9286166610889,202.4050750732422,178864400,-4.140075683593807,-2.0044409991827328,4.738647096900536,187.1117156982422,180.93276092529297
2025-10-31 04:00:00+00:00,NVDA,205.9565693232556,207.4729406961805,201.5870481318289,202.00604248046875,179802200,-0.3990325927734375,-0.1971455471800998,5.885892564351593,187.85344009399415,181.48184326171875
2025-11-03 05:00:00+00:00,NVDA,207.58267267525224,210.83487551397133,205.06869143040765,206.3855438232422,180267300,4.3795013427734375,2.1680051195482886,5.766184083563672,188.91789016723632,182.05846282958984
2025-11-04 05:00:00+00:00,NVDA,202.51481474882632,203.4824975937368,197.4569251230167,198.21511840820312,188919300,-8.170425415039062,-3.9588167192739943,6.025572470720107,189.59875946044923,182.4353628540039
2025-11-05 05:00:00+00:00,NVDA,198.29492759193727,202.43500266122365,194.18476438007545,194.74343872070312,171350300,-3.4716796875,-1.7514706826501691,8.2502382811482,189.9030303955078,182.70372497558594
2025-11-06 05:00:00+00:00,NVDA,195.95054108781363,197.1476699621838,185.9345440647224,187.63047790527344,223029800,-7.1129608154296875,-3.652477773914087,11.213125897461424,189.6790672302246,182.8332192993164
2025-11-07 05:00:00+00:00,NVDA,184.4580548583196,187.86989393508227,178.48238160939712,187.7002868652344,264942300,0.06980895996096592,0.03720555463073705,9.387512325685151,189.927970123291,182.9926400756836
2025-11-10 05:00:00+00:00,NVDA,194.64369382605648,199.46215210416705,193.32684127795724,198.57427978515625,198897100,10.873992919921847,5.793274534380011,6.135310826209803,190.46318817138672,183.48904815673828
2025-11-11 05:00:00+00:00,NVDA,194.6935535589016,194.9529266552934,190.84277869998112,192.6983337402344,176483300,-5.875946044921847,-2.959067030875906,4.1101479553122715,191.11811904907228,183.93577056884766
2025-11-12 05:00:00+00:00,NVDA,195.2522164876445,195.4218083488666,190.673190567689,193.33680725097656,154935300,0.6384735107421591,0.33133317675846374,4.748617781177586,191.814949798584,184.39845458984374
2025-11-13 05:00:00+00:00,NVDA,190.5933791327836,190.9824463944715,183.4105907203728,186.41339111328125,207423100,-6.9234161376953125,-3.5810129670279522,7.571855674098714,192.0668472290039,184.70192138671874
2025-11-14 05:00:00+00:00,NVDA,182.4229435613052,190.55345800755305,180.14839424900484,189.7154693603516,186591900,3.302078247070341,1.7713739487007718,10.40506375854821,192.41351623535155,185.1640023803711
2025-11-17 05:00:00+00:00,NVDA,185.5255230789849,188.54828000089623,183.87947275520656,186.15402221679688,173628900,-3.561447143554716,-1.877257113277353,4.668807245689663,192.61104354858398,185.52911743164063
2025-11-18 05:00:00+00:00,NVDA,182.9416897271721,184.358293814419,179.22059421855408,180.926513671875,213598900,-5.227508544921875,-2.8081630913318945,5.137699595864916,192.62101821899415,185.74080230712892
2025-11-19 05:00:00+00:00,NVDA,184.34831228056447,187.41098174033533,182.39300555425,186.07418823242188,247246400,5.147674560546875,2.8451742401241376,5.0179761860853205,192.9322723388672,185.9243618774414
2025-11-20 05:00:00+00:00,NVDA,195.4816571057099,195.53154064523628,179.42014682895694,180.208251953125,343504800,-5.865936279296875,-3.1524717829051307,16.11139381627933,192.85645294189453,185.99359619140625
2025-11-21 05:00:00+00:00,NVDA,180.80681345200097,184.1188702156436,172.51666286870193,178.45245361328125,346926200,-1.75579833984375,-0.9743162817541062,11.602207346941668,192.48833541870118,186.01474517822265
2025-11-24 05:00:00+00:00,NVDA,179.0610093294625,183.0614196131816,176.0581937395723,182.1136932373047,256618300,3.6612396240234375,2.051661128715887,7.003225873609324,192.04240341186522,186.1105157470703
2025-11-25 05:00:00+00:00,NVDA,174.49195573568102,177.73418799379976,169.1447659257062,177.39500427246094,320600300,-4.71868896484375,-2.5910676352574047,8.589422068093569,190.88467712402343,186.16917541503906
2025-11-26 05:00:00+00:00,NVDA,181.1958831941039,182.4728225932506,177.81398638784032,179.8291473388672,183852000,2.43414306640625,1.3721598736048168,4.658836205410296,189.548876953125,186.36809875488282
2025-11-28 05:00:00+00:00,NVDA,178.58215589898683,178.86148547381688,176.0781603452176,176.57696533203125,121332800,-3.2521820068359375,-1.8084843613852986,2.783325128599273,188.25747146606446,186.38326232910157
2025-12-01 05:00:00+00:00,NVDA,174.3423041351479,179.8690716163194,173.2648835948944,179.48997497558594,188131000,2.9130096435546875,1.649711013028865,6.604188021424989,187.1316680908203,186.44810699462892
2025-12-02 05:00:00+00:00,NVDA,181.32557695606167,185.2162648499111,179.56978894419797,181.0263061523437,182632200,1.5363311767577557,0.8559426101467427,5.646475905713146,185.86370620727538,186.40520965576172
2025-12-03 05:00:00+00:00,NVDA,180.6472109015755,182.01393165685585,178.68191808959097,179.1607666015625,165138000,-1.8655395507811932,-1.0305350589274287,3.3320135672648803,184.91098861694337,186.4283541870117
2025-12-04 05:00:00+00:00,NVDA,181.1959881613664,184.089227004522,179.53987513877786,182.951889038086,167364900,3.7911224365234943,2.1160449960311967,4.549351865744143,184.3214111328125,186.55645141601562
2025-12-05 05:00:00+00:00,NVDA,183.46070200471704,184.22890867632069,180.4876631773748,181.98416137695312,143971100,-0.9677276611328693,-0.5289519918164953,3.7412454989458865,184.0390953063965,186.65082885742189
2025-12-08 05:00:00+00:00,NVDA,182.21361127014936,187.5610985176648,181.97416608957425,185.1168212890625,204378100,3.132659912109375,1.721391514737669,5.586932428090535,183.9099220275879,186.79788269042967
2025-12-09 05:00:00+00:00,NVDA,185.12681175320972,185.2864418902268,182.89205072764324,184.53819274902344,144719700,-0.5786285400390625,-0.3125748033105724,2.3943911625835597,183.20811767578124,186.86033935546874
2025-12-10 05:00:00+00:00,NVDA,184.538176449994,185.04698034073257,181.6150088138297,183.3509521484375,162785400,-1.1872406005859375,-0.6433576610347602,3.4319715269028848,182.7407485961914,186.80467712402344
2025-12-11 05:00:00+00:00,NVDA,179.85912243695617,180.89670300875093,176.20766331092784,180.50759887695312,182136600,-2.843353271484375,-1.5507709331023523,4.689039697823091,182.09928817749022,186.67897918701172
2025-12-12 05:00:00+00:00,NVDA,180.6871989054384,182.3932136047752,174.21234434473615,174.61141967773438,204274900,-5.89617919921875,-3.2664437596546914,8.18086926003906,181.5091896057129,186.4024365234375
2025-12-15 05:00:00+00:00,NVDA,177.52459033283526,178.0034654802094,174.6213802569945,175.87843322753906,164775600,1.2670135498046875,0.7256189498619836,3.3820852232148866,180.81733779907228,186.1765740966797
2025-12-16 05:00:00+00:00,NVDA,175.84850127733236,178.0733061224419,174.4916756985292,177.3050994873047,148588100,1.426666259765625,0.8111661183153096,3.581630423912685,180.37489166259766,186.02074523925782
2025-12-17 05:00:00+00:00,NVDA,175.68889685369163,175.71882560019336,169.91240520818417,170.5409393310547,222775500,-6.76416015625,-3.8149834245090775,5.806420392009187,179.85561294555663,185.739609375
2025-12-18 05:00:00+00:00,NVDA,174.1225483861358,175.7387615308714,171.41888356310693,173.73345947265625,176096000,3.1925201416015625,1.8719963394855155,4.319877967764455,179.23857650756835,185.4411181640625
2025-12-19 05:00:00+00:00,NVDA,176.2575523358494,181.0263919449467,175.92832091222974,180.5674743652344,324925900,6.834014892578153,3.9336204513061857,5.098071032716973,179.25653762817382,185.21027282714843
2025-12-22 05:00:00+00:00,NVDA,183.4906282252173,183.73007341419407,181.9243013805983,183.2611694335937,129064400,2.6936950683592897,1.4917941771233734,1.8057720335957583,179.49697341918946,185.22105163574219
2025-12-23 05:00:00+00:00,NVDA,182.54285710968043,188.88801027625053,182.4730132178061,188.768295288086,174873600,5.507125854492301,3.0050696890744577,6.414997058444413,179.8297035217285,185.23901916503905
2025-12-24 05:00:00+00:00,NVDA,187.50124372172945,188.4689804086018,186.154389299292,188.169677734375,65528500,-0.5986175537109943,-0.3171176350336924,2.314591109309788,180.36843719482422,185.4104183959961
2025-12-26 05:00:00+00:00,NVDA,189.47662851874145,192.240166195598,187.5611125998212,190.085205078125,139740300,1.91552734375,1.0179787555644415,4.679053595776793,180.8812400817871,185.62411865234375
2025-12-29 05:00:00+00:00,NVDA,187.2717899684254,188.31932652162573,185.47598909796272,187.7805938720703,120006100,-2.3046112060546875,-1.2124095639676424,2.8433374236630016,181.44142150878906,185.7522216796875
2025-12-30 05:00:00+00:00,NVDA,187.8005661647844,188.5488153175326,186.49361152385623,187.1021881103516,97687300,-0.6784057617187216,-0.36127575684465896,2.0552037936763554,181.82203216552733,185.83862365722655
2025-12-31 05:00:00+00:00,NVDA,189.1274459397885,190.1151249886817,186.0546345387688,186.06460571289065,120100500,-1.0375823974609375,-0.5545538552702456,4.060490449912919,182.07394714355468,185.9158462524414
2026-01-02 05:00:00+00:00,NVDA,189.39681300359115,192.4795957147097,187.8204997023152,188.4091339111328,148240500,2.344528198242159,1.2600613583971576,4.659096012394485,182.5363655090332,186.06948852539062
2026-01-05 05:00:00+00:00,NVDA,191.31233377676452,193.1779786425506,185.7154296257417,187.6808319091797,183529700,-0.728302001953125,-0.386553447189375,7.462549016808907,182.7728126525879,186.226123046875
2026-01-06 05:00:00+00:00,NVDA,190.07524399309983,191.72138605392453,186.3838845193456,186.8029022216797,176862600,-0.8779296875,-0.4677780243029006,5.337501534578934,183.0137496948242,186.32768829345704
2026-01-07 05:00:00+00:00,NVDA,188.12978540958392,190.9232365533545,186.12446806753155,188.66851806640625,153543200,1.8656158447265625,0.9987081691657185,4.798768485822961,183.19133453369142,186.3847625732422
2026-01-08 05:00:00+00:00,NVDA,188.6685072554968,189.1074824738404,183.2811201033086,184.6080017089844,172457000,-4.060516357421847,-2.152196030920561,5.826362370531797,183.19482498168946,186.25627593994142
2026-01-09 05:00:00+00:00,NVDA,184.64792389684447,185.9049768874807,183.2412119543349,184.42843627929688,131327500,-0.17956542968752842,-0.09726849758689982,2.6637649331458135,183.24869918823245,185.9338540649414
2026-01-12 05:00:00+00:00,NVDA,182.79226917353867,186.6831584288149,182.5927391235801,184.5082550048828,137968500,0.0798187255859375,0.043278968903170956,4.0904193052348035,183.44873199462893,185.49311614990233
2026-01-13 05:00:00+00:00,NVDA,184.5681140987238,187.6708543554723,182.97184323887345,185.376220703125,160128900,0.8679656982421875,0.47042106501913317,4.699011116598854,183.98697204589845,185.1525390625
2026-01-14 05:00:00+00:00,NVDA,183.88970125566945,184.02937380837903,180.3779146434709,182.7124481201172,159586100,-2.6637725830078125,-1.4369548439946755,3.6514591649081467,184.32867279052738,184.76666717529298
2026-01-15 05:00:00+00:00,NVDA,186.06460797964908,189.25713440169068,185.895006678512,186.6133270263672,206188600,3.90087890625,2.1349825621544527,3.3621277231786735,184.7940841674805,184.37122283935548
2026-01-16 05:00:00+00:00,NVDA,188.63859508159712,189.9954207742268,185.64559857342888,185.7952423095703,187967200,-0.818084716796875,-0.43838493736371165,4.349822200797917,185.55679931640628,184.12282531738282
2026-01-20 05:00:00+00:00,NVDA,181.47532662721457,181.95421697054311,177.19534884297914,177.65428161621094,223345300,-8.140960693359375,-4.38168415518142,4.7588681275639715,185.75284042358402,183.78104217529298
2026-01-21 05:00:00+00:00,NVDA,178.6320081827799,184.94723253133864,177.9835164834521,182.8920440673828,200381000,5.237762451171875,2.948289454957864,6.96371604788655,185.86906890869142,183.68627349853514
2026-01-22 05:00:00+00:00,NVDA,184.31869154642928,185.7353746560278,183.5005985718231,184.40847778320312,139636600,1.5164337158203125,0.8291414334357983,2.2347760842046966,185.9264343261719,183.62043731689454
2026-01-23 05:00:00+00:00,NVDA,187.06227125943187,189.15737478680413,186.38386606278428,187.2318725585937,142748100,2.823394775390568,1.5310547591580015,2.773508724019848,185.84961318969727,183.39358917236328
2026-01-26 05:00:00+00:00,NVDA,186.7230595290241,188.6784751839824,185.5557928402329,186.03466796875,124799600,-1.1972045898436932,-0.639423498512004,3.122682343749517,185.74286270141602,183.2603158569336
2026-01-27 05:00:00+00:00,NVDA,186.8028844605492,189.55643562401056,185.2664711415707,188.07989501953125,143711600,2.04522705078125,1.0993795259305106,4.289964482439871,185.64259719848633,183.1551776123047
2026-01-28 05:00:00+00:00,NVDA,190.82345963399504,191.9009400606663,189.39679023846315,191.0728759765625,148552700,2.99298095703125,1.5913348721937837,2.5041498222031464,185.80721130371094,183.2483673095703
2026-01-29 05:00:00+00:00,NVDA,190.8933105997472,193.0283141326731,185.6256380470484,192.06057739257807,171764400,0.9877014160155682,0.5169239280915727,7.402676085624705,186.05513076782228,183.29526947021483
2026-01-30 05:00:00+00:00,NVDA,190.76362243793776,194.0359639826301,189.0276790286862,190.68380737304688,179489500,-1.3767700195311932,-0.7168415497976088,5.0082849539439,186.28609085083008,183.38586517333985
2026-02-02 05:00:00+00:00,NVDA,186.7629659025267,189.8557348322644,184.448390015382,185.1766815185547,165794100,-5.5071258544921875,-2.8880930847569264,5.407344816882414,186.12446823120118,183.47086853027344
2026-02-03 05:00:00+00:00,NVDA,185.8052108647954,185.8351396091497,175.81857039871747,179.91897583007812,204019600,-5.2577056884765625,-2.839291451472381,10.016569210432237,185.7363754272461,183.34776428222656
2026-02-04 05:00:00+00:00,NVDA,179.04105715530034,179.16077214377114,171.50867959294058,173.78335571289062,207014100,-6.1356201171875,-3.4102128965997403,7.6520925508305595,185.08539810180665,183.21926635742187
2026-02-05 05:00:00+00:00,NVDA,174.52161198787914,176.40721432559468,170.63072277473634,171.47874450683594,206312900,-2.3046112060546875,-1.3261403525100302,5.7764915508583385,184.2259094238281,183.07979217529297
2026-02-06 05:00:00+00:00,NVDA,176.27751351666032,186.56344202919425,174.19239634754115,184.97715759277344,231346200,13.4984130859375,7.871770419569057,12.3710456816531,184.24436721801754,183.13706146240236
2026-02-09 05:00:00+00:00,NVDA,183.82983865020864,193.20790343822367,183.52056478242864,189.59634399414065,196387400,4.619186401367216,2.4971658454912227,9.687338655795031,184.50276260375975,183.38108825683594
2026-02-10 05:00:00+00:00,NVDA,190.93321971968692,192.0306425866914,187.6808205923615,188.099838256836,136764800,-1.496505737304659,-0.7893114950312086,4.349821994329915,184.6823417663574,183.54650207519532
2026-02-11 05:00:00+00:00,NVDA,192.0007297023972,192.80883635229745,188.3293278304632,189.60633850097656,144192700,1.5065002441405682,0.8009045930616576,4.479508521834248,184.89384765625,183.80708953857422
2026-02-12 05:00:00+00:00,NVDA,192.57938064366328,193.15802849168205,186.07459697001164,186.50360107421875,189932500,-3.1027374267578125,-1.6364101808452158,7.083431521670406,185.0834053039551,183.94736206054688
2026-02-13 05:00:00+00:00,NVDA,187.04230481693136,187.0622623874058,181.1660562233949,182.3832092285156,161888000,-4.120391845703153,-2.2092827280388305,5.89620616401092,184.87189941406248,183.9745001220703
2026-02-17 05:00:00+00:00,NVDA,181.32570855160373,186.71309627900047,178.7617008539599,184.53819274902344,162276900,2.154983520507841,1.1815690323815797,7.951395425040573,184.80904693603514,184.08204864501954
2026-02-18 05:00:00+00:00,NVDA,188.3093443160685,189.92555739322245,186.3239846890322,187.5411376953125,164749100,3.0029449462890625,1.6272755799517036,3.6015727041902608,185.30338973999022,184.17383361816405
2026-02-19 05:00:00+00:00,NVDA,186.6232837033845,187.9900804037161,185.22655825948092,187.46131896972656,126554500,-0.0798187255859375,-0.04256064912840918,2.763522144235168,185.5318534851074,184.28337677001954
2026-02-20 05:00:00+00:00,NVDA,186.13444888465776,189.88566546751952,185.5059147845697,189.3768615722656,178422300,1.915542602539034,1.0218335244127852,4.379750682949805,185.78027267456054,184.3685775756836
2026-02-23 05:00:00+00:00,NVDA,190.9531547742145,193.4972046328596,189.13741163084848,191.10281372070312,171584800,1.7259521484375284,0.9113849147716069,4.359793002011116,185.97381973266602,184.4998699951172
2026-02-24 05:00:00+00:00,NVDA,191.04296985904048,193.31764595479845,186.96250644177093,192.39979553222656,175123600,1.2969818115234375,0.6786827395534711,6.355139513027524,186.29207611083984,184.68084686279298
2026-02-25 05:00:00+00:00,NVDA,193.9960453222018,197.16862939564908,193.3375824661624,195.1034545898437,250637100,2.7036590576171307,1.4052296937936637,3.831046929486689,186.64325408935548,184.9727639770508
2026-02-26 05:00:00+00:00,NVDA,193.8164813019665,193.8364236513225,183.8897126034445,184.4583740234375,360807900,-10.645080566406193,-5.456121004512616,9.946711047877983,186.31252899169922,185.16970306396485
2026-02-27 05:00:00+00:00,NVDA,180.82685580423004,182.1637238018573,175.96823012244815,176.77633666992188,311636500,-7.682037353515625,-4.164645489360941,6.1954936794091395,185.5483169555664,185.1876611328125
2026-03-02 05:00:00+00:00,NVDA,174.60140889187144,183.03169334881736,174.23227758067924,182.0539703369141,209095300,5.277633666992216,2.9854865002925335,8.799415768138118,185.11682510375977,185.2826385498047
2026-03-03 05:00:00+00:00,NVDA,178.07331350693755,180.4776756968921,176.50697142699124,179.62966918945312,178099400,-2.424301147460966,-1.3316387129456597,3.970704269900864,184.8394744873047,185.46441314697265
2026-03-04 05:00:00+00:00,NVDA,180.01876499488523,184.2688145383873,179.63964723402094,182.61268615722656,177731200,2.9830169677734375,1.660648255510222,4.629167304366348,184.97416000366212,185.64199768066408
2026-03-05 05:00:00+00:00,NVDA,180.7470399397241,183.63029235671348,177.46472744924466,182.91197204589844,198779700,0.299285888671875,0.16389107184711094,6.16556490746882,185.4305908203125,185.68888763427734
2026-03-06 05:00:00+00:00,NVDA,179.42014994688597,182.3333312190456,176.40721126414203,177.40487670898438,189021900,-5.5070953369140625,-3.010789985650675,5.926119954903555,185.7268974304199,185.57176177978516
2026-03-09 04:00:00+00:00,NVDA,176.4171820751478,182.4829897940845,175.1501427003192,182.2235870361328,177213600,4.8187103271484375,2.716222020803327,7.332847093765281,185.5892189025879,185.44086761474608
2026-03-10 04:00:00+00:00,NVDA,181.97417604353973,186.00475307627937,181.5850871183009,184.33865356445312,179118500,2.1150665283203125,1.1606985477137677,4.419665957978481,185.32633438110352,185.36424713134767
2026-03-11 04:00:00+00:00,NVDA,185.4860219488843,187.1921136401388,184.02934488988052,185.60574340820312,145280400,1.26708984375,0.6873706730786022,3.1627687502582944,185.20162963867188,185.27465789794923
2026-03-12 04:00:00+00:00,NVDA,183.63026415055788,184.5182338343672,181.3355064165816,182.7223358154297,155762700,-2.8834075927734375,-1.5535120518506584,3.1827274177855998,184.85742950439453,185.1734927368164
2026-03-13 04:00:00+00:00,NVDA,184.49829181300376,185.66562182453413,179.52965286608148,179.8389434814453,160988400,-2.883392333984375,-1.5780185389578927,6.135968958452651,184.52419662475586,185.02822784423827
2026-03-16 04:00:00+00:00,NVDA,182.5527246843909,188.44925014875608,180.99628481489137,182.8021545410156,217307400,2.963211059570284,1.6477026622857105,7.452965333864711,184.54514389038087,184.96297882080077
2026-03-17 04:00:00+00:00,NVDA,184.63797319169825,184.9771941770484,181.2656763194747,181.51510620117188,182497800,-1.2870483398437216,-0.7040662858024183,3.7115178575737104,184.39398956298828,184.82509826660157
2026-03-18 04:00:00+00:00,NVDA,182.0638447517288,182.9618014097589,179.91875397930713,179.98858642578125,156683100,-1.526519775390625,-0.8409877322820725,3.0430474304517645,184.01636199951173,184.6712533569336
2026-03-19 04:00:00+00:00,NVDA,177.6040222894031,179.56953069628346,175.3890840362079,178.15277099609375,170968500,-1.8358154296875,-1.0199621354571309,4.1804466600755745,183.5509346008301,184.49825073242187
2026-03-20 04:00:00+00:00,NVDA,177.59406866914642,177.85347025510498,171.32839150930033,172.30615234375,241323500,-5.84661865234375,-3.281800569058757,6.525078745804649,182.6973991394043,184.17100341796876
2026-03-23 04:00:00+00:00,NVDA,176.85574153065542,177.96321071223454,174.36144294367455,175.23944091796875,182836300,2.93328857421875,1.702370190686442,3.601767768559995,181.90423049926758,183.98363220214844
2026-03-24 04:00:00+00:00,NVDA,174.4312942297872,175.81812366395545,173.58322660302642,174.80044555664062,147667800,-0.438995361328125,-0.25051173356209766,2.234897060929029,181.02426300048828,183.79107238769532
2026-03-25 04:00:00+00:00,NVDA,176.69612335614488,180.8067226806179,176.44669348987364,178.2725067138672,162602100,3.4720611572265625,1.9862999468737152,4.360029190744257,180.18271560668944,183.666357421875
2026-03-26 04:00:00+00:00,NVDA,175.66847416549638,176.10745794358192,170.74970926821888,170.8494873046875,186152200,-7.4230194091796875,-4.163861015929882,5.357748675363041,179.50227127075195,183.37582275390625
2026-03-27 04:00:00+00:00,NVDA,169.61230999497113,170.58009909933227,166.629123297364,167.13796997070312,196212700,-3.711517333984375,-2.1723900917334227,3.9509758019682693,179.020352935791,183.06433319091798
2026-03-30 04:00:00+00:00,NVDA,168.3950875250076,169.0635577295173,163.89537828689438,164.79331970214844,185627000,-2.3446502685546875,-1.402823229793726,5.168179442622915,178.15732040405274,182.6279330444336
2026-03-31 04:00:00+00:00,NVDA,166.58921042239905,174.22175778800025,166.57923870897636,174.00225830078125,226181300,9.208938598632812,5.588174699846626,7.642519079023884,177.87594985961914,182.3920733642578
2026-04-01 04:00:00+00:00,NVDA,175.5986119754623,176.9654826629128,174.35146274268203,175.34918212890625,168132000,1.346923828125,0.7740841074583615,2.61401992023076,177.5127746582031,182.34597137451172
2026-04-02 04:00:00+00:00,NVDA,171.78733317216196,177.0852364118599,170.97918282725632,176.98545837402344,143143200,1.6362762451171875,0.9331530522419529,6.106053584603586,177.21644897460936,182.22783966064452
2026-04-06 04:00:00+00:00,NVDA,176.75597747742694,177.3845303646084,175.35916114415525,177.23487854003906,107564300,0.249420166015625,0.14092692603508983,2.0253692204531433,177.20794906616212,182.08436767578124
2026-04-07 04:00:00+00:00,NVDA,175.32922705160684,177.8235255680002,173.26395579650787,177.69383239746094,132534900,0.458953857421875,0.25895233556876285,4.559569771492335,176.98146133422853,181.8936068725586
2026-04-08 04:00:00+00:00,NVDA,184.079243714486,184.837505037226,179.8888249511496,181.66476440429688,147732700,3.9709320068359375,2.234704465123949,4.948680086076422,176.8477668762207,181.80620880126952
2026-04-09 04:00:00+00:00,NVDA,181.4253138719204,183.6602110774668,180.2080948395415,183.4906005859375,116428500,1.825836181640625,1.005057963567002,3.45211623792531,176.74200973510742,181.71442291259766
2026-04-10 04:00:00+00:00,NVDA,183.88967366981893,189.56669990817065,183.87970195572368,188.1998291015625,160459500,4.709228515625,2.566468527863064,5.686997952446973,177.01588439941406,181.65696197509766
2026-04-13 04:00:00+00:00,NVDA,185.605746824658,189.2274732756209,185.3164148846483,188.87826538085932,133648200,0.6784362792968182,0.3604871920105168,3.9110583909725847,177.46785049438478,181.59331573486327
2026-04-14 04:00:00+00:00,NVDA,190.4047764107204,196.0618438720703,190.33494396561244,196.0618438720703,161307000,7.183578491210994,3.803284870668322,5.726899906457874,178.1308349609375,181.70087646484376
2026-04-15 04:00:00+00:00,NVDA,196.0917851116164,199.94298301571828,195.2936216855987,198.41647338867188,185338400,2.3546295166015625,1.2009626504063453,4.649361330119575,178.9759033203125,181.9656723022461
2026-04-16 04:00:00+00:00,NVDA,196.9797440092329,199.39423847906176,195.36344336942167,197.8976593017578,134012900,-0.5188140869140625,-0.26147732496876186,4.030795109640081,179.87135696411133,182.3252459716797
2026-04-17 04:00:00+00:00,NVDA,199.44410763257105,201.2400056483541,198.8155547450397,201.2200469970703,160324400,3.3223876953125,1.678841329925218,2.4244509033144084,181.02472076416015,182.8739797973633
2026-04-20 04:00:00+00:00,NVDA,199.52392392325544,201.70893187328167,197.3888049886708,201.59918212890625,119381400,0.3791351318359375,0.188418170800575,4.320126884610858,182.48937225341797,183.47638854980468
2026-04-21 04:00:00+00:00,NVDA,201.66904795828867,202.28762917830332,198.54618104306965,199.42417907714844,107945300,-2.1750030517578125,-1.0788749382758311,3.741448135233668,183.69860916137696,183.76532897949218
2026-04-22 04:00:00+00:00,NVDA,200.53164182940824,202.03819274902344,198.54617460274403,202.03819274902344,107501000,2.614013671875,1.3107807107300529,3.492018146279406,185.06049652099608,184.01416595458986
2026-04-23 04:00:00+00:00,NVDA,201.99828375930824,203.3651545152774,196.7702284327844,199.1847076416016,113561800,-2.8534851074218466,-1.4123493526625008,6.594926082493004,186.10610656738282,184.23586334228514
2026-04-24 04:00:00+00:00,NVDA,199.5039827094276,210.46890943516505,199.3543156614425,207.79502868652344,214134400,8.610321044921847,4.322782178848095,11.114593773722532,187.9533836364746,184.5996371459961
2026-04-27 04:00:00+00:00,NVDA,209.17187844164343,216.33551207209092,206.90706623150768,216.1160125732422,187172400,8.32098388671875,4.00441913327565,9.428445840583237,190.40228576660155,185.19188537597657
2026-04-28 04:00:00+00:00,NVDA,209.0122528840405,214.2402930542568,207.72518626919629,212.6838531494141,180275400,-3.4321594238280966,-1.5881097300298075,6.51510678506051,192.79681243896485,185.79789825439454
2026-04-29 04:00:00+00:00,NVDA,212.2149257168926,212.23488436877423,207.10660696252424,208.77279663085932,123711800,-3.9110565185547728,-1.8389061795900385,5.1282774062499925,194.53533935546875,186.28259033203125
2026-04-30 04:00:00+00:00,NVDA,209.45122654333912,209.8203930740204,198.24684193288385,199.1148681640625,225239200,-9.657928466796818,-4.626047369511188,11.573551141136534,195.72362365722657,186.51406494140625
2026-05-01 04:00:00+00:00,NVDA,200.82098460367047,202.5370634031337,196.6704677294345,197.9974365234375,128647000,-1.117431640625,-0.5611994980225576,5.86659567369918,196.77422256469725,186.72478729248047
2026-05-04 04:00:00+00:00,NVDA,199.04502180842945,201.2699318245734,194.2958829090753,198.02734375,125368100,0.0299072265625,0.015104855440362108,6.974048915498116,197.8138458251953,186.89779693603515
2026-05-05 04:00:00+00:00,NVDA,198.8454820247872,199.7833407086998,195.58293528206715,196.05186462402344,113406600,-1.9754791259765625,-0.9975789648880573,4.200405426632642,198.73174743652345,186.99677795410156
2026-05-06 04:00:00+00:00,NVDA,199.43413852494052,207.7950323152332,198.15705885791613,207.3560333251953,188362800,11.304168701171875,5.765907262779835,9.63797345731706,200.01631088256835,187.29590270996093
2026-05-07 04:00:00+00:00,NVDA,207.86487247229027,213.7115092245668,206.0290722858257,211.0176696777344,168307900,3.661636352539091,1.7658692123978748,7.6824369387411195,201.3926643371582,187.61418701171874
2026-05-08 04:00:00+00:00,NVDA,212.5441790763045,217.30330524675068,212.4044989584125,214.709228515625,136421400,3.6915588378905966,1.7494074517685254,4.898806288338193,202.71813430786133,188.2192041015625
2026-05-11 04:00:00+00:00,NVDA,213.55186573785767,221.79303819063412,213.402213909002,218.93955993652344,160685800,4.2303314208984375,1.9702606404692125,8.39082428163212,204.22119903564453,189.06246856689452
2026-05-12 04:00:00+00:00,NVDA,218.0515943496244,223.23973257586303,214.4298677829736,220.2765045166016,159176600,1.3369445800781534,0.610645504387497,8.809864792889442,205.4319320678711,189.8269192504883
2026-05-13 04:00:00+00:00,NVDA,224.41703053540263,227.32039781394545,221.0647077692387,225.3149871826172,150405400,5.038482666015597,2.287344570440042,6.255690044706739,206.77685775756837,190.74062561035157
2026-05-14 04:00:00+00:00,NVDA,229.32582552778115,236.0005559723521,228.7770767762568,235.202392578125,180782900,9.887405395507812,4.3882590852662995,7.2234791960952975,208.64209442138673,191.79241973876952
2026-05-15 04:00:00+00:00,NVDA,229.2360138852664,230.97205119780003,223.72861351776265,224.80615234375,180977600,-10.396240234375,-4.420125203837699,7.243437680037374,209.8213996887207,192.63030334472657
2026-05-18 04:00:00+00:00,NVDA,229.34577348371204,229.4754818886306,217.8719993892805,221.81300354003903,146280900,-2.993148803710966,-1.331435448943652,11.603482499350122,210.83209075927735,193.51846588134765
2026-05-19 04:00:00+00:00,NVDA,219.1191400841904,223.9680572056968,217.4130483552105,220.1068878173828,140948200,-1.7061157226562216,-0.7691684867105919,6.555008850486303,211.86622619628906,194.27613189697266
2026-05-20 04:00:00+00:00,NVDA,222.6710257508039,225.61431038954527,219.9971448577806,222.9603729248047,184201600,2.853485107421875,1.2964088201498525,5.61716553176467,212.91233520507814,195.04856628417969
2026-05-21 04:00:00+00:00,NVDA,221.7830583738448,226.8814055684356,217.43300079554024,219.0093994140625,203381800,-3.9509735107421875,-1.7720518937572316,9.448404772895373,213.90356979370117,195.71663940429687
2026-05-22 04:00:00+00:00,NVDA,220.39621757095847,220.50596731800164,214.3101381389001,214.83892822265625,169275700,-4.17047119140625,-1.9042430153974776,6.195829179101537,214.25576477050782,196.3589712524414
2026-05-26 04:00:00+00:00,NVDA,216.0461718127993,217.6824311685512,211.5165320236786,214.37001037597656,187202600,-0.4689178466796875,-0.21826484173934624,6.165899144872611,214.16846466064453,197.04959259033203
2026-05-27 04:00:00+00:00,NVDA,213.63168066177133,213.66161102691768,208.30386252985457,212.1151580810547,167601200,-2.254852294921875,-1.0518506254522997,5.357748497063113,214.14002990722656,197.63585266113282
2026-05-28 04:00:00+00:00,NVDA,210.79817024571656,215.0285063161196,210.73830951283205,213.7613983154297,143996000,1.646240234375,0.7761068323773213,4.290196803287557,214.38945999145508,198.28077850341796
2026-05-29 04:00:00+00:00,NVDA,214.0906505321041,217.3631692496548,210.64852132770383,210.6584930419922,289410600,-3.1029052734375,-1.4515741840623653,6.714647921950956,214.96664123535157,198.89417663574218
2026-06-01 04:00:00+00:00,NVDA,215.2380189209028,224.3571743491113,215.2080885544549,223.8483428955078,212850700,13.189849853515625,6.2612476065165845,9.1490857946564,216.2591865539551,199.80808807373046
2026-06-02 04:00:00+00:00,NVDA,226.6618858382332,231.750260864546,220.84519513709748,222.3118438720703,193362900,-1.5364990234375,-0.6864017859425142,10.905065727448516,217.4734115600586,200.80820190429688
2026-06-03 04:00:00+00:00,NVDA,221.2143597561905,222.3118572511273,214.02079575535723,214.26025390625,160907000,-8.051589965820312,-3.62175484022057,8.291061495770066,218.38383102416992,201.5886181640625
2026-06-04 04:00:00+00:00,NVDA,213.67091279390368,221.35231998810903,210.73419644349,218.4156036376953,169022200,4.1553497314453125,1.9393936372648524,10.618123544619039,218.93680953979492,202.4609213256836
2026-06-05 04:00:00+00:00,NVDA,214.2902104723603,214.6298267834636,204.101614447126,204.87075805664065,219655500,-13.544845581054659,-6.201409311178452,10.528212336337617,218.62946395874025,202.99288635253907
2026-06-08 04:00:00+00:00,NVDA,209.9450713288228,210.2347557268212,205.76975069388217,208.40679931640625,138372800,3.5360412597655966,1.7259863209897475,4.465005032939018,218.3143424987793,203.74403259277344
2026-06-09 04:00:00+00:00,NVDA,210.3845825512031,211.16370951624515,199.11719156565087,207.95730590820312,180962500,-0.449493408203125,-0.21568077897530236,12.046517950594279,217.76522979736328,204.56041931152345
2026-06-10 04:00:00+00:00,NVDA,204.2014963256504,206.98838641050185,199.696542748819,200.19598388671875,161746600,-7.761322021484375,-3.7321708836285827,7.291843661682833,216.76120376586914,205.26847259521483
2026-06-11 04:00:00+00:00,NVDA,201.26479475008583,205.43013200106668,199.31696212361035,204.64100646972656,158643200,4.4450225830078125,2.2203355415576276,6.113169877456329,215.7275047302246,205.88124755859374
2026-06-12 04:00:00+00:00,NVDA,204.6310298517525,206.8385664547524,203.2126188059985,204.96066284179688,112001800,0.3196563720703125,0.1562034792462752,3.6259476487539075,214.2154182434082,206.47347717285157
2026-06-15 04:00:00+00:00,NVDA,208.68648640498932,212.47225882321928,208.1071328472061,212.2125396728516,149936700,7.251876831054716,3.5381798294886524,4.365125976013189,213.5857376098633,207.17801879882813
2026-06-16 04:00:00+00:00,NVDA,210.9439520928381,211.2536184019877,207.05830064217733,207.1781768798828,125694100,-5.034362792968778,-2.372321070531358,4.195317759810365,212.85399627685547,207.776884765625
2026-06-17 04:00:00+00:00,NVDA,208.29691745433288,208.9761653200819,202.8530121596522,204.42124938964844,128363500,-2.756927490234375,-1.3307036154839746,6.123153160429695,212.06971435546876,208.31143310546875
2026-06-18 04:00:00+00:00,NVDA,207.09826842291383,211.1537281092123,206.26919428756835,210.4545135498047,241272000,6.03326416015625,2.951387968799768,4.884533821643942,211.44442138671874,208.88722808837892
2026-06-22 04:00:00+00:00,NVDA,211.2036686200953,213.7508214450341,207.48782537372824,208.41677856445312,122041400,-2.0377349853515625,-0.9682543514892727,6.2629960713058495,210.91479034423827,209.3857516479492
2026-06-23 04:00:00+00:00,NVDA,201.9440304014853,203.5422481594977,199.77645766483005,199.81640625,153496200,-8.600372314453125,-4.126525884188082,3.765790494667641,210.16366424560547,209.61808319091796
2026-06-24 04:00:00+00:00,NVDA,199.8963159019568,201.44458647582783,196.36027935647687,198.777572631836,151810700,-1.0388336181640057,-0.5198940555783294,5.084307119350967,209.38404235839843,209.8160693359375
2026-06-25 04:00:00+00:00,NVDA,199.8563704571445,200.5755669254449,191.9152592982058,195.521224975586,149550000,-3.25634765625,-1.6381866490950747,8.660307627239092,208.554345703125,209.80525695800782
2026-06-26 04:00:00+00:00,NVDA,192.90414096411192,195.33143282930595,191.0062707295152,192.31480407714844,179304100,-3.206420898437557,-1.63993494764465,4.325162099790759,207.48201599121094,209.68322357177735
2026-06-29 04:00:00+00:00,NVDA,193.6333319429392,195.96071419295149,189.58785574691487,194.7520751953125,148835700,2.4372711181640625,1.2673341139074923,6.372858446036616,206.68669509887695,209.62031188964843
2026-06-30 04:00:00+00:00,NVDA,197.0195429632178,200.4057532237791,194.8919188665145,199.8663482666016,166476700,5.114273071289091,2.626042914387483,5.513834357264614,205.48759536743165,209.59323791503905
2026-07-01 04:00:00+00:00,NVDA,195.9806989625188,199.62662840490705,193.23377271109229,197.35916137695312,146147600,-2.507186889648466,-1.2544317296997565,6.3928556938147665,204.2399612426758,209.5084375
2026-07-02 04:00:00+00:00,NVDA,196.9196593659626,199.8363939026278,192.1350197738411,194.6122436523437,142068700,-2.746917724609432,-1.3918369461262903,7.701374128786711,203.25756072998047,209.4121987915039
2026-07-06 04:00:00+00:00,NVDA,194.20269428466304,197.3292007505161,193.77318221313823,195.33143615722656,108999000,0.7191925048828693,0.369551520184741,3.5560185373778666,202.10335235595704,209.27806365966796
2026-07-07 04:00:00+00:00,NVDA,192.15498377986225,198.18824142626733,190.92636281467173,196.7098846435547,124154600,1.378448486328125,0.7056972054506172,7.261878611595591,201.69530868530273,209.22856719970704
2026-07-08 04:00:00+00:00,NVDA,194.9618356993413,204.9306918075912,194.84197470333905,203.891845703125,147419100,7.1819610595703125,3.6510422811666388,10.08871710425214,201.46956100463868,209.15050354003907
2026-07-09 04:00:00+00:00,NVDA,204.23147485952867,204.36131918975943,198.7376223952696,202.5533447265625,132037400,-1.3385009765625,-0.6564759723208469,5.623696794489831,201.19936294555663,208.87925018310546
2026-07-10 04:00:00+00:00,NVDA,201.7742207048944,210.7641612313501,201.6943082934289,210.7242126464844,148421000,8.170867919921903,4.0339338414540515,9.069852937921212,201.72577438354494,208.84005737304688
2026-07-13 04:00:00+00:00,NVDA,208.3069001369788,210.33464515051216,202.7730991138312,203.3025054931641,121411000,-7.4217071533203125,-3.5220001821865354,7.561546036680966,201.65884933471682,208.73065155029298
2026-07-14 04:00:00+00:00,NVDA,207.96729575339148,212.31243993744155,203.5722196467825,211.5632781982422,124379600,8.260772705078097,4.063291145890902,8.740220290659067,201.98898010253907,208.97961975097655
2026-07-15 04:00:00+00:00,NVDA,211.7230919717581,213.57101502024952,205.80969553973085,212.26248168945312,124797200,0.6992034912109375,0.330493787563535,7.761319480518665,201.99147720336916,209.26492065429687
2026-07-16 04:00:00+00:00,NVDA,209.93509060438328,210.8440771529852,205.61992700554663,207.16818237304688,122986100,-5.09429931640625,-2.3999998849817294,5.224150147438564,201.99097747802736,209.4477374267578
2026-07-17 04:00:00+00:00,NVDA,202.4135048295048,206.4190172896336,197.74872640584337,202.58331298828125,144281900,-4.584869384765625,-2.21311464542836,8.670290883790216,201.89908065795902,209.57836639404297
2026-07-20 04:00:00+00:00,NVDA,205.639896943356,207.50781723343968,202.05391309694545,203.05279541015625,88701500,0.469482421875,0.2317478251045113,5.453904136494231,201.52899475097658,209.4923016357422
2026-07-21 04:00:00+00:00,NVDA,207.308024406286,208.4167843613107,203.78197113093623,207.0583038330078,108685600,4.0055084228515625,1.9726438214064723,4.634813230374476,201.46107101440433,209.41311431884765
2026-07-22 04:00:00+00:00,NVDA,205.57996827489492,214.15038042761168,204.7209288682105,211.822982788086,137645600,4.764678955078182,2.3011291345846674,9.429451559401173,202.06139984130863,209.3553894042969
2026-07-23 04:00:00+00:00,NVDA,209.22588688656515,210.63429930291463,205.72979894313585,208.5266571044922,110505300,-3.296325683593807,-1.5561699869421353,4.90450035977878,202.54885406494142,209.14713134765626
2026-07-24 04:00:00+00:00,NVDA,207.21812923496967,211.6731509810223,204.5810805834776,206.6088104248047,114836800,-1.9178466796875,-0.9197129548412897,7.092070397544717,203.10323333740234,208.87377746582033
2026-07-27 04:00:00+00:00,NVDA,207.9672962732577,208.51668459839084,195.22156333884288,196.2903594970703,154353700,-10.318450927734375,-4.994196959228791,13.295121259547955,203.30201110839843,208.29328491210939
2026-07-28 04:00:00+00:00,NVDA,194.78204700134697,198.4779084345641,192.52457850774027,196.789794921875,134111500,0.4994354248046875,0.2544370625660486,5.953329926823841,203.40389709472657,207.52503295898438
2026-07-29 04:00:00+00:00,NVDA,195.63110696844683,196.84974460884013,189.7976226806641,189.7976226806641,147680800,-6.992172241210909,-3.553117296548214,7.052121928176035,202.90046081542968,206.82486236572265
2026-07-30 04:00:00+00:00,NVDA,193.23377181769484,197.0295274868272,191.3059363552755,194.82199096679688,129010200,5.024368286132784,2.647224035353868,5.7235911315517,202.7736022949219,206.2850421142578
2026-07-31 04:00:00+00:00,NVDA,198.2182038580375,201.77422236802423,194.73209918257555,200.525619506836,139961200,5.703628540039119,2.9276102311320606,7.042123185448673,203.06927108764648,205.8934167480469
2026-08-03 04:00:00+00:00,NVDA,197.46904862701152,208.50670133078404,196.62999113475112,206.40904235839844,128406900,5.883422851562443,2.934000586075669,11.876710196032917,203.62315139770507,205.56239013671876
2026-08-04 04:00:00+00:00,NVDA,211.06382570110384,212.8218530009649,208.8163406042335,211.7031097412109,134922000,5.294067382812472,2.564842761888375,4.005512396731405,204.3728126525879,205.41626434326173
2026-08-05 04:00:00+00:00,NVDA,216.6176127852948,221.9716224388697,216.15812022814887,218.9749755859375,158187400,7.271865844726591,3.4349357709557715,5.813502210720827,205.12696914672853,205.49898529052734
2026-08-06 04:00:00+00:00,NVDA,221.2823935806188,223.3800524967045,216.75745800384053,218.7452392578125,113940600,-0.229736328125,-0.10491442116171701,6.622594492863982,205.93656387329102,205.58648986816405
2026-08-07 04:00:00+00:00,NVDA,221.29237770419127,224.50877992471257,220.4133716458872,223.70968627929688,105669400,4.964447021484375,2.2695108877927694,4.095408278825374,206.58583755493163,205.81838043212892
2026-08-10 04:00:00+00:00,NVDA,223.15029107269072,223.88946943306016,216.5277120448001,217.3068389892578,115846600,-6.4028472900390625,-2.8621234049048927,7.3617573882600595,207.28605422973632,205.88928924560548
2026-08-11 04:00:00+00:00,NVDA,221.92167541427943,221.9516406634887,215.95834695389817,217.25689697265625,101273100,-0.0499420166015625,-0.022982257177850407,5.993293709590517,207.57073516845702,206.02125732421874
2026-08-12 04:00:00+00:00,NVDA,220.7929293559802,224.848404158734,219.95387191061064,223.8395233154297,108783600,6.5826263427734375,3.0298814143524755,4.894532248123369,208.14958724975585,206.0210809326172
2026-08-13 04:00:00+00:00,NVDA,224.80845001468583,226.9760227961096,223.4599680426376,225.04818725585932,98867200,1.2086639404296307,0.5399689574599353,3.516054753471991,209.0435874938965,206.07580780029298
2026-08-14 04:00:00+00:00,NVDA,226.51654155338588,227.2357380227388,224.24907448357243,224.9083404541016,75680900,-0.13984680175772723,-0.06214082568847257,2.986663539166358,210.1598388671875,206.28876953125
2026-08-17 04:00:00+00:00,NVDA,225.72741618855903,227.6652502746616,224.6086728983284,224.7584991455078,93678700,-0.14984130859377842,-0.0666232778612108,3.0565773763331947,211.24512405395507,206.41562744140626
2026-08-18 04:00:00+00:00,NVDA,220.203597915372,221.39227027986857,218.44557057093272,219.4944000244141,103128200,-5.264099121093722,-2.3421134867455007,2.946699708935853,211.8669288635254,206.70810028076173
2026-08-19 04:00:00+00:00,NVDA,221.4222404106533,222.62089613745684,216.5177245976465,217.3168334960937,96797300,-2.1775665283203978,-0.9920829543160092,6.103171539810347,212.1416213989258,206.88630096435546
2026-08-20 04:00:00+00:00,NVDA,218.1159423024499,219.6142657707553,215.41896310784705,216.60763549804688,92457000,-0.7091979980468182,-0.32634287304741383,4.1953026629082615,212.54567031860353,207.05930755615233
2026-08-21 04:00:00+00:00,NVDA,218.1758724878036,218.49552214328023,214.2602556586216,214.48001098632807,98869300,-2.127624511718807,-0.9822481589011112,4.235266484658638,212.9392303466797,207.34498809814454
2026-08-24 04:00:00+00:00,NVDA,215.2891020611033,215.3490325607492,207.01835779182304,208.2469787597656,135187300,-6.233032226562472,-2.9061133472991996,8.330674768926173,213.53706130981445,207.41710754394532
2026-08-25 04:00:00+00:00,NVDA,210.79412790131315,214.48998931653267,209.87515802586688,212.81187438964844,122309000,4.564895629882841,2.1920585148795357,4.614831290665791,214.33816528320312,207.57413177490236
2026-08-26 04:00:00+00:00,NVDA,212.40232405945304,213.3612577394914,208.99613188036045,209.4256591796875,179900000,-3.3862152099609375,-1.5911777571964492,4.365125859130956,215.3195671081543,207.51839416503907
2026-08-27 04:00:00+00:00,NVDA,222.61090164325523,230.21239627098788,220.6530857022795,227.7251739501953,298909800,18.299514770507812,8.737952570943941,9.559310568708383,216.96472625732423,207.9293341064453
2026-08-28 04:00:00+00:00,NVDA,227.10587153371227,229.003741733446,216.56766062888835,217.3068389892578,195116400,-10.4183349609375,-4.574959711400217,12.436081104557644,217.8037872314453,208.1870458984375
2026-08-31 04:00:00+00:00,NVDA,218.62536478578363,221.0526567078369,215.9683494434545,220.53323364257807,124702700,3.2263946533202557,1.4847184139840763,5.084307264382375,218.5099967956543,208.38862030029296
2026-09-01 04:00:00+00:00,NVDA,216.50774446342592,220.1636574397174,214.8595947199138,217.1969757080078,109756200,-3.3362579345702557,-1.5128141366563264,5.304062719803625,218.78469009399413,208.56422424316406
2026-09-02 04:00:00+00:00,NVDA,218.5454508199983,227.6952163087265,218.2357997469377,224.1591796875,157104700,6.9622039794921875,3.205479246106968,9.4594165617888,219.04390029907228,209.05107971191407
2026-09-03 04:00:00+00:00,NVDA,225.76737972053164,230.14247379152744,224.4987949430456,228.1946563720703,134681600,4.0354766845703125,1.8002727749968361,5.643678848481841,219.51637115478516,209.63942138671874
2026-09-04 04:00:00+00:00,NVDA,230.8317036041433,234.49759976142684,229.37334400327853,230.1025238037109,135352400,1.9078674316405966,0.8360701613143062,5.124255758148308,219.83601303100585,210.33104736328124
2026-09-08 04:00:00+00:00,NVDA,232.84944771666764,233.44878317831424,224.59868561283852,225.47769165039065,122965600,-4.624832153320256,-2.0099006637864902,8.850097565475721,220.2445556640625,210.99430511474608
2026-09-09 04:00:00+00:00,NVDA,225.0281992525124,225.9271872095504,223.21024142511232,223.4199981689453,82955500,-2.057693481445341,-0.9125929338658745,2.7169457844380815,220.55271072387694,211.56766357421876
2026-09-10 04:00:00+00:00,NVDA,220.52999877929688,220.9900054931641,217.1999969482422,218.3600006103516,105768000,-5.059997558593722,-2.264791692804269,3.7900085449219034,220.27873458862305,211.93753662109376
2026-09-11 04:00:00+00:00,NVDA,221.2400054931641,222.0,218.1499938964844,218.2899932861328,89060100,-0.07000732421877842,-0.032060507429521046,3.8500061035155966,219.94082489013672,212.35615325927733
2026-09-14 04:00:00+00:00,NVDA,211.2400054931641,212.7700042724609,208.92999267578125,210.9600067138672,132267200,-7.329986572265625,-3.357912317427003,3.840011596679659,219.243408203125,212.6831085205078
2026-09-15 04:00:00+00:00,NVDA,213.3800048828125,213.94000244140625,211.16000366210932,212.1699981689453,88059700,1.209991455078125,0.5735643802473378,2.779998779296932,218.61398315429688,213.01987976074219
2026-09-16 04:00:00+00:00,NVDA,214.13999938964844,216.759994506836,212.5,213.8999938964844,96563600,1.729995727539091,0.8153818836165172,4.259994506835994,218.3342628479004,213.36368194580078
2026-09-17 04:00:00+00:00,NVDA,218.3800048828125,219.91000366210932,217.1499938964844,219.33999633789065,94191300,5.44000244140625,2.5432457207263504,2.7600097656249147,218.43542098999023,213.6726449584961
2026-09-18 04:00:00+00:00,NVDA,219.3500061035156,222.72999572753903,218.02999877929688,222.2700042724609,190287400,2.9300079345702557,1.3358292985728992,4.699996948242159,218.71853942871093,214.06697814941407
2026-09-21 04:00:00+00:00,NVDA,222.94000244140625,228.5,221.5599975585937,227.3800048828125,109806100,5.110000610351591,2.2990059441793553,6.940002441406307,219.36353912353516,214.40009399414063
2026-09-22 04:00:00+00:00,NVDA,226.8500061035156,229.97999572753903,226.5,228.8699951171875,95746700,1.489990234375,0.6552863938686704,3.479995727539034,220.39468994140626,214.9114437866211
2026-09-23 04:00:00+00:00,NVDA,228.02999877929688,228.9499969482422,224.0200042724609,225.509994506836,86851377,-3.3600006103515057,-1.4680826154739535,4.929992675781278,221.02959594726562,215.19037811279296
