Date,Open,High,Low,Close,Volume,Dividends,Stock Splits
2021-09-24 00:00:00-04:00,81.54954141084465,82.62977591287238,81.54954141084465,82.32698059082031,8225300,0.0,0.0
2021-09-27 00:00:00-04:00,83.95549128218086,84.92934100595122,83.95549128218086,84.26647186279297,12697500,0.0,0.0
2021-09-28 00:00:00-04:00,85.03574785420408,85.83773675467792,84.19283223327396,84.58564758300781,15560800,0.0,0.0
2021-09-29 00:00:00-04:00,84.4628984154714,85.3058078528856,83.75092327490778,84.56110382080078,10268100,0.0,0.0
2021-09-30 00:00:00-04:00,84.63474472057027,84.65929450854814,83.02257537841797,83.02257537841797,15319800,0.0,0.0
2021-10-01 00:00:00-04:00,83.6527238466886,85.5513179718883,83.37447832093602,85.37946319580078,10854900,0.0,0.0
2021-10-04 00:00:00-04:00,85.92774806095939,86.63153773504092,85.1994086006916,85.6986083984375,13305400,0.0,0.0
2021-10-05 00:00:00-04:00,86.77885099530126,88.19460957853828,86.27146580577093,86.63154602050781,13017300,0.0,0.0
2021-10-06 00:00:00-04:00,85.25669847494407,86.21417765342179,84.76568399189817,85.87046813964844,10630100,0.0,0.0
2021-10-07 00:00:00-04:00,86.42696037636563,86.99163051478402,86.10780062254352,86.48424530029297,8830900,0.0,0.0
2021-10-08 00:00:00-04:00,87.40899657785086,88.73474152466089,87.23714179201068,88.42376708984375,10586700,0.0,0.0
2021-10-11 00:00:00-04:00,89.65948213874319,89.7167670650636,87.49901314096061,87.67086791992188,9794800,0.0,0.0
2021-10-12 00:00:00-04:00,87.55632290940646,88.0391584913197,86.88526804914689,87.68726348876953,9085000,0.0,0.0
2021-10-13 00:00:00-04:00,87.37626809059101,88.6610926532039,87.13894925655265,88.21099853515625,9220700,0.0,0.0
2021-10-14 00:00:00-04:00,89.10298499163564,89.33213090879728,88.47285088930765,89.04570007324219,7648600,0.0,0.0
2021-10-15 00:00:00-04:00,89.83132796232779,90.04410320041558,89.55308870324905,89.70039367675781,9968100,0.0,0.0
2021-10-18 00:00:00-04:00,90.19958222486923,90.35507252287995,89.16844753940633,89.65946197509766,10677400,0.0,0.0
2021-10-19 00:00:00-04:00,90.15049828739335,91.4107666015625,89.85588832617272,91.4107666015625,10362800,0.0,0.0
2021-10-20 00:00:00-04:00,90.91156519149698,92.61375466216009,90.65787571281896,92.60557556152344,10811400,0.0,0.0
2021-10-21 00:00:00-04:00,92.2373141824725,92.31914889767255,90.73153544330829,91.4435043334961,9372600,0.0,0.0
2021-10-22 00:00:00-04:00,91.8363088293434,92.37642288055729,91.20616848540807,92.31095886230469,8673800,0.0,0.0
2021-10-25 00:00:00-04:00,92.90836747860544,93.5794221231772,92.72014826075582,93.17024230957031,9579800,0.0,0.0
2021-10-26 00:00:00-04:00,93.27662537264663,93.78400430382342,92.89199538056877,93.37482452392578,7463000,0.0,0.0
2021-10-27 00:00:00-04:00,92.65467681982504,92.94928678138159,91.36985247109891,91.71356201171875,9096100,0.0,0.0
2021-10-28 00:00:00-04:00,91.3125633286255,92.69558677157654,91.3125633286255,92.57283782958984,7538200,0.0,0.0
2021-10-29 00:00:00-04:00,93.9722457886268,94.34869050115242,92.59740124377326,93.69400024414062,15294200,0.0,0.0
2021-11-01 00:00:00-04:00,94.13590251173316,94.1850020891187,93.33391361102446,93.72672271728516,11213800,0.0,0.0
2021-11-02 00:00:00-04:00,93.4403018772449,93.44848722166857,92.6464920450366,93.15387725830078,9189700,0.0,0.0
2021-11-03 00:00:00-04:00,91.87722043478456,92.69557995364056,91.63171632528034,92.4828109741211,10416000,0.0,0.0
2021-11-04 00:00:00-04:00,93.47303284744441,93.50576798009243,92.4009837884718,92.89199829101562,9673000,0.0,0.0
2021-11-05 00:00:00-04:00,93.51396003049766,94.15228584014775,93.23572072984088,93.89859008789062,8102100,0.0,0.0
2021-11-08 00:00:00-05:00,94.18500977560467,94.92153471443689,93.85767090820252,94.23411560058594,7695900,0.0,0.0
2021-11-09 00:00:00-05:00,94.3322975718354,95.02790814726552,93.66942836948498,94.92970275878906,10945900,0.0,0.0
2021-11-10 00:00:00-05:00,94.73329256367673,95.10155182217622,93.01473895136711,93.41573333740234,10305100,0.0,0.0
2021-11-11 00:00:00-05:00,92.96566449880372,93.84130916411164,92.94111470576722,93.4239501953125,7317500,0.0,0.0
2021-11-12 00:00:00-05:00,93.12932916648649,93.54668808587616,92.95746814839833,93.4812240600586,8682800,0.0,0.0
2021-11-15 00:00:00-05:00,94.07043433013938,95.70715354419028,93.51394954761855,95.60076904296875,11050400,0.0,0.0
2021-11-16 00:00:00-05:00,95.83811422274363,96.6319242073858,95.63352427798388,95.97723388671875,10566300,0.0,0.0
2021-11-17 00:00:00-05:00,95.09146440795737,96.46563912622995,94.91762337035516,95.54676055908203,11108000,1.34,0.0
2021-11-18 00:00:00-05:00,95.07489524506033,95.51363777088643,93.88284162969791,94.74376678466797,8368600,0.0,0.0
2021-11-19 00:00:00-05:00,93.13780280667845,93.66760580923545,91.97057642195911,92.64111328125,13532600,0.0,0.0
2021-11-22 00:00:00-05:00,92.73217107400846,95.35635897622657,92.59144352752286,94.2967529296875,9947100,0.0,0.0
2021-11-23 00:00:00-05:00,95.35635197512579,96.72224654423135,95.24873159921462,96.27523040771484,10366800,0.0,0.0
2021-11-24 00:00:00-05:00,96.6974261308847,97.68253164906375,96.58981205612797,97.01200103759766,8500900,0.0,0.0
2021-11-26 00:00:00-05:00,93.83317740466072,95.05835093284873,93.23714738098822,94.79344940185547,11861800,0.0,0.0
2021-11-29 00:00:00-05:00,96.30835256851162,96.99544309192511,94.95901136935984,95.07490539550781,12003800,0.0,0.0
2021-11-30 00:00:00-05:00,93.91595885005135,95.91100345866775,93.07986713480824,93.43582916259766,24451200,0.0,0.0
2021-12-01 00:00:00-05:00,95.15768102614743,96.07655955440195,92.79012093010878,92.79840087890625,12302700,0.0,0.0
2021-12-02 00:00:00-05:00,93.75039627926208,95.7785480212549,92.65767668121991,95.31497192382812,11392400,0.0,0.0
2021-12-03 00:00:00-05:00,96.63948181608873,96.85471628735975,94.0318535759712,94.7106704711914,10445100,0.0,0.0
2021-12-06 00:00:00-05:00,95.99376930686009,97.22721629143805,95.24045825197682,96.19244384765625,9833900,0.0,0.0
2021-12-07 00:00:00-05:00,97.05337838080058,98.22888471447816,97.05337838080058,97.61629486083984,11419600,0.0,0.0
2021-12-08 00:00:00-05:00,98.00537901928664,98.7255830007561,97.40107537599951,98.05504608154297,8827900,0.0,0.0
2021-12-09 00:00:00-05:00,97.55836338574589,98.17922697069855,97.33485527409336,97.79843139648438,8334700,0.0,0.0
2021-12-10 00:00:00-05:00,98.45240521270368,98.6759133169754,96.74710197672088,97.9639892578125,9090700,0.0,0.0
2021-12-13 00:00:00-05:00,97.23552074264349,97.55836932120093,95.70405840306954,95.92756652832031,8533000,0.0,0.0
2021-12-14 00:00:00-05:00,95.81165944918922,96.78848500194682,95.58815135436143,96.20901489257812,12245300,0.0,0.0
2021-12-15 00:00:00-05:00,96.29178686375458,96.29178686375458,94.32985598394781,95.66264343261719,11069500,0.0,0.0
2021-12-16 00:00:00-05:00,96.18417844542597,97.83981449714102,95.96066404162426,96.55669403076172,11344700,0.0,0.0
2021-12-17 00:00:00-05:00,95.96066048195682,96.40768295722759,93.98217597880938,94.04012298583984,22727900,0.0,0.0
2021-12-20 00:00:00-05:00,92.59973256280739,94.1311947745943,91.66430038962423,94.08152770996094,13464400,0.0,0.0
2021-12-21 00:00:00-05:00,94.7272185055086,96.08483958492671,94.61132448524732,95.58815002441406,11368200,0.0,0.0
2021-12-22 00:00:00-05:00,95.54674859529726,96.58980100605653,94.71065699281749,96.1344985961914,8345200,0.0,0.0
2021-12-23 00:00:00-05:00,96.44906776040939,97.61628774502677,96.35800728382405,96.36628723144531,7416600,0.0,0.0
2021-12-27 00:00:00-05:00,96.08484353424969,98.36134323627363,95.53848688995429,98.33650970458984,7745500,0.0,0.0
2021-12-28 00:00:00-05:00,98.22889739610439,98.79180763306697,97.71564790765223,98.14611053466797,6516000,0.0,0.0
2021-12-29 00:00:00-05:00,97.74875655768132,98.22061259209299,97.09477954231241,97.6411361694336,6957400,0.0,0.0
2021-12-30 00:00:00-05:00,97.79015590941228,98.253738368709,97.13617881219565,97.21068572998047,6016000,0.0,0.0
2021-12-31 00:00:00-05:00,97.16926559505829,97.75701556290353,96.96231111416562,97.1444320678711,5706600,0.0,0.0
2022-01-03 00:00:00-05:00,97.20238987522308,99.08154030744073,97.094775806866,98.72557830810547,10717700,0.0,0.0
2022-01-04 00:00:00-05:00,99.2967686935856,100.97724457469218,99.05670702632064,100.52194213867188,16413100,0.0,0.0
2022-01-05 00:00:00-05:00,101.19247216043469,102.51697971834282,101.0517446139773,101.17591857910156,15487100,0.0,0.0
2022-01-06 00:00:00-05:00,102.33484966195151,102.91431965766925,100.69576746360104,102.03683471679688,13318500,0.0,0.0
2022-01-07 00:00:00-05:00,102.27692326895402,103.9242794307574,101.78022738312337,103.50209045410156,14164600,0.0,0.0
2022-01-10 00:00:00-05:00,103.60142707751825,104.04844956884622,102.53354106752646,103.56831359863281,12626100,0.0,0.0
2022-01-11 00:00:00-05:00,104.18917838002803,105.96070846949232,103.33652681458264,105.93587493896484,14609000,0.0,0.0
2022-01-12 00:00:00-05:00,105.9524311563724,106.31666680608662,104.69415049092675,105.40607452392578,12469200,0.0,0.0
2022-01-13 00:00:00-05:00,105.24877838731055,106.04348921288229,104.67758195510274,104.96732330322266,9691300,0.0,0.0
2022-01-14 00:00:00-05:00,104.93421344599766,106.954085109739,104.93421344599766,106.75541687011719,13281000,0.0,0.0
2022-01-18 00:00:00-05:00,107.3597252128419,107.61634678798848,105.85309661044008,107.10310363769531,12905500,0.0,0.0
2022-01-19 00:00:00-05:00,107.5749372333852,107.74049829271013,106.40771092317088,106.7140121459961,12064300,0.0,0.0
2022-01-20 00:00:00-05:00,106.18422787476177,108.32827365457797,105.86137301545382,106.3332290649414,11370400,0.0,0.0
2022-01-21 00:00:00-05:00,105.7620318089022,106.29182851971653,104.49547125115397,105.05838775634766,13055700,0.0,0.0
2022-01-24 00:00:00-05:00,103.02193754090102,105.73718562170649,101.6891501854346,105.2818832397461,19513700,0.0,0.0
2022-01-25 00:00:00-05:00,105.2322318476186,109.88457152064049,103.7007634162281,109.76039123535156,19984500,0.0,0.0
2022-01-26 00:00:00-05:00,110.0170125102437,111.5153737737424,108.9325728984221,109.84317779541016,17266500,0.0,0.0
2022-01-27 00:00:00-05:00,111.3001231583561,113.41106150091393,110.58819920133854,112.06171417236328,20654100,0.0,0.0
2022-01-28 00:00:00-05:00,107.61634549141397,109.32164863739162,106.01866273300801,108.1213150024414,24817800,0.0,0.0
2022-01-31 00:00:00-05:00,107.77362655503,109.15608108788479,107.06170257562275,108.71733856201172,16401800,0.0,0.0
2022-02-01 00:00:00-05:00,108.30344376529646,112.36803367635797,108.03853590962156,111.58159637451172,16169700,0.0,0.0
2022-02-02 00:00:00-05:00,111.21736349383997,112.4176971769911,109.9342429505399,112.0948486328125,10906700,0.0,0.0
2022-02-03 00:00:00-05:00,111.63128242987663,112.04519150431962,110.25710127116528,111.09319305419922,9447700,0.0,0.0
2022-02-04 00:00:00-05:00,111.76369180434111,113.41105399733544,111.76369180434111,112.48390197753906,13034700,0.0,0.0
2022-02-07 00:00:00-05:00,112.03688208303181,115.42265458064784,111.61469946169701,114.69418334960938,18422500,0.0,0.0
2022-02-08 00:00:00-05:00,114.38791298097411,114.59486753127824,111.76373079889821,112.94751739501953,11021600,0.0,0.0
2022-02-09 00:00:00-05:00,113.17928943641964,114.520350690199,112.66604626650438,114.06504821777344,10140800,0.0,0.0
2022-02-10 00:00:00-05:00,113.87461965709748,114.89283205997067,112.07825646626513,112.6163330078125,11012700,0.0,0.0
2022-02-11 00:00:00-05:00,113.29521121308069,115.43098390835983,112.81507509105627,114.90945434570312,12821200,0.0,0.0
2022-02-14 00:00:00-05:00,114.18922615844187,114.28028665105232,111.79683245058686,113.13789367675781,15945000,0.0,0.0
2022-02-15 00:00:00-05:00,111.32267840028541,112.79493042744946,110.5698122417997,112.30975341796875,11746800,1.42,0.0
2022-02-16 00:00:00-05:00,112.88692661878761,113.89910848025852,111.89147851714202,112.34320068359375,11348800,0.0,0.0
2022-02-17 00:00:00-05:00,112.23443430596048,112.57740613057268,110.79563750603731,111.7659912109375,10073900,0.0,0.0
2022-02-18 00:00:00-05:00,111.10517299390942,112.01696508098892,110.46105724944188,111.60707092285156,10691800,0.0,0.0
2022-02-22 00:00:00-05:00,114.60178586616567,114.60178586616567,109.18120861958829,110.75383758544922,19428700,0.0,0.0
2022-02-23 00:00:00-05:00,111.19719160990067,113.83220395407646,110.88768720752721,113.38885498046875,16134200,0.0,0.0
2022-02-24 00:00:00-05:00,115.37972889477265,115.63068425341451,110.18501296224888,112.80329132080078,22108900,0.0,0.0
2022-02-25 00:00:00-05:00,113.73179947060919,117.52954572332179,113.2884378398389,117.42916870117188,28028000,0.0,0.0
2022-02-28 00:00:00-05:00,116.50065110185984,120.45733642578125,115.98200666820371,120.45733642578125,24394300,0.0,0.0
2022-03-01 00:00:00-05:00,121.30223002714109,125.44296199128274,121.04291414144454,125.24219512939453,31159900,0.0,0.0
2022-03-02 00:00:00-05:00,125.64369595037152,130.28632517891262,125.51822465937816,128.93954467773438,31329500,0.0,0.0
2022-03-03 00:00:00-05:00,127.36692142997165,131.4323577771434,126.94030621504089,130.67950439453125,22492900,0.0,0.0
2022-03-04 00:00:00-05:00,130.3197867151707,133.79966869311463,129.73423271987238,132.7122039794922,29034400,0.0,0.0
2022-03-07 00:00:00-05:00,133.75784407923936,135.59817491721932,130.26124101531764,135.5479736328125,34824700,0.0,0.0
2022-03-08 00:00:00-05:00,137.44685858870457,145.55263678283555,137.27119876118454,142.6499481201172,57231000,0.0,0.0
2022-03-09 00:00:00-05:00,136.15862785379085,142.01419319113103,134.853675335157,139.08641052246094,43430000,0.0,0.0
2022-03-10 00:00:00-05:00,141.15259138044706,146.18836844397234,140.7761519641412,142.8925323486328,34913600,0.0,0.0
2022-03-11 00:00:00-05:00,138.76852009844401,144.69936766570166,138.7601596009587,142.9594268798828,28423600,0.0,0.0
2022-03-14 00:00:00-04:00,139.03619923570952,140.8263284065462,137.43846360621075,139.4628143310547,25156200,0.0,0.0
2022-03-15 00:00:00-04:00,133.09699897234617,134.00043057341844,129.8764329712308,132.40269470214844,28534400,0.0,0.0
2022-03-16 00:00:00-04:00,132.8293376047423,134.25977446289713,130.67115433178475,131.92591857910156,22299700,0.0,0.0
2022-03-17 00:00:00-04:00,133.79967002613196,134.66964691134524,132.10155704078903,134.20956420898438,15750700,0.0,0.0
2022-03-18 00:00:00-04:00,134.58598573812696,135.2886505126953,132.8209505393607,135.2886505126953,23214700,0.0,0.0
2022-03-21 00:00:00-04:00,136.367729095918,138.50919053873,136.11677379093786,137.72286987304688,13180600,0.0,0.0
2022-03-22 00:00:00-04:00,136.92821874552374,138.2415317992079,135.99969284830965,137.2628173828125,11063900,0.0,0.0
2022-03-23 00:00:00-04:00,138.86058006029734,139.9898730158342,137.97388201301524,138.74346923828125,10755000,0.0,0.0
2022-03-24 00:00:00-04:00,139.22023349860007,140.03164852223279,138.02403135364543,139.1114959716797,9024800,0.0,0.0
2022-03-25 00:00:00-04:00,138.2081041691394,141.94730275153057,138.1579156401069,141.62942504882812,10254700,0.0,0.0
2022-03-28 00:00:00-04:00,138.7768961522413,139.38755716831625,138.1327931424764,139.15333557128906,9992000,0.0,0.0
2022-03-29 00:00:00-04:00,136.7776473771373,137.58906251613774,134.2597586786216,137.45523071289062,15102600,0.0,0.0
2022-03-30 00:00:00-04:00,138.22479830958275,139.15332412287742,136.90311211274138,138.42555236816406,9906000,0.0,0.0
2022-03-31 00:00:00-04:00,136.74415135454458,138.99436300343987,136.11676949395817,136.2087860107422,10395900,0.0,0.0
2022-04-01 00:00:00-04:00,136.16697613863215,138.81870895757345,135.79054952496182,137.37155151367188,8795300,0.0,0.0
2022-04-04 00:00:00-04:00,138.02406009495596,138.40048679693612,136.35104118471406,137.49705505371094,8718600,0.0,0.0
2022-04-05 00:00:00-04:00,138.0491758972243,140.29938872485866,136.43471852371613,136.65220642089844,9538200,0.0,0.0
2022-04-06 00:00:00-04:00,137.88184606665737,139.70543043363807,137.46359136625404,137.8651123046875,9269000,0.0,0.0
2022-04-07 00:00:00-04:00,138.10768218475536,140.28259857477434,136.70234000838968,139.78070068359375,8018400,0.0,0.0
2022-04-08 00:00:00-04:00,139.73890230186635,143.12676803328148,139.71380804019162,142.14804077148438,10801200,0.0,0.0
2022-04-11 00:00:00-04:00,141.01039411071162,141.1860539348433,137.94876667749892,138.49249267578125,10206100,0.0,0.0
2022-04-12 00:00:00-04:00,141.34497847150777,144.4484208492027,140.6590347137351,141.37843322753906,9528400,0.0,0.0
2022-04-13 00:00:00-04:00,142.9845246821202,143.94651800975555,140.77614069999504,143.60354614257812,7330700,0.0,0.0
2022-04-14 00:00:00-04:00,142.78381340044035,144.66595983875487,142.675063077263,143.5366668701172,9421100,0.0,0.0
2022-04-18 00:00:00-04:00,144.7161090394878,146.00432774651713,143.77084944505862,145.46060180664062,7639000,0.0,0.0
2022-04-19 00:00:00-04:00,144.78303287752516,145.29330406708783,143.06818623954445,143.73739624023438,6970200,0.0,0.0
2022-04-20 00:00:00-04:00,143.56171054596626,145.20127425957793,143.42787876935714,144.32293701171875,7495000,0.0,0.0
2022-04-21 00:00:00-04:00,143.66212441152902,144.2476784202021,137.04533220322298,137.67271423339844,14594800,0.0,0.0
2022-04-22 00:00:00-04:00,137.50538738919312,138.4171793604934,134.56087140964064,134.6361541748047,12160100,0.0,0.0
2022-04-25 00:00:00-04:00,130.26958729693322,132.4696107996136,126.61404580830683,131.74185180664062,15449800,0.0,0.0
2022-04-26 00:00:00-04:00,132.85442588434103,134.1510052122983,130.82170145320129,130.93881225585938,9810600,0.0,0.0
2022-04-27 00:00:00-04:00,131.39887749104514,132.10154221353557,129.2574158049113,130.6962127685547,10396600,0.0,0.0
2022-04-28 00:00:00-04:00,131.70840414998995,136.35103393177957,129.60039686126262,135.33885192871094,9366400,0.0,0.0
2022-04-29 00:00:00-04:00,134.91221651912485,135.8825703535122,130.73803059017635,131.055908203125,14713200,0.0,0.0
2022-05-02 00:00:00-04:00,130.75476082995044,133.84148205203442,129.78440702168479,133.63235473632812,11559000,0.0,0.0
2022-05-03 00:00:00-04:00,133.48178722058464,136.7107006737561,133.2224586310868,135.9243927001953,8827200,0.0,0.0
2022-05-04 00:00:00-04:00,137.998947143099,140.4415528895531,136.7441831303515,140.1905975341797,9183200,0.0,0.0
2022-05-05 00:00:00-04:00,141.58754584606513,141.78831265375462,136.0582193966136,139.07801818847656,9807600,0.0,0.0
2022-05-06 00:00:00-04:00,140.75941682171782,143.01798927197828,138.37536032392612,142.7837677001953,10418100,0.0,0.0
2022-05-09 00:00:00-04:00,140.32442458795043,140.32442458795043,132.56998038252019,133.21409606933594,14110700,0.0,0.0
2022-05-10 00:00:00-04:00,135.69018779066704,137.3464727359504,132.0597274972652,134.4939727783203,11636000,0.0,0.0
2022-05-11 00:00:00-04:00,136.83621096090766,140.0818715595805,135.94113976450475,136.48487854003906,9105500,0.0,0.0
2022-05-12 00:00:00-04:00,136.53504494885706,137.89855915224643,132.88786399763006,137.7814483642578,8936400,0.0,0.0
2022-05-13 00:00:00-04:00,139.27879109156473,141.19439167114658,137.92365018167817,140.4248046875,9229900,0.0,0.0
2022-05-16 00:00:00-04:00,141.37011900197763,146.36408221507082,141.2530081713575,144.72451782226562,13296300,0.0,0.0
2022-05-17 00:00:00-04:00,146.25529883582755,146.9328694001707,144.38988646814744,145.57772827148438,12827600,0.0,0.0
2022-05-18 00:00:00-04:00,146.85122721878108,146.8596693644704,139.82577910294705,141.7402801513672,13107500,1.42,0.0
2022-05-19 00:00:00-04:00,138.8474974518885,143.07288273336886,137.32939071721253,140.72825622558594,10958700,0.0,0.0
2022-05-20 00:00:00-04:00,142.43186464286498,144.2535792745371,138.39201487390093,141.53787231445312,9615000,0.0,0.0
2022-05-23 00:00:00-04:00,142.89571502096777,145.8728967586286,142.62583662300247,144.82708740234375,10216400,0.0,0.0
2022-05-24 00:00:00-04:00,143.95840231767448,146.39580163153096,143.21621416869414,145.60301208496094,9782700,0.0,0.0
2022-05-25 00:00:00-04:00,146.02473805549658,148.4284078960275,145.88136310933936,147.93923950195312,10174500,0.0,0.0
2022-05-26 00:00:00-04:00,148.85007109360086,150.06454323273138,147.6018432411586,148.9344024658203,11213900,0.0,0.0
2022-05-27 00:00:00-04:00,148.87537773554772,150.4187847560602,148.1753616856459,150.3597412109375,10512300,0.0,0.0
2022-05-31 00:00:00-04:00,151.77667733846647,152.62006849025605,146.30306413046623,147.30670166015625,20547600,0.0,0.0
2022-06-01 00:00:00-04:00,149.05249135307523,150.2332465024859,147.54282708977325,148.7067108154297,8824100,0.0,0.0
2022-06-02 00:00:00-04:00,147.37414534631665,148.86693812394117,146.8343756307017,148.4368133544922,7441900,0.0,0.0
2022-06-03 00:00:00-04:00,148.43682406187233,150.33445391493603,148.43682406187233,149.7862548828125,8435300,0.0,0.0
2022-06-06 00:00:00-04:00,150.0392472001697,150.12359144413657,148.02354331296004,149.13682556152344,6734200,0.0,0.0
2022-06-07 00:00:00-04:00,149.67661097363737,152.36703048760094,149.21274332138051,151.97906494140625,9668300,0.0,0.0
2022-06-08 00:00:00-04:00,152.61159540709178,153.83450975546808,152.02122429433683,152.76341247558594,8715200,0.0,0.0
2022-06-09 00:00:00-04:00,151.83568738793016,152.3501564353545,149.60913556462882,149.71878051757812,9764600,0.0,0.0
2022-06-10 00:00:00-04:00,148.74886114381013,150.604331571651,146.45483667768406,147.93077087402344,9529700,0.0,0.0
2022-06-13 00:00:00-04:00,144.73433100519563,145.06325298265872,138.3667263382364,141.12461853027344,14614900,0.0,0.0
2022-06-14 00:00:00-04:00,142.84513034181666,145.30783053114038,139.86796112488287,141.31016540527344,10269300,0.0,0.0
2022-06-15 00:00:00-04:00,140.660764797098,141.56319943952943,136.57875501483534,138.53541564941406,11565300,0.0,0.0
2022-06-16 00:00:00-04:00,134.89196173887677,135.3979886291801,129.67136926829943,131.13043212890625,18125900,0.0,0.0
2022-06-17 00:00:00-04:00,130.62439820497437,131.12199579117288,122.95796446879949,125.1423568725586,35575100,0.0,0.0
2022-06-21 00:00:00-04:00,128.23764414872167,131.58590849329534,127.72317496338309,130.37985229492188,13772000,0.0,0.0
2022-06-22 00:00:00-04:00,124.88093064756583,127.18338482636828,123.41342545022758,124.71224212646484,13735800,0.0,0.0
2022-06-23 00:00:00-04:00,125.48814339270322,125.85923749816598,118.20124554174323,120.12417602539062,15713700,0.0,0.0
2022-06-24 00:00:00-04:00,122.46037688590806,124.05438544262303,120.26756789529479,122.09772491455078,11108300,0.0,0.0
2022-06-27 00:00:00-04:00,123.01697885280706,125.51342120712118,122.79770188437536,124.45918273925781,9242400,0.0,0.0
2022-06-28 00:00:00-04:00,127.25083554198463,128.355675669863,124.91463891739349,126.45804595947266,9183300,0.0,0.0
2022-06-29 00:00:00-04:00,127.88338486291484,128.28820895036952,123.21099139144046,123.96160888671875,9082900,0.0,0.0
2022-06-30 00:00:00-04:00,121.91219429158495,124.75441837193415,120.95072888757977,122.10617065429688,10685000,0.0,0.0
2022-07-01 00:00:00-04:00,123.6411386723186,123.94475997882229,120.15792936008566,123.56522369384766,7684600,0.0,0.0
2022-07-05 00:00:00-04:00,121.1530944849888,121.90371185169303,117.57712539827354,120.31814575195312,11513100,0.0,0.0
2022-07-06 00:00:00-04:00,119.4747702787899,120.82418813619607,115.37588956817306,118.73258209228516,12421200,0.0,0.0
2022-07-07 00:00:00-04:00,121.5326559039397,122.54472259387259,120.67239342638995,121.04348754882812,12741800,0.0,0.0
2022-07-08 00:00:00-04:00,122.19050542442122,122.67123165451142,118.99404598171576,120.41094970703125,7915500,0.0,0.0
2022-07-11 00:00:00-04:00,119.68563075363541,120.47842042459857,118.01570715640922,119.3482666015625,7056800,0.0,0.0
2022-07-12 00:00:00-04:00,116.8096643154233,117.75425820476326,115.76385474570651,117.16388702392578,8653900,0.0,0.0
2022-07-13 00:00:00-04:00,116.05902393682278,118.69039946463596,115.66262917857863,116.3795166015625,9414600,0.0,0.0
2022-07-14 00:00:00-04:00,113.27583475485021,114.83611313685135,111.78302919214298,114.65056610107422,10150200,0.0,0.0
2022-07-15 00:00:00-04:00,117.19762652832551,117.19762652832551,115.06383532207174,116.0927734375,7051900,0.0,0.0
2022-07-18 00:00:00-04:00,118.54703193213874,119.87959120058065,117.29881690781174,117.72051239013672,7943900,0.0,0.0
2022-07-19 00:00:00-04:00,117.81328653106588,122.30011979467304,117.58556736605696,121.9627685546875,9152100,0.0,0.0
2022-07-20 00:00:00-04:00,121.87000825840798,124.19776295281113,120.87481298406665,123.57366180419922,7856600,0.0,0.0
2022-07-21 00:00:00-04:00,120.70611317055045,122.68808712499461,119.33982389845495,122.62904357910156,6724200,0.0,0.0
2022-07-22 00:00:00-04:00,122.76399258369655,123.3881065600527,120.95913634842378,121.60855102539062,5889500,0.0,0.0
2022-07-25 00:00:00-04:00,122.88208122003091,125.33635242008413,121.6001231392103,125.2267074584961,6210900,0.0,0.0
2022-07-26 00:00:00-04:00,126.08695349777581,127.08214869268515,123.5820812181562,124.24836730957031,6112800,0.0,0.0
2022-07-27 00:00:00-04:00,125.10859581593854,126.67730331440592,123.6917053626767,125.88451385498047,6223000,0.0,0.0
2022-07-28 00:00:00-04:00,127.09058241608048,127.74842631772363,124.84715943400283,126.83756256103516,6574300,0.0,0.0
2022-07-29 00:00:00-04:00,132.024428900596,138.87277295664617,131.48465914501273,138.13058471679688,17143700,0.0,0.0
2022-08-01 00:00:00-04:00,135.93775107259881,136.51126362711886,134.22566842414736,135.3726806640625,8017800,0.0,0.0
2022-08-02 00:00:00-04:00,135.69315816101303,136.18232641568108,133.50877887052215,134.21722412109375,5928300,0.0,0.0
2022-08-03 00:00:00-04:00,134.36059666572746,134.90880844953972,130.17738518136284,131.02920532226562,8751400,0.0,0.0
2022-08-04 00:00:00-04:00,130.995481064841,131.09668385495286,127.12430704445129,127.47010040283203,10640000,0.0,0.0
2022-08-05 00:00:00-04:00,126.20504874607647,130.73405501642617,125.68215036124535,129.57861328125,7170200,0.0,0.0
2022-08-08 00:00:00-04:00,129.53641723598525,130.70873018076293,129.1653231465664,129.38461303710938,5966900,0.0,0.0
2022-08-09 00:00:00-04:00,131.51842268753683,133.0871307973319,130.38828159476193,131.07142639160156,5842200,0.0,0.0
2022-08-10 00:00:00-04:00,131.56896420030904,131.96535890403206,128.97974827893196,131.4171600341797,6145800,0.0,0.0
2022-08-11 00:00:00-04:00,133.34853939246292,135.9208842822512,132.93527320717754,134.62205505371094,7888600,0.0,0.0
2022-08-12 00:00:00-04:00,133.4666094561533,134.86664143382492,132.53044504567694,134.8160400390625,7244700,0.0,0.0
2022-08-15 00:00:00-04:00,130.87740482829844,133.0786557794876,129.40991277358899,132.25213623046875,8975200,0.0,0.0
2022-08-16 00:00:00-04:00,132.75818595718786,133.18831075231208,131.41719729963063,131.914794921875,7218400,0.0,0.0
2022-08-17 00:00:00-04:00,132.10032498230328,134.38590718721304,131.15571839328638,133.00274658203125,6741100,0.0,0.0
2022-08-18 00:00:00-04:00,133.7431603421323,135.87931466336906,133.69209916866242,135.3346405029297,6477500,1.42,0.0
2022-08-19 00:00:00-04:00,134.85807425639544,135.9474227551508,134.14317875291476,134.2027587890625,6834200,0.0,0.0
2022-08-22 00:00:00-04:00,133.35168140239102,134.24529088766695,131.4197847797174,133.5303955078125,9147000,0.0,0.0
2022-08-23 00:00:00-04:00,135.40275803096745,138.16016593101705,135.07084733981114,137.8623046875,10354800,0.0,0.0
2022-08-24 00:00:00-04:00,137.58144807598953,139.01973199206944,136.7388996022348,138.88356018066406,9468100,0.0,0.0
2022-08-25 00:00:00-04:00,139.5048200041167,140.33884958624392,138.38994094324033,140.10055541992188,8050700,0.0,0.0
2022-08-26 00:00:00-04:00,139.72608797993124,141.38565424474191,138.26228653907455,139.07078552246094,7765800,0.0,0.0
2022-08-29 00:00:00-04:00,139.47928498405045,141.9813866370242,139.26652141473033,140.10906982421875,8462600,0.0,0.0
2022-08-30 00:00:00-04:00,138.1431066688592,138.34735134019246,135.11334318818172,136.69630432128906,8814300,0.0,0.0
2022-08-31 00:00:00-04:00,134.1346673264108,137.36867622948168,132.89212234766256,134.51763916015625,13582700,0.0,0.0
2022-09-01 00:00:00-04:00,133.17293294123687,133.51336234988705,130.40700730296788,132.37294006347656,8244400,0.0,0.0
2022-09-02 00:00:00-04:00,134.67083888459504,135.42827670215067,133.37723269542357,134.33892822265625,7526600,0.0,0.0
2022-09-06 00:00:00-04:00,136.07505995535936,136.16017057255704,132.5176595166755,133.71763610839844,8550000,0.0,0.0
2022-09-07 00:00:00-04:00,131.11339436969075,132.61125791734617,129.88787437108368,132.0070037841797,9442100,0.0,0.0
2022-09-08 00:00:00-04:00,132.41552851786443,133.08786865200958,130.53470588509938,132.72190856933594,9232500,0.0,0.0
2022-09-09 00:00:00-04:00,134.81550021341073,136.72185332836023,134.0665683547911,136.1431427001953,8261100,0.0,0.0
2022-09-12 00:00:00-04:00,138.56015044251313,140.02396489786415,137.23250779371995,138.29632568359375,8920800,0.0,0.0
2022-09-13 00:00:00-04:00,137.36865803925684,138.43247576215663,135.09634494146965,135.6665496826172,10308300,0.0,0.0
2022-09-14 00:00:00-04:00,136.9686566567186,139.20693322149364,136.4665378260526,138.9516143798828,11160800,0.0,0.0
2022-09-15 00:00:00-04:00,136.7473654891224,137.61544430045348,135.8112137780501,136.69630432128906,9665000,0.0,0.0
2022-09-16 00:00:00-04:00,136.611227336385,137.1388767984283,132.4325479901748,133.14743041992188,43741600,0.0,0.0
2022-09-19 00:00:00-04:00,130.15170937786445,133.5729508139792,130.04108116509846,133.5303955078125,6813800,0.0,0.0
2022-09-20 00:00:00-04:00,132.79851937399306,133.48788432817594,131.35172952920695,133.00277709960938,8955200,0.0,0.0
2022-09-21 00:00:00-04:00,134.7303869460612,135.13038345485413,131.8708443438695,131.92190551757812,6877000,0.0,0.0
2022-09-22 00:00:00-04:00,134.12615645769878,134.70486712070485,131.69214075670212,131.81979370117188,6981100,0.0,0.0
2022-09-23 00:00:00-04:00,127.44537706504046,127.8113241682134,122.26245967200417,123.2071304321289,13919700,0.0,0.0
2022-09-26 00:00:00-04:00,122.18584370653505,123.44540014190568,119.90501195951012,119.96459197998047,9444000,0.0,0.0
2022-09-27 00:00:00-04:00,121.09650029513506,122.3560699015675,119.53908248682279,120.01567077636719,10121000,0.0,0.0
2022-09-28 00:00:00-04:00,120.91777551262653,124.62837213595915,120.33905193633498,124.0666732788086,8279800,0.0,0.0
2022-09-29 00:00:00-04:00,122.98584801062192,123.75180464605305,121.07949475491621,123.2071304321289,8197600,0.0,0.0
2022-09-30 00:00:00-04:00,122.57735328173597,123.52202410108727,121.26673533626851,122.2709732055664,9402700,0.0,0.0
2022-10-03 00:00:00-04:00,126.78155750178598,129.6496062782471,126.21135269084297,129.13046264648438,9597400,0.0,0.0
2022-10-04 00:00:00-04:00,131.4282736937831,134.36442062182542,130.74744082716035,134.1516571044922,9520200,0.0,0.0
2022-10-05 00:00:00-04:00,132.62830998103306,135.9389109628099,131.74321914958597,134.9176483154297,10633100,0.0,0.0
2022-10-06 00:00:00-04:00,133.9048789434547,137.8197338739685,133.78573186223338,137.37718200683594,9498300,0.0,0.0
2022-10-07 00:00:00-04:00,138.30482482189973,139.51332032766467,135.3686901859303,136.1942138671875,9972500,0.0,0.0
2022-10-10 00:00:00-04:00,137.01975048956982,137.41974707336195,133.1389447273862,133.73468017578125,5904500,0.0,0.0
2022-10-11 00:00:00-04:00,131.70067322356752,136.10912894371964,131.15599890706108,133.76022338867188,7533300,0.0,0.0
2022-10-12 00:00:00-04:00,132.88362055073463,135.15593401903357,132.35597102967853,134.1602020263672,4942000,0.0,0.0
2022-10-13 00:00:00-04:00,133.06235284887399,141.26651626540158,133.06235284887399,140.66226196289062,10227500,0.0,0.0
2022-10-14 00:00:00-04:00,139.60694853596993,140.81545712923904,136.10911467120434,136.287841796875,7327900,0.0,0.0
2022-10-17 00:00:00-04:00,138.96866868791844,140.34738566058425,137.10487044108635,137.28358459472656,5890400,0.0,0.0
2022-10-18 00:00:00-04:00,138.17715574554933,138.98565461092005,135.2835767580996,138.48353576660156,5631200,0.0,0.0
2022-10-19 00:00:00-04:00,139.22394465632638,144.006877788355,139.22394465632638,142.9770965576172,9766800,0.0,0.0
2022-10-20 00:00:00-04:00,144.08348373952174,146.22814403526695,142.92604946725285,143.79412841796875,8871500,0.0,0.0
2022-10-21 00:00:00-04:00,143.95583717988248,147.94728413341596,143.70053126537567,147.39410400390625,7971300,0.0,0.0
2022-10-24 00:00:00-04:00,146.44942323851583,148.65365072478903,146.04942668481434,147.34303283691406,7007700,0.0,0.0
2022-10-25 00:00:00-04:00,147.28345630733384,148.93450374085896,146.5260184934655,148.8749237060547,7280600,0.0,0.0
2022-10-26 00:00:00-04:00,149.206854216682,151.89617608140614,149.07918827311025,150.7132110595703,6865300,0.0,0.0
2022-10-27 00:00:00-04:00,153.09617556355857,154.38126303313953,151.04513134200667,151.40257263183594,9177400,0.0,0.0
2022-10-28 00:00:00-04:00,154.44080491036783,155.6237697151189,150.23659513366715,153.1727294921875,10773900,0.0,0.0
2022-10-31 00:00:00-04:00,151.53872787809408,156.45782073533934,151.53872787809408,153.95571899414062,13281000,0.0,0.0
2022-11-01 00:00:00-04:00,156.48333583610471,157.0195041521625,154.80675797781768,155.0791015625,9185600,0.0,0.0
2022-11-02 00:00:00-04:00,153.9812175343987,155.65779520967502,151.71742341760677,151.9131622314453,8087500,0.0,0.0
2022-11-03 00:00:00-04:00,151.46212422354952,155.05357415741238,150.9855359266296,154.15145874023438,6607800,0.0,0.0
2022-11-04 00:00:00-04:00,157.30886781696663,157.785456129388,153.70040603088617,156.10037231445312,7491900,0.0,0.0
2022-11-07 00:00:00-05:00,155.31739325198328,158.61948774076905,154.98548262968157,157.96417236328125,7578000,0.0,0.0
2022-11-08 00:00:00-05:00,157.71736326674923,158.50883740275546,156.47481847847914,157.734375,6308200,0.0,0.0
2022-11-09 00:00:00-05:00,156.26206475677722,156.4322730023711,150.8238288485926,151.42807006835938,8021700,0.0,0.0
2022-11-10 00:00:00-05:00,155.087586146054,155.17269675110117,151.52166736309283,154.29611206054688,6981500,0.0,0.0
2022-11-11 00:00:00-05:00,156.63654755936867,159.23226578893335,156.50037575380438,158.68759155273438,8428300,0.0,0.0
2022-11-14 00:00:00-05:00,158.5599024777095,161.42795091383036,158.44926127857636,158.76416015625,9722400,0.0,0.0
2022-11-15 00:00:00-05:00,159.2492841941873,160.37268215805148,157.67484145436146,160.040771484375,7747300,0.0,0.0
2022-11-16 00:00:00-05:00,158.75563169132496,159.84499292486157,156.32161636015957,157.43650817871094,7941100,0.0,0.0
2022-11-17 00:00:00-05:00,155.6697856352952,158.00256079792487,154.6063234579122,157.8824920654297,6550500,1.42,0.0
2022-11-18 00:00:00-05:00,155.19809896900864,157.2993083784904,154.07458277018176,156.93910217285156,7661500,0.0,0.0
2022-11-21 00:00:00-05:00,154.1431762297725,155.83272306421435,150.78982372414498,155.43821716308594,8432900,0.0,0.0
2022-11-22 00:00:00-05:00,157.59088015033385,160.00083927130842,157.01626463390824,159.4262237548828,9018000,0.0,0.0
2022-11-23 00:00:00-05:00,157.12777333120053,158.79157910121927,156.58745751439739,158.01113891601562,5831200,0.0,0.0
2022-11-25 00:00:00-05:00,158.56857949875587,158.92021397603745,157.2135108266652,157.54798889160156,2796400,0.0,0.0
2022-11-28 00:00:00-05:00,154.61489369729213,155.63548445735083,152.62518142192147,152.96823120117188,9365500,0.0,0.0
2022-11-29 00:00:00-05:00,154.5977483215224,155.96140204471425,154.0745888645774,155.2581329345703,6985400,0.0,0.0
2022-11-30 00:00:00-05:00,156.8190407843954,157.23927483407275,154.04886190722172,157.2135467529297,10936700,0.0,0.0
2022-12-01 00:00:00-05:00,158.02827808941998,158.27700028822326,155.60974718954444,156.51026916503906,5217400,0.0,0.0
2022-12-02 00:00:00-05:00,155.68695173250848,157.48799591845324,154.31472634450188,155.2581329345703,6852300,0.0,0.0
2022-12-05 00:00:00-05:00,156.66463443801086,156.90477188171448,149.76923496529005,151.42446899414062,8162200,0.0,0.0
2022-12-06 00:00:00-05:00,150.5239323785737,152.71091032251638,146.75890479067937,147.52220153808594,8765000,0.0,0.0
2022-12-07 00:00:00-05:00,146.70743847608682,149.7263255192761,146.52734196658102,147.9595947265625,6936300,0.0,0.0
2022-12-08 00:00:00-05:00,151.15858409792145,151.28722446680604,147.53935340621658,148.83438110351562,8076600,0.0,0.0
2022-12-09 00:00:00-05:00,147.770958865631,148.5342557946431,144.0230737114048,144.08311462402344,10754300,0.0,0.0
2022-12-12 00:00:00-05:00,144.88070006782138,146.24435367127018,143.8343943323191,145.58396911621094,9364900,0.0,0.0
2022-12-13 00:00:00-05:00,148.86010322359218,149.62339984986082,147.92526867874156,148.82579040527344,7838800,0.0,0.0
2022-12-14 00:00:00-05:00,149.649176835294,150.0179546904726,146.88758295073345,147.7966766357422,7045500,0.0,0.0
2022-12-15 00:00:00-05:00,146.31297334128948,146.97334484187488,144.13456660492452,146.69032287597656,7272900,0.0,0.0
2022-12-16 00:00:00-05:00,144.53763883118987,145.92700731663663,143.31122355556886,144.70059204101562,23876000,0.0,0.0
2022-12-19 00:00:00-05:00,145.89271805191748,146.50164644501334,144.29751175217746,145.69546508789062,7131600,0.0,0.0
2022-12-20 00:00:00-05:00,145.63541320688802,148.61998786694878,145.45531667093664,148.0882568359375,6199100,0.0,0.0
2022-12-21 00:00:00-05:00,150.24951649750108,150.9099010401462,148.50851341039922,149.8292694091797,5479400,0.0,0.0
2022-12-22 00:00:00-05:00,150.22381622237234,150.2667007228335,144.36614941251045,147.58229064941406,5755000,0.0,0.0
2022-12-23 00:00:00-05:00,149.31467404059688,152.29924847772364,148.96303957180248,152.14486694335938,6079100,0.0,0.0
2022-12-27 00:00:00-05:00,152.96820045020317,154.57197812988454,152.14486282440225,154.05740356445312,5168000,0.0,0.0
2022-12-28 00:00:00-05:00,153.397061358852,153.7744239959543,150.8841763907906,151.78469848632812,4494400,0.0,0.0
2022-12-29 00:00:00-05:00,151.50164814736763,153.68862623098147,151.50164814736763,152.9339141845703,4142100,0.0,0.0
2022-12-30 00:00:00-05:00,152.68519100307108,154.3318533024647,152.40216908007253,153.93734741210938,5005100,0.0,0.0
2023-01-03 00:00:00-05:00,152.69375793759585,153.5170956050497,147.09338672585184,149.2203369140625,7565400,0.0,0.0
2023-01-04 00:00:00-05:00,146.61313724420583,149.47764353390505,146.5273813407091,147.63372802734375,7684500,0.0,0.0
2023-01-05 00:00:00-05:00,147.08479032966872,151.1071111794639,146.86180935284756,150.2923583984375,6088200,0.0,0.0
2023-01-06 00:00:00-05:00,151.8189879868018,153.85158459476068,150.6869002494769,151.42446899414062,7191200,0.0,0.0
2023-01-09 00:00:00-05:00,152.88244591598453,152.9424868185337,149.55482153514458,150.2409210205078,8385600,0.0,0.0
2023-01-10 00:00:00-05:00,151.28725039094795,151.5531290097155,148.9887881629688,150.97850036621094,8307000,0.0,0.0
2023-01-11 00:00:00-05:00,152.5651341235978,152.77954349827746,149.48621864396023,150.25808715820312,6962600,0.0,0.0
2023-01-12 00:00:00-05:00,150.93561596445684,152.9767841483225,150.85841865003707,151.8704376220703,6891400,0.0,0.0
2023-01-13 00:00:00-05:00,151.879013841215,152.65089540300679,150.6697418882975,152.2821044921875,5726300,0.0,0.0
2023-01-17 00:00:00-05:00,153.03682357886498,155.50682354034768,152.81382947392038,154.79498291015625,10697700,0.0,0.0
2023-01-18 00:00:00-05:00,155.07802848998148,156.41594097774134,151.75039059934042,151.9990997314453,8899200,0.0,0.0
2023-01-19 00:00:00-05:00,151.46735209976998,154.33185807097698,151.08141786066878,153.51710510253906,5907200,0.0,0.0
2023-01-20 00:00:00-05:00,153.35416243302373,155.5411407202743,152.24781579334942,155.14662170410156,10477900,0.0,0.0
2023-01-23 00:00:00-05:00,155.41249914685162,156.5617302709807,154.40048007875313,154.9407958984375,8381300,0.0,0.0
2023-01-24 00:00:00-05:00,155.30955939027464,156.09001259400677,153.25980645164887,155.08657836914062,5989000,0.0,0.0
2023-01-25 00:00:00-05:00,153.76582042210828,154.4004768783202,151.24437718436914,153.58572387695312,6727500,0.0,0.0
2023-01-26 00:00:00-05:00,158.65438085708684,161.07291203108142,157.35933973410982,161.05575561523438,14307800,0.0,0.0
2023-01-27 00:00:00-05:00,158.0025674932214,158.0025674932214,152.59087646431723,153.90306091308594,19654700,0.0,0.0
2023-01-30 00:00:00-05:00,152.65947681623172,152.95107042893855,148.94590482666916,149.40045166015625,11476000,0.0,0.0
2023-01-31 00:00:00-05:00,148.15684492846074,149.76920725487233,147.01618573865966,149.2460479736328,14481300,0.0,0.0
2023-02-01 00:00:00-05:00,148.63715801988337,148.93733638956218,145.40386087214117,146.9647674560547,11526400,0.0,0.0
2023-02-02 00:00:00-05:00,146.7675261660374,147.02480697593504,143.0711102167149,144.94932556152344,10463400,0.0,0.0
2023-02-03 00:00:00-05:00,145.67829464394129,147.12770399707628,144.50333555042155,145.32666015625,8404900,0.0,0.0
2023-02-06 00:00:00-05:00,145.42104195669194,145.90131696044548,143.54281335618168,145.48965454101562,7659500,0.0,0.0
2023-02-07 00:00:00-05:00,145.85842820769295,149.56341571517305,145.46390916635636,149.30612182617188,10256500,0.0,0.0
2023-02-08 00:00:00-05:00,147.92532311082297,149.28897678090038,145.34383875892826,145.7983856201172,9784700,0.0,0.0
2023-02-09 00:00:00-05:00,145.99562986449263,146.36442079928653,144.08310187877686,144.46046447753906,10123400,0.0,0.0
2023-02-10 00:00:00-05:00,146.4844807812712,148.13971479750128,146.46732436784913,147.4879150390625,11602400,0.0,0.0
2023-02-13 00:00:00-05:00,146.93045991130245,147.42787813545706,145.60111919496862,146.66458129882812,9442900,0.0,0.0
2023-02-14 00:00:00-05:00,146.21002314491633,148.8086634707766,145.78120443653665,147.7880859375,8077300,0.0,0.0
2023-02-15 00:00:00-05:00,146.56813260419182,146.67196788951514,144.92422134444732,146.23069763183594,8885700,1.51,0.0
2023-02-16 00:00:00-05:00,145.52123415164849,145.92788827315806,143.97248423299757,144.1195831298828,6727500,0.0,0.0
2023-02-17 00:00:00-05:00,142.52755835563505,142.622732997884,140.03573598054953,140.9009552001953,9612100,0.0,0.0
2023-02-21 00:00:00-05:00,140.3212145594128,141.67961476012047,139.04069410430222,139.30026245117188,7259700,0.0,0.0
2023-02-22 00:00:00-05:00,138.67734335318863,139.87135016888863,137.49199717958396,138.7379150390625,6205900,0.0,0.0
2023-02-23 00:00:00-05:00,140.3818264544238,140.89230265482135,138.9196037768457,140.10494995117188,6445500,0.0,0.0
2023-02-24 00:00:00-05:00,139.10127439923303,140.68462689091572,137.69961052009037,140.52023315429688,5330200,0.0,0.0
2023-02-27 00:00:00-05:00,141.03939583885423,141.35087532046032,140.09630995367428,140.87501525878906,6386800,0.0,0.0
2023-02-28 00:00:00-05:00,142.17284968708736,142.17284968708736,138.67735612580472,139.101318359375,10854200,0.0,0.0
2023-03-01 00:00:00-05:00,139.2310688539023,141.54120248011532,138.9455449402539,140.20877075195312,7470400,0.0,0.0
2023-03-02 00:00:00-05:00,140.14819571743843,141.45468509730003,139.81076077342183,140.6500244140625,5582000,0.0,0.0
2023-03-03 00:00:00-05:00,139.18779112086742,143.2629788536082,138.7984451698631,142.72654724121094,6007500,0.0,0.0
2023-03-06 00:00:00-05:00,142.19011535086057,144.31856031984722,141.7315502465442,143.77346801757812,7703600,0.0,0.0
2023-03-07 00:00:00-05:00,143.36685083778806,144.1455562131239,141.53258994858842,141.92193603515625,7393000,0.0,0.0
2023-03-08 00:00:00-05:00,141.2297389036584,143.01208850212305,139.62909116235105,141.0220947265625,5435800,0.0,0.0
2023-03-09 00:00:00-05:00,141.7142609739187,143.1851443211401,138.59947946719956,138.8763427734375,6214700,0.0,0.0
2023-03-10 00:00:00-05:00,139.24838349855915,142.47564749531125,137.28433217085964,138.14955139160156,7385800,0.0,0.0
2023-03-13 00:00:00-04:00,135.35490305232807,139.25703715941458,133.07072473560945,137.31895446777344,10106100,0.0,0.0
2023-03-14 00:00:00-04:00,136.92963313760282,141.91330590047514,136.6008587055313,139.09268188476562,10035200,0.0,0.0
2023-03-15 00:00:00-04:00,134.6194611497672,136.66137912622057,131.52197462264402,133.0707244873047,14063100,0.0,0.0
2023-03-16 00:00:00-04:00,129.92131324277995,134.5156249056967,129.70500845110064,133.49465942382812,12849600,0.0,0.0
2023-03-17 00:00:00-04:00,132.91500545602304,134.43780011190262,130.30205226641303,131.80752563476562,33161800,0.0,0.0
2023-03-20 00:00:00-04:00,131.28838574277697,134.78386602316968,130.8990264829453,133.74560546875,8469200,0.0,0.0
2023-03-21 00:00:00-04:00,135.97784260978207,138.06302389649082,135.38083929346996,137.8380584716797,9753500,0.0,0.0
2023-03-22 00:00:00-04:00,138.32258174053595,138.48697549192786,134.91361616597746,135.03475952148438,6315000,0.0,0.0
2023-03-23 00:00:00-04:00,135.85674340145127,137.36221659187567,132.49968816378887,133.69369506835938,7859400,0.0,0.0
2023-03-24 00:00:00-04:00,131.5998471100251,135.53658395341256,131.36623422673088,135.02610778808594,6600100,0.0,0.0
2023-03-27 00:00:00-04:00,136.18550487954857,137.1199432552562,134.7059873529934,136.4018096923828,7006800,0.0,0.0
2023-03-28 00:00:00-04:00,136.0816497822924,138.5994403614241,135.56251307654748,137.99378967285156,5605400,0.0,0.0
2023-03-29 00:00:00-04:00,138.97149609292768,139.57716006162266,137.85536919482317,139.1791534423828,7569700,0.0,0.0
2023-03-30 00:00:00-04:00,140.38184527800192,141.03940725809912,139.80214987406092,140.5029754638672,6322400,0.0,0.0
2023-03-31 00:00:00-04:00,140.77115231968642,141.65367954463164,140.29527914926516,141.16915893554688,7041400,0.0,0.0
2023-04-03 00:00:00-04:00,146.9142287432855,148.0390163892239,146.152831591783,147.04400634765625,12868200,0.0,0.0
2023-04-04 00:00:00-04:00,148.07360304758166,148.07360304758166,145.11455517392312,146.2566375732422,7521400,0.0,0.0
2023-04-05 00:00:00-04:00,146.4469993240037,147.46796486107488,145.1318756250678,146.9834442138672,6478100,0.0,0.0
2023-04-06 00:00:00-04:00,146.5248687163043,146.57677975308854,144.60408114210884,145.05398559570312,5803200,0.0,0.0
2023-04-10 00:00:00-04:00,145.78078144504173,146.81038115859005,144.75981596813105,145.60772705078125,5923500,0.0,0.0
2023-04-11 00:00:00-04:00,146.28259119772358,147.38140988622288,145.41737214726714,146.41236877441406,5469600,0.0,0.0
2023-04-12 00:00:00-04:00,147.47664357365167,148.0563389853597,146.62873226123395,146.9315643310547,6157900,0.0,0.0
2023-04-13 00:00:00-04:00,147.30356868937915,149.22435636811247,146.9315307707132,148.89556884765625,6856600,0.0,0.0
2023-04-14 00:00:00-04:00,149.25032107698522,149.57910861768428,148.1428414898072,149.1984100341797,4930700,0.0,0.0
2023-04-17 00:00:00-04:00,149.15514359703272,149.28492120158066,147.27761943878522,147.88327026367188,7006000,0.0,0.0
2023-04-18 00:00:00-04:00,147.7967540764016,149.15514139197992,147.19975069991142,147.5371856689453,8045600,0.0,0.0
2023-04-19 00:00:00-04:00,146.62005807756324,147.72753764751633,146.30857862337658,147.6756134033203,5506800,0.0,0.0
2023-04-20 00:00:00-04:00,146.01440519610023,147.13919293332572,145.37415135964486,146.95750427246094,5851100,0.0,0.0
2023-04-21 00:00:00-04:00,146.9401934622787,147.59775536924866,146.08362161321895,146.3258819580078,7179000,0.0,0.0
2023-04-24 00:00:00-04:00,146.30853980976173,149.14645710518133,145.85862222813833,148.3677520751953,7177600,0.0,0.0
2023-04-25 00:00:00-04:00,147.36412188127093,147.4333277906024,145.72884512556047,146.21337890625,5807200,0.0,0.0
2023-04-26 00:00:00-04:00,145.53853348471364,146.17878726989505,142.96017065606048,143.6090850830078,5927400,0.0,0.0
2023-04-27 00:00:00-04:00,143.99843129909854,144.8290475757139,142.8217458107067,144.44834899902344,6417200,0.0,0.0
2023-04-28 00:00:00-04:00,142.32857672103307,146.17015257588574,141.93923067135455,145.85867309570312,10036300,0.0,0.0
2023-05-01 00:00:00-04:00,145.10593391036593,145.98844808651577,143.93788258013407,144.69927978515625,6099800,0.0,0.0
2023-05-02 00:00:00-04:00,143.03806626260564,143.089977310159,137.09400047596105,138.46969604492188,10701700,0.0,0.0
2023-05-03 00:00:00-04:00,136.83441958498244,138.0630425422119,135.61447047188813,135.6923370361328,7538100,0.0,0.0
2023-05-04 00:00:00-04:00,135.93461072277967,136.8776966326823,134.47238792919148,135.16456604003906,7500400,0.0,0.0
2023-05-05 00:00:00-04:00,137.82945320690865,139.4041456514379,137.37953542181444,138.61680603027344,5802000,0.0,0.0
2023-05-08 00:00:00-04:00,139.79349225413432,140.4250986628566,138.0197900028137,138.0717010498047,5028200,0.0,0.0
2023-05-09 00:00:00-04:00,136.79980889372501,138.79846314292314,136.62676769333765,137.67367553710938,5019800,0.0,0.0
2023-05-10 00:00:00-04:00,138.8157717297891,138.8157717297891,134.87037425690312,135.9172821044922,6161200,0.0,0.0
2023-05-11 00:00:00-04:00,134.43778496463884,135.2510932547198,133.1486033982127,135.16456604003906,6666100,0.0,0.0
2023-05-12 00:00:00-04:00,135.83942291729505,136.64407048669275,134.59350507882294,135.51063537597656,4898900,0.0,0.0
2023-05-15 00:00:00-04:00,136.03843721425613,136.84309808974862,135.1732178482899,136.01248168945312,5096700,0.0,0.0
2023-05-16 00:00:00-04:00,135.38951131720435,135.85673712881155,132.66407582422434,132.81980895996094,7007700,0.0,0.0
2023-05-17 00:00:00-04:00,133.9272837800235,135.33759540203977,133.20916341036917,134.72329711914062,6169600,0.0,0.0
2023-05-18 00:00:00-04:00,133.56125813943376,134.75822494341148,132.39051435381575,134.55726623535156,7477700,1.51,0.0
2023-05-19 00:00:00-04:00,135.32613217014162,136.6803572245212,134.53981482578178,135.62318420410156,8100900,0.0,0.0
2023-05-22 00:00:00-04:00,134.3650686934116,135.27371571649954,132.87979516001485,133.1855926513672,11661000,0.0,0.0
2023-05-23 00:00:00-04:00,134.6708484059997,137.7637113947293,134.40873820965487,137.03855895996094,10436200,0.0,0.0
2023-05-24 00:00:00-04:00,137.99960629753207,138.54130423636258,136.54927482396693,137.40550231933594,7064000,0.0,0.0
2023-05-25 00:00:00-04:00,135.14266530669448,135.972683329783,134.11171519809378,135.03782653808594,7037700,0.0,0.0
2023-05-26 00:00:00-04:00,135.67561374763403,135.97267913532988,134.07676924974945,134.6184539794922,7736200,0.0,0.0
2023-05-30 00:00:00-04:00,132.51284307028897,133.9020099309,132.1109522795174,133.77969360351562,7814800,0.0,0.0
2023-05-31 00:00:00-04:00,132.39925386707267,133.16810694247013,131.36830390822544,131.595458984375,13346400,0.0,0.0
2023-06-01 00:00:00-04:00,132.18960334451828,134.3214139749438,130.82664594643825,132.94097900390625,9887700,0.0,0.0
2023-06-02 00:00:00-04:00,135.05530570288445,136.95121566931022,134.2078234293533,136.52310180664062,9464300,0.0,0.0
2023-06-05 00:00:00-04:00,138.43648479781973,138.43648479781973,135.63194114473774,135.86782836914062,6443800,0.0,0.0
2023-06-06 00:00:00-04:00,133.96316761695718,136.43571705361342,133.84958341491415,136.11244201660156,6176400,0.0,0.0
2023-06-07 00:00:00-04:00,136.77645801517298,139.97417329762095,136.7327707575808,139.6421661376953,9900000,0.0,0.0
2023-06-08 00:00:00-04:00,139.93048862048406,140.21880852813442,137.24824826631487,139.12669372558594,7142200,0.0,0.0
2023-06-09 00:00:00-04:00,139.1616419840522,140.13144050692802,138.58500214202223,138.79469299316406,6669500,0.0,0.0
2023-06-12 00:00:00-04:00,137.22206146661918,139.20534601167918,136.4968955169896,137.4579620361328,7159600,0.0,0.0
2023-06-13 00:00:00-04:00,138.4976370522889,140.29744014659326,138.27921408780574,138.4888916015625,7660800,0.0,0.0
2023-06-14 00:00:00-04:00,139.77321407380163,140.46343807941764,136.42697279281808,137.2482452392578,7721100,0.0,0.0
2023-06-15 00:00:00-04:00,137.4492118758473,139.60721853745284,137.4492118758473,138.28794860839844,7705400,0.0,0.0
2023-06-16 00:00:00-04:00,138.54130641770993,139.12667828714152,137.39675903320312,137.39675903320312,22908100,0.0,0.0
2023-06-20 00:00:00-04:00,136.42698676456996,136.79394909941607,133.01086151961462,134.2689666748047,10438700,0.0,0.0
2023-06-21 00:00:00-04:00,133.38654825689528,136.26100223479597,133.23802222533985,135.31741333007812,7328200,0.0,0.0
2023-06-22 00:00:00-04:00,133.98064811308222,134.19032562115268,132.77494911575954,133.36032104492188,7088600,0.0,0.0
2023-06-23 00:00:00-04:00,131.93618053581804,132.53902994970505,131.16734089521034,132.23324584960938,15172700,0.0,0.0
2023-06-26 00:00:00-04:00,132.46914341445907,135.39601620998272,132.39924647228324,134.55726623535156,7371800,0.0,0.0
2023-06-27 00:00:00-04:00,134.11172975812738,135.16890300513504,133.51762556287082,134.137939453125,6581700,0.0,0.0
2023-06-28 00:00:00-04:00,134.05929559751397,135.4397304850516,132.96718065466598,135.35235595703125,5773800,0.0,0.0
2023-06-29 00:00:00-04:00,135.79792883893427,136.5318401842673,134.9329823695657,136.50563049316406,5633500,0.0,0.0
2023-06-30 00:00:00-04:00,137.57152472769187,137.97341551353313,136.8201492025542,137.4754180908203,6346600,0.0,0.0
2023-07-03 00:00:00-04:00,137.32688061684584,138.13068886244733,136.9075122554519,137.3531036376953,3272600,0.0,0.0
2023-07-05 00:00:00-04:00,137.78120361269924,137.78120361269924,135.52707701482524,136.5667724609375,6318700,0.0,0.0
2023-07-06 00:00:00-04:00,135.59698086842505,136.14741103415648,132.47790770273463,133.5700225830078,9203000,0.0,0.0
2023-07-07 00:00:00-04:00,132.9235026994629,136.28722229159288,132.76624453579078,134.74078369140625,6602200,0.0,0.0
2023-07-10 00:00:00-04:00,134.48739104118684,136.11245854799867,134.47865892130724,135.6406707763672,5167900,0.0,0.0
2023-07-11 00:00:00-04:00,136.29594022785122,138.40154096554198,135.99888817306385,138.14816284179688,5060500,0.0,0.0
2023-07-12 00:00:00-04:00,139.10923201456205,140.08776272312576,138.331646719761,139.47618103027344,6464000,0.0,0.0
2023-07-13 00:00:00-04:00,139.6509385160528,140.31495302733026,136.7939750203135,137.615234375,8143900,0.0,0.0
2023-07-14 00:00:00-04:00,137.17835147103307,137.18709692161005,133.9369621991095,134.1815948486328,7065700,0.0,0.0
2023-07-17 00:00:00-04:00,133.9806513280946,134.67086202785453,133.36032424504882,134.0592803955078,4351700,0.0,0.0
2023-07-18 00:00:00-04:00,133.38655024139982,136.35711091114737,133.12443998649837,134.33013916015625,6798300,0.0,0.0
2023-07-19 00:00:00-04:00,134.40000698853967,136.103703278937,133.91947384727928,135.15138244628906,5653100,0.0,0.0
2023-07-20 00:00:00-04:00,136.43570825222395,137.33560969725954,136.04254962706403,136.6453857421875,5866600,0.0,0.0
2023-07-21 00:00:00-04:00,137.632678179298,138.7684802680504,137.22204193696845,138.6461639404297,8760100,0.0,0.0
2023-07-24 00:00:00-04:00,140.20136972948217,143.32044353573357,139.79946550515157,141.380859375,9722100,0.0,0.0
2023-07-25 00:00:00-04:00,141.4594493851018,142.8573483338818,140.36733458223642,142.02734375,6767600,0.0,0.0
2023-07-26 00:00:00-04:00,140.55953503607353,141.61669460321357,140.27121515463216,140.96142578125,6056400,0.0,0.0
2023-07-27 00:00:00-04:00,141.61671726757808,141.94872445658052,139.1092257736378,139.49365234375,6470100,0.0,0.0
2023-07-28 00:00:00-04:00,138.40153023201785,138.9170052279627,136.74150770524867,138.8034210205078,6542300,0.0,0.0
2023-07-31 00:00:00-04:00,140.7779641307785,143.26797776420304,140.33237278021832,142.9884033203125,13056300,0.0,0.0
2023-08-01 00:00:00-04:00,142.97094539036428,142.97094539036428,140.27124055457378,141.80020141601562,7531400,0.0,0.0
2023-08-02 00:00:00-04:00,140.81292809448766,140.85661535769836,138.09574563314524,139.5548095703125,7067100,0.0,0.0
2023-08-03 00:00:00-04:00,139.71208650258697,141.27598926729246,138.78597514490292,139.5023956298828,6680700,0.0,0.0
2023-08-04 00:00:00-04:00,140.36732493195566,142.42923807126778,138.9519351793444,139.18783569335938,10185400,0.0,0.0
2023-08-07 00:00:00-04:00,140.67312598468487,140.99640104841507,138.98690704118837,139.69459533691406,13927400,0.0,0.0
2023-08-08 00:00:00-04:00,137.99087315616958,139.60719484825924,136.48812232290584,139.48487854003906,6451300,0.0,0.0
2023-08-09 00:00:00-04:00,140.54208794819456,141.04883088019076,139.18786275614207,139.66839599609375,10531500,0.0,0.0
2023-08-10 00:00:00-04:00,140.07900798156217,141.9574400201478,139.45868093732273,140.51585388183594,8647100,0.0,0.0
2023-08-11 00:00:00-04:00,140.22754908236251,143.43399673574544,139.94796127698183,143.41651916503906,6682600,0.0,0.0
2023-08-14 00:00:00-04:00,143.08455140827542,143.50391986135645,142.07106542613707,143.31170654296875,6060100,0.0,0.0
2023-08-15 00:00:00-04:00,142.76124165654278,142.76998710711007,139.0043774009597,139.12669372558594,7876500,0.0,0.0
2023-08-16 00:00:00-04:00,140.2450117128248,141.38954583977954,138.45394085341277,138.59373474121094,7920500,0.0,0.0
2023-08-17 00:00:00-04:00,140.41085356199335,143.02184167838217,140.22562249775842,140.9136505126953,8270500,1.51,0.0
2023-08-18 00:00:00-04:00,139.70517111911963,142.29851328040567,139.5111105859893,141.9280242919922,5999200,0.0,0.0
2023-08-21 00:00:00-04:00,142.19265700844372,142.9600831208942,140.64900220400426,141.4517059326172,6802300,0.0,0.0
2023-08-22 00:00:00-04:00,141.56639264840334,142.23677508396221,140.22561431768278,140.287353515625,6080800,0.0,0.0
2023-08-23 00:00:00-04:00,139.49347643037817,140.61373260674569,138.22326682246577,140.47259521484375,4975600,0.0,0.0
2023-08-24 00:00:00-04:00,139.13181786733477,141.03713229229996,138.98186443475916,139.3170623779297,5989600,0.0,0.0
2023-08-25 00:00:00-04:00,140.31378599334627,141.05473690151933,139.06120881956963,140.35787963867188,5291800,0.0,0.0
2023-08-28 00:00:00-04:00,140.71960021369026,142.72194520302355,140.44615488775577,141.31942749023438,4386100,0.0,0.0
2023-08-29 00:00:00-04:00,141.9368583039613,141.97213592037886,140.34028033392963,141.098876953125,5374800,0.0,0.0
2023-08-30 00:00:00-04:00,141.6545518766183,142.2367333644136,141.07237038882303,141.2928924560547,5534900,0.0,0.0
2023-08-31 00:00:00-04:00,142.02506347621852,142.22795352061323,141.0724062881987,142.10446166992188,7003700,0.0,0.0
2023-09-01 00:00:00-04:00,143.46286918192874,145.27115324944333,143.46286918192874,144.92713928222656,6663000,0.0,0.0
2023-09-05 00:00:00-04:00,145.7915567597327,147.80271705679837,145.72098807883222,146.83242797851562,9755800,0.0,0.0
2023-09-06 00:00:00-04:00,146.6736398132325,147.69686546013725,146.0561807020311,146.9823760986328,7195500,0.0,0.0
2023-09-07 00:00:00-04:00,147.43223983442712,148.10262210565995,146.6736433482113,146.99119567871094,7925900,0.0,0.0
2023-09-08 00:00:00-04:00,147.67921903955883,148.62305996498864,147.05294389466908,147.49398803710938,7434400,0.0,0.0
2023-09-11 00:00:00-04:00,148.2614343853037,148.71129466783822,143.66574744967747,144.4508056640625,7155100,0.0,0.0
2023-09-12 00:00:00-04:00,145.80924070378666,147.47638753287032,145.63282568486414,147.1411895751953,7521100,0.0,0.0
2023-09-13 00:00:00-04:00,147.6704212577834,147.97032808141472,146.05619788174315,146.60308837890625,5759500,0.0,0.0
2023-09-14 00:00:00-04:00,147.92625569286295,148.63192926556982,147.41464268914058,147.5116729736328,8822800,0.0,0.0
2023-09-15 00:00:00-04:00,146.61192183869028,148.5172225917625,146.3208310456762,146.8677215576172,17439700,0.0,0.0
2023-09-18 00:00:00-04:00,148.0761902684926,148.50841847334672,146.7795191135325,147.50283813476562,7027600,0.0,0.0
2023-09-19 00:00:00-04:00,148.79950033010178,149.03766797636246,146.80597185183314,147.4851837158203,6615100,0.0,0.0
2023-09-20 00:00:00-04:00,147.37052201067755,148.64071805717174,146.95593936744908,147.0353240966797,5939100,0.0,0.0
2023-09-21 00:00:00-04:00,147.41462835321974,148.07619473962006,145.58871212574823,145.7122039794922,7150000,0.0,0.0
2023-09-22 00:00:00-04:00,146.62953791153714,147.6792251676386,146.37373822053073,146.67364501953125,5963000,0.0,0.0
2023-09-25 00:00:00-04:00,146.71776398993367,148.8788778603788,146.4178571666851,148.817138671875,5510000,0.0,0.0
2023-09-26 00:00:00-04:00,147.69689768111988,148.55252458601606,147.2911310568961,148.0144500732422,5659200,0.0,0.0
2023-09-27 00:00:00-04:00,149.39930476611784,151.03998969297757,148.9053374263494,150.8723907470703,9124400,0.0,0.0
2023-09-28 00:00:00-04:00,150.4401862517845,151.45458257473865,149.4522380456815,150.4754638671875,7151800,0.0,0.0
2023-09-29 00:00:00-04:00,150.38724628580172,150.3960623237665,148.0320720276138,148.73773193359375,7396100,0.0,0.0
2023-10-02 00:00:00-04:00,148.49076172945288,148.6936517574261,145.74746619864374,146.9029998779297,6839600,0.0,0.0
2023-10-03 00:00:00-04:00,146.3561048440884,147.62631428608466,145.994445371931,147.24700927734375,6168600,0.0,0.0
2023-10-04 00:00:00-04:00,145.2799590843624,145.5269427634981,142.44846281298447,143.81568908691406,9664700,0.0,0.0
2023-10-05 00:00:00-04:00,142.3867194040865,145.32407562829627,142.36025782671902,144.5742950439453,8073000,0.0,0.0
2023-10-06 00:00:00-04:00,144.93591085358773,144.98883399236797,140.24320860056778,143.10116577148438,10190400,0.0,0.0
2023-10-09 00:00:00-04:00,146.7618912313194,148.35846928774146,145.50049765760753,147.06179809570312,8183500,0.0,0.0
2023-10-10 00:00:00-04:00,147.10588990590293,147.66159645923517,146.14440329662423,146.9029998779297,6512900,0.0,0.0
2023-10-11 00:00:00-04:00,145.6063540654718,145.61517010494896,141.5575576514869,142.10446166992188,12570700,0.0,0.0
2023-10-12 00:00:00-04:00,144.00975467742214,144.00975467742214,141.92802540895113,142.2191162109375,7397000,0.0,0.0
2023-10-13 00:00:00-04:00,144.14205629826367,145.40343614135315,143.16293771994677,144.7154083251953,8042800,0.0,0.0
2023-10-16 00:00:00-04:00,145.8444920109646,146.25907463341667,144.5301889164512,145.8974151611328,5446000,0.0,0.0
2023-10-17 00:00:00-04:00,145.39464896130292,148.3672828970047,145.23586603242856,147.82920837402344,7538300,0.0,0.0
2023-10-18 00:00:00-04:00,148.6054128215371,149.69037763150476,147.82035479487777,149.00234985351562,6893500,0.0,0.0
2023-10-19 00:00:00-04:00,148.80833509452458,150.10500633457718,147.75864757071025,149.1611785888672,6580200,0.0,0.0
2023-10-20 00:00:00-04:00,148.5524993991434,149.1611425024834,146.51487750333536,147.15879821777344,7458300,0.0,0.0
2023-10-23 00:00:00-04:00,144.04502835304874,145.04177902291565,141.35465622900114,141.73394775390625,16232400,0.0,0.0
2023-10-24 00:00:00-04:00,141.91921340065906,142.08681236349625,138.0203839783909,138.1791534423828,17689900,0.0,0.0
2023-10-25 00:00:00-04:00,138.43494510267712,138.84952769585962,136.87364498493872,137.49110412597656,10502400,0.0,0.0
2023-10-26 00:00:00-04:00,136.7325425253179,136.88249596502024,135.51526946785089,136.50320434570312,10830400,0.0,0.0
2023-10-27 00:00:00-04:00,132.94836665598578,133.41587243800873,126.98545383082437,127.3294677734375,24524300,0.0,0.0
2023-10-30 00:00:00-04:00,128.48499678691496,129.17302464722064,127.30300158686171,128.86428833007812,13857100,0.0,0.0
2023-10-31 00:00:00-04:00,128.87313482618467,129.24361037986048,127.22362018387288,128.5467529296875,14261300,0.0,0.0
2023-11-01 00:00:00-04:00,128.767266785928,128.79372836237704,126.86196598359084,127.00308990478516,10819600,0.0,0.0
2023-11-02 00:00:00-04:00,127.4970529922331,131.4311732271632,126.87077775785606,131.21946716308594,11099100,0.0,0.0
2023-11-03 00:00:00-04:00,130.81372131596441,131.04305947011838,128.91722305111574,130.205078125,13160000,0.0,0.0
2023-11-06 00:00:00-05:00,131.19300132006612,131.72225973324305,129.39354694254544,129.6669921875,10634200,0.0,0.0
2023-11-07 00:00:00-05:00,128.04395153406483,128.4408886102399,126.3503434720109,127.38238525390625,15054600,0.0,0.0
2023-11-08 00:00:00-05:00,126.91488315078175,127.59408152707556,125.47707475338945,125.60938262939453,12654100,0.0,0.0
2023-11-09 00:00:00-05:00,126.1827625718626,126.94135921997581,125.06250640857397,125.20364379882812,10359500,0.0,0.0
2023-11-10 00:00:00-05:00,126.39445030501042,126.52677165060254,125.01839445230424,126.09454345703125,11988200,0.0,0.0
2023-11-13 00:00:00-05:00,126.27094854425943,127.28535827574686,126.00633279305475,127.0207290649414,8747700,0.0,0.0
2023-11-14 00:00:00-05:00,127.44412546467895,128.34385938160932,126.89723497576075,127.9469223022461,11224400,0.0,0.0
2023-11-15 00:00:00-05:00,127.77936071332144,129.34947741310555,127.38242351791166,128.39682006835938,10052100,0.0,0.0
2023-11-16 00:00:00-05:00,127.47872400837792,127.91546941453589,125.4464814797613,126.36455535888672,14031300,1.51,0.0
2023-11-17 00:00:00-05:00,127.41631322994333,129.41290817675628,126.92607634560417,128.76223754882812,11075600,0.0,0.0
2023-11-20 00:00:00-05:00,128.91375166042565,129.8585643370202,128.59287060038514,128.69091796875,8062400,0.0,0.0
2023-11-21 00:00:00-05:00,128.2007056974742,128.61963420617013,127.19349286584038,128.38787841796875,6783300,0.0,0.0
2023-11-22 00:00:00-05:00,126.33780827555287,128.6998402203137,125.42864290783578,128.6463623046875,7216100,0.0,0.0
2023-11-24 00:00:00-05:00,128.6196261765942,130.08141483886308,128.53048724812902,129.1544189453125,3861000,0.0,0.0
2023-11-27 00:00:00-05:00,128.931576817714,129.08311570636175,127.32718501548428,128.673095703125,9850800,0.0,0.0
2023-11-28 00:00:00-05:00,129.04749507679853,130.59842305169778,128.40573271481912,129.6981658935547,9746500,0.0,0.0
2023-11-29 00:00:00-05:00,130.48250982200307,130.5716487484232,127.51436310132887,128.27200317382812,16417100,0.0,0.0
2023-11-30 00:00:00-05:00,129.22572993444936,130.14380379297236,126.59629470079538,127.99569702148438,16276000,0.0,0.0
2023-12-01 00:00:00-05:00,127.89764850652409,130.5894700869656,127.10436099693723,129.07420349121094,11906500,0.0,0.0
2023-12-04 00:00:00-05:00,128.3522285184639,129.86749516277968,127.68372732826357,129.127685546875,11842800,0.0,0.0
2023-12-05 00:00:00-05:00,129.02962076782572,129.3059459804395,127.1310868920582,127.33609008789062,9597600,0.0,0.0
2023-12-06 00:00:00-05:00,126.48043912009749,128.37898714331027,125.99021571941061,127.04198455810547,18079700,0.0,0.0
2023-12-07 00:00:00-05:00,127.91546042129053,128.36112784975384,125.66930637433266,126.94390869140625,14786700,0.0,0.0
2023-12-08 00:00:00-05:00,127.91545420922348,128.94940585721142,127.56783417593148,128.62852478027344,10821700,0.0,0.0
2023-12-11 00:00:00-05:00,129.10094523100148,129.60009060499644,128.19179341437837,128.66419982910156,9849600,0.0,0.0
2023-12-12 00:00:00-05:00,127.61243637654309,127.98679546223332,126.34674224853515,127.01524353027344,9863900,0.0,0.0
2023-12-13 00:00:00-05:00,126.7210758171659,128.95832142663306,126.25757788029833,128.89593505859375,10641300,0.0,0.0
2023-12-14 00:00:00-05:00,130.00119828316815,133.63783264160156,130.00119828316815,133.63783264160156,14960500,0.0,0.0
2023-12-15 00:00:00-05:00,131.31144116503458,133.53977802759064,131.31144116503458,133.120849609375,30850900,0.0,0.0
2023-12-18 00:00:00-05:00,134.44005189597203,135.58986799507548,133.09414102016999,133.41500854492188,11561700,0.0,0.0
2023-12-19 00:00:00-05:00,133.66461196310613,135.33140417783773,133.24568339565587,135.16204833984375,8738100,0.0,0.0
2023-12-20 00:00:00-05:00,135.61659601051204,136.4277140122409,133.75370938291218,133.92306518554688,9370000,0.0,0.0
2023-12-21 00:00:00-05:00,134.39547047492317,134.41330098049858,133.00499025523686,134.3330841064453,7264700,0.0,0.0
2023-12-22 00:00:00-05:00,135.2511621710746,135.83052441386548,134.3687357267694,134.63613891601562,6396100,0.0,0.0
2023-12-26 00:00:00-05:00,135.54532277100836,136.38316626368876,135.39378384927656,135.84837341308594,5165600,0.0,0.0
2023-12-27 00:00:00-05:00,135.72356053129135,136.3474922020784,134.89461205384612,135.40267944335938,5337200,0.0,0.0
2023-12-28 00:00:00-05:00,134.75199579823396,135.5007274071116,133.16542085677943,133.49522399902344,8148000,0.0,0.0
2023-12-29 00:00:00-05:00,133.72696452442923,133.90522877171435,132.51474860192414,132.95150756835938,7658600,0.0,0.0
2024-01-02 00:00:00-05:00,133.69131431536604,135.019394490413,133.02281320152952,133.23672485351562,8879700,0.0,0.0
2024-01-03 00:00:00-05:00,133.15652691803595,136.54360242989964,132.523673122646,135.7770538330078,10255300,0.0,0.0
2024-01-04 00:00:00-05:00,136.96254888709393,137.577572255967,134.2261437185007,134.28854370117188,8220300,0.0,0.0
2024-01-05 00:00:00-05:00,135.46507346073474,135.5096429255989,133.54870887779634,134.0567626953125,7455400,0.0,0.0
2024-01-08 00:00:00-05:00,132.2919039426521,133.43281135167055,130.65185124227423,133.25454711914062,10038200,0.0,0.0
2024-01-09 00:00:00-05:00,133.6556660143719,133.6556660143719,129.76944529240183,129.86749267578125,11784700,0.0,0.0
2024-01-10 00:00:00-05:00,130.1527148208784,130.1527148208784,128.45026204271312,128.79788208007812,8490400,0.0,0.0
2024-01-11 00:00:00-05:00,129.74275209415447,130.28646712090327,128.90489481352228,129.49317932128906,8612500,0.0,0.0
2024-01-12 00:00:00-05:00,131.7660368357774,132.3632295728109,130.2864176720098,131.2668914794922,9386900,0.0,0.0
2024-01-16 00:00:00-05:00,130.58945423389994,130.6518541970757,127.97784984658463,128.07589721679688,9380400,0.0,0.0
2024-01-17 00:00:00-05:00,126.94390889545843,128.37005010910966,126.60519729706088,127.56784057617188,8167000,0.0,0.0
2024-01-18 00:00:00-05:00,127.46088727777278,127.63024308033631,124.44817104444071,126.40911865234375,11187800,0.0,0.0
2024-01-19 00:00:00-05:00,126.3288882915538,126.79238623572317,125.68712609214724,126.78347778320312,11192500,0.0,0.0
2024-01-22 00:00:00-05:00,126.4893108617011,127.15781188839514,125.60688461021721,127.00628662109375,9184600,0.0,0.0
2024-01-23 00:00:00-05:00,126.56067018655762,127.75505590393217,126.4804396945538,126.64979553222656,6767200,0.0,0.0
2024-01-24 00:00:00-05:00,127.19346178627806,129.22570385922248,126.76562492899725,129.17222595214844,8100000,0.0,0.0
2024-01-25 00:00:00-05:00,130.3309862694579,132.53258449469044,129.44855984859157,132.42562866210938,9773600,0.0,0.0
2024-01-26 00:00:00-05:00,131.94430302818571,133.04064113759657,131.00839867106814,132.93368530273438,9151900,0.0,0.0
2024-01-29 00:00:00-05:00,132.88909643965565,133.00497431096863,131.12425741859403,132.88018798828125,10494800,0.0,0.0
2024-01-30 00:00:00-05:00,132.0780131324532,133.97656102548655,131.65909819711794,133.8072052001953,9902900,0.0,0.0
2024-01-31 00:00:00-05:00,134.0300269509123,134.03894900451377,131.32928324380572,131.4095001220703,10428000,0.0,0.0
2024-02-01 00:00:00-05:00,132.08690694585164,132.82671646617845,130.59837945339518,131.8195037841797,8641100,0.0,0.0
2024-02-02 00:00:00-05:00,134.46677666891475,136.71294431003076,133.29913018584716,135.6968231201172,12839100,0.0,0.0
2024-02-05 00:00:00-05:00,135.14420003761785,136.8288225400009,134.4043904010264,135.7770538330078,8277800,0.0,0.0
2024-02-06 00:00:00-05:00,135.92858616583254,136.8555685724292,135.31356284575827,135.79489135742188,6198200,0.0,0.0
2024-02-07 00:00:00-05:00,136.392072933224,137.06948257451933,134.7430978949778,135.59878540039062,6252000,0.0,0.0
2024-02-08 00:00:00-05:00,135.4383289264681,137.53297128263458,135.17092574898228,137.3190460205078,9237000,0.0,0.0
2024-02-09 00:00:00-05:00,137.63994433175793,138.4421539645697,134.57374986115414,134.62722778320312,9194500,0.0,0.0
2024-02-12 00:00:00-05:00,135.1441944354435,136.02662089085206,134.9391912147414,135.55421447753906,6713000,0.0,0.0
2024-02-13 00:00:00-05:00,136.0355486228265,136.4366602689346,133.34372661094454,134.2350616455078,6987100,0.0,0.0
2024-02-14 00:00:00-05:00,134.8411433585526,135.6611698391804,133.77154419254646,134.60047912597656,5995100,0.0,0.0
2024-02-15 00:00:00-05:00,135.07804188754642,139.7455307178013,134.86178232336198,139.17787170410156,8950300,1.63,0.0
2024-02-16 00:00:00-05:00,139.99783096996896,140.35826358801836,138.84447409040794,139.3310546875,7570200,0.0,0.0
2024-02-20 00:00:00-05:00,140.08794261298942,140.2140905920782,138.61020325119276,138.7633819580078,6977900,0.0,0.0
2024-02-21 00:00:00-05:00,139.27700965034418,140.17807067803892,138.85350986739965,140.06092834472656,6628900,0.0,0.0
2024-02-22 00:00:00-05:00,139.50229156578806,141.13321002081395,138.61023609217034,140.0519256591797,8874900,0.0,0.0
2024-02-23 00:00:00-05:00,139.54730836638714,139.5923641648175,138.0875939911194,139.35809326171875,6561600,0.0,0.0
2024-02-26 00:00:00-05:00,139.24996120895628,140.16004162046207,138.61021559698858,139.1688690185547,6900800,0.0,0.0
2024-02-27 00:00:00-05:00,138.04256630231558,138.65529503771978,135.06906173870894,137.10546875,15093800,0.0,0.0
2024-02-28 00:00:00-05:00,137.28564897038777,138.63724041585007,136.76303196158378,137.2676239013672,6715900,0.0,0.0
2024-02-29 00:00:00-05:00,137.78122366868666,138.07857541158566,136.49269944945763,136.9702606201172,9334400,0.0,0.0
2024-03-01 00:00:00-05:00,137.90739118521344,139.07877325529486,137.18653962292487,137.69113159179688,7459100,0.0,0.0
2024-03-04 00:00:00-05:00,137.41179973352465,137.4928919221081,133.0596735412529,134.14996337890625,12503200,0.0,0.0
2024-03-05 00:00:00-05:00,134.10491718235843,135.7178104057712,133.62735592770602,134.7897186279297,6985500,0.0,0.0
2024-03-06 00:00:00-05:00,135.90699452559147,137.33067215999276,133.4831389090708,133.6543426513672,14692100,0.0,0.0
2024-03-07 00:00:00-05:00,133.807527434562,135.83491421387353,133.76247164520242,134.59144592285156,8739300,0.0,0.0
2024-03-08 00:00:00-05:00,134.59146028008212,135.15012737936146,133.70842446064432,135.05101013183594,7528400,0.0,0.0
2024-03-11 00:00:00-04:00,135.6096665733739,137.03334445705926,134.7896978477978,136.9612579345703,7577100,0.0,0.0
2024-03-12 00:00:00-04:00,136.80806013498483,137.4748500631155,135.87094922252572,136.86212158203125,6432900,0.0,0.0
2024-03-13 00:00:00-04:00,138.0785767809531,139.55631610180163,137.9974708509232,138.6642608642578,8065600,0.0,0.0
2024-03-14 00:00:00-04:00,138.55614031350106,140.32221200185117,137.64605999279053,140.29518127441406,9047200,0.0,0.0
2024-03-15 00:00:00-04:00,139.83565168620214,141.502606202061,139.14183090170033,140.1600341796875,20387200,0.0,0.0
2024-03-18 00:00:00-04:00,140.59254317667626,141.16922165213705,139.61039001128356,140.0338897705078,7242700,0.0,0.0
2024-03-19 00:00:00-04:00,139.93476746906663,141.32239527437386,139.67345209559454,141.12416076660156,7736700,0.0,0.0
2024-03-20 00:00:00-04:00,140.3492482148076,140.9529573996628,138.9706260652385,139.25897216796875,8449100,0.0,0.0
2024-03-21 00:00:00-04:00,139.61939174643373,140.28618180051225,139.13282488201355,139.53829956054688,7899100,0.0,0.0
2024-03-22 00:00:00-04:00,139.73653722015487,139.91674666477692,138.90756277561397,139.35809326171875,5974700,0.0,0.0
2024-03-25 00:00:00-04:00,140.09695834547375,141.74590160082784,139.9077432377853,140.989013671875,6058700,0.0,0.0
2024-03-26 00:00:00-04:00,141.03405623003303,141.34041363692782,139.34906299391525,139.90773010253906,6677900,0.0,0.0
2024-03-27 00:00:00-04:00,139.5473097412179,140.9619820810921,139.52929842094775,140.88088989257812,7416900,0.0,0.0
2024-03-28 00:00:00-04:00,141.60171019509963,142.53882119922386,140.8988838165553,142.1333465576172,8331600,0.0,0.0
2024-04-01 00:00:00-04:00,142.61091738196637,143.80031066121202,141.41250469398867,143.3407745361328,6285700,0.0,0.0
2024-04-02 00:00:00-04:00,144.21480213751994,145.26904175775377,143.28671049537138,143.9715118408203,8815400,0.0,0.0
2024-04-03 00:00:00-04:00,144.25986571680826,145.02575928611574,143.91745815105952,144.56622314453125,7819700,0.0,0.0
2024-04-04 00:00:00-04:00,144.89057536509344,145.92678975667113,144.00753965536921,144.7914581298828,9269700,0.0,0.0
2024-04-05 00:00:00-04:00,145.36815989712537,146.12504777026479,144.04359924458214,145.6114501953125,7432800,0.0,0.0
2024-04-08 00:00:00-04:00,145.65651127665384,146.42241865850772,144.46711785615997,145.31411743164062,7253200,0.0,0.0
2024-04-09 00:00:00-04:00,145.83669391573108,146.44940865149343,144.5842199714202,145.9718475341797,6576200,0.0,0.0
2024-04-10 00:00:00-04:00,146.16109646254927,146.66568837299036,145.07981236977733,146.57557678222656,7525800,0.0,0.0
2024-04-11 00:00:00-04:00,147.43157313325108,147.43157313325108,143.98952780645914,145.87274169921875,7682500,0.0,0.0
2024-04-12 00:00:00-04:00,146.2331715393295,147.65684945140947,142.40366260622847,143.23265075683594,11071000,0.0,0.0
2024-04-15 00:00:00-04:00,144.1156983091406,144.61128460816715,141.7909592829703,141.99819946289062,7236900,0.0,0.0
2024-04-16 00:00:00-04:00,141.7368807574209,142.19641686167998,140.0428818843828,140.8177947998047,5541900,0.0,0.0
2024-04-17 00:00:00-04:00,140.55649406120205,142.1063199016378,140.24111724808736,140.92591857910156,6733900,0.0,0.0
2024-04-18 00:00:00-04:00,141.59271547950118,142.40366482539125,140.91691977489322,141.9801788330078,4979200,0.0,0.0
2024-04-19 00:00:00-04:00,143.0434126853943,144.84553442001342,142.50277066536947,144.16973876953125,7734700,0.0,0.0
2024-04-22 00:00:00-04:00,144.1246741152571,146.60259134801083,142.76407723894718,145.89976501464844,6779200,0.0,0.0
2024-04-23 00:00:00-04:00,145.35015129502963,146.73779296875,144.71040566874694,146.73779296875,5597600,0.0,0.0
2024-04-24 00:00:00-04:00,145.86374054814206,147.62981218427186,145.4762772178363,147.38653564453125,7610300,0.0,0.0
2024-04-25 00:00:00-04:00,147.50367495257288,149.21569900920727,146.57558327282172,148.92735290527344,9702600,0.0,0.0
2024-04-26 00:00:00-04:00,148.88227106379736,150.45912745245985,147.1432303318674,149.4769744873047,9736400,0.0,0.0
2024-04-29 00:00:00-04:00,149.49499971970602,150.5762699233187,148.39570445045572,149.87344360351562,6364000,0.0,0.0
2024-04-30 00:00:00-04:00,149.54910155994355,149.6842552159882,145.02577129994495,145.31411743164062,8457300,0.0,0.0
2024-05-01 00:00:00-04:00,144.8725793454226,145.4762885357993,143.17858034913635,143.83636474609375,7713700,0.0,0.0
2024-05-02 00:00:00-04:00,144.53919753829743,145.77364670199657,144.07064197105043,144.82752990722656,8597100,0.0,0.0
2024-05-03 00:00:00-04:00,144.76442723074425,144.76442723074425,141.5025778799267,144.39498901367188,11664500,0.0,0.0
2024-05-06 00:00:00-04:00,144.8275303920365,147.79202877563282,144.8275303920365,146.24220275878906,8430300,0.0,0.0
2024-05-07 00:00:00-04:00,146.25119430421466,147.0080821698763,145.98989268955708,146.57557678222656,6869900,0.0,0.0
2024-05-08 00:00:00-04:00,145.92681241858511,146.94501565213605,145.5573741436916,146.45843505859375,6706400,0.0,0.0
2024-05-09 00:00:00-04:00,146.89094927953943,149.13458208311135,146.6296339234709,149.0805206298828,6683300,0.0,0.0
2024-05-10 00:00:00-04:00,149.61214591990498,149.95455346192193,148.69307370043552,149.41392517089844,5490900,0.0,0.0
2024-05-13 00:00:00-04:00,150.00863793160448,150.39610132792896,146.854924294923,148.25157165527344,6848300,0.0,0.0
2024-05-14 00:00:00-04:00,148.0803321958569,148.85524505278346,146.8909390602818,147.4225616455078,4924000,0.0,0.0
2024-05-15 00:00:00-04:00,146.9900857976996,147.59379501972973,144.32293917960405,146.91799926757812,7603100,0.0,0.0
2024-05-16 00:00:00-04:00,147.01810251479603,147.44587870602737,146.06243200485503,146.6176300048828,6409400,1.63,0.0
2024-05-17 00:00:00-04:00,147.21833404919977,148.3287300136505,146.70864683035717,148.05567932128906,5497900,0.0,0.0
2024-05-20 00:00:00-04:00,148.1012010972855,148.35604472565663,146.59944300953154,146.66314697265625,4913800,0.0,0.0
2024-05-21 00:00:00-04:00,146.1534493268172,146.95439432358464,145.38891849604929,145.59825134277344,4783300,0.0,0.0
2024-05-22 00:00:00-04:00,145.18868814083967,145.18868814083967,142.458208873308,143.41387939453125,6260500,0.0,0.0
2024-05-23 00:00:00-04:00,143.73245270972717,144.35136867623638,142.28530177194654,142.8404998779297,6718400,0.0,0.0
2024-05-24 00:00:00-04:00,143.87806742279253,144.68810911501703,143.16814386726708,143.5777130126953,4477700,0.0,0.0
2024-05-28 00:00:00-04:00,143.91445523361654,145.09766568626742,143.75972974266045,144.75180053710938,6928300,0.0,0.0
2024-05-29 00:00:00-04:00,143.8234349047909,144.2512110606149,142.38538096001102,142.80404663085938,5909600,0.0,0.0
2024-05-30 00:00:00-04:00,142.75858573184198,144.22394372493957,142.72217155863203,144.04190063476562,6369600,0.0,0.0
2024-05-31 00:00:00-04:00,144.3786484238798,147.97377672944194,144.26941980793708,147.71893310546875,10334200,0.0,0.0
2024-06-03 00:00:00-04:00,146.9817249672639,147.1546436797097,142.40362185242077,143.31378173828125,9009900,0.0,0.0
2024-06-04 00:00:00-04:00,141.73008736868437,142.30349249573135,140.2647295124039,142.10325622558594,6360500,0.0,0.0
2024-06-05 00:00:00-04:00,142.1305293852374,142.91326721281436,140.64696476266,141.05653381347656,7058500,0.0,0.0
2024-06-06 00:00:00-04:00,140.61968183275357,142.00312854587904,139.60940395144743,141.92120361328125,5215100,0.0,0.0
2024-06-07 00:00:00-04:00,141.72101503065187,143.5231278825178,141.19312058153176,142.05776977539062,5887700,0.0,0.0
2024-06-10 00:00:00-04:00,142.3580928751492,143.9872727518,142.27618182900196,142.658447265625,7074700,0.0,0.0
2024-06-11 00:00:00-04:00,142.13966563647392,142.66756002913104,140.60149322971984,142.43092346191406,5132000,0.0,0.0
2024-06-12 00:00:00-04:00,143.34107949761236,143.46850132084725,138.70835531528257,140.36485290527344,10017400,0.0,0.0
2024-06-13 00:00:00-04:00,139.9552661992323,140.24651009241387,138.55361243149397,139.1088104248047,6163000,0.0,0.0
2024-06-14 00:00:00-04:00,139.3727701352785,139.5183851437632,138.31698146813272,138.8630828857422,6159100,0.0,0.0
2024-06-17 00:00:00-04:00,138.79937093230114,140.10089279352235,138.28057317473807,139.42738342285156,6321400,0.0,0.0
2024-06-18 00:00:00-04:00,139.755045845626,141.93942390076245,139.10882625021665,139.5548095703125,6942900,0.0,0.0
2024-06-20 00:00:00-04:00,139.90066707713322,143.2682555140137,139.48198746410205,142.5674285888672,8336000,0.0,0.0
2024-06-21 00:00:00-04:00,142.7130672216017,143.50490184676215,141.27501299241186,141.32962036132812,21289800,0.0,0.0
2024-06-24 00:00:00-04:00,142.23066388609325,145.2068761827531,142.1578494416579,144.99754333496094,7971600,0.0,0.0
2024-06-25 00:00:00-04:00,144.82460229828877,145.04304561882364,143.50487355390155,144.22390747070312,5985400,0.0,0.0
2024-06-26 00:00:00-04:00,144.2239326673358,144.2239326673358,141.7937937016232,141.93942260742188,8637800,0.0,0.0
2024-06-27 00:00:00-04:00,142.62203535610834,142.84047870389608,141.65726820726735,142.27618408203125,5568700,0.0,0.0
2024-06-28 00:00:00-04:00,143.36836878770984,144.3331359079016,142.13964756078738,142.3671875,11283400,0.0,0.0
2024-07-01 00:00:00-04:00,143.04072317513567,144.44236321204284,141.9667273468063,142.45822143554688,5584100,0.0,0.0
2024-07-02 00:00:00-04:00,143.5139987586182,143.55041292993326,141.48434617782556,142.6675567626953,7216800,0.0,0.0
2024-07-03 00:00:00-04:00,142.84048215872508,143.5686127810258,142.49461698834654,142.6311492919922,3264200,0.0,0.0
2024-07-05 00:00:00-04:00,142.4855251174596,142.4855251174596,139.8733569440845,140.44676208496094,6183100,0.0,0.0
2024-07-08 00:00:00-04:00,139.54567908958322,141.32958416095647,139.54567908958322,140.46493530273438,4990700,0.0,0.0
2024-07-09 00:00:00-04:00,139.25444365613683,140.85631983840673,138.6628453657132,139.23623657226562,5301600,0.0,0.0
2024-07-10 00:00:00-04:00,138.79936015973877,141.47523201374045,138.61733098957538,141.19308471679688,5416600,0.0,0.0
2024-07-11 00:00:00-04:00,141.07474959260918,142.60381118004955,140.36482615730694,141.31138610839844,8322500,0.0,0.0
2024-07-12 00:00:00-04:00,142.13055310653235,142.38539673125925,140.6742919184335,141.61175537109375,6446300,0.0,0.0
2024-07-15 00:00:00-04:00,142.84957346852073,145.18869074927284,142.32167913409495,143.84164428710938,5661200,0.0,0.0
2024-07-16 00:00:00-04:00,142.90418640592227,144.087396933508,142.12144841579047,143.59591674804688,6924200,0.0,0.0
2024-07-17 00:00:00-04:00,144.260323863382,146.97259609534592,144.06918420056834,146.74505615234375,7296600,0.0,0.0
2024-07-18 00:00:00-04:00,146.74504068283125,149.5210304724068,145.84399149180808,147.41856384277344,6577700,0.0,0.0
2024-07-19 00:00:00-04:00,147.8827469772893,148.08298322612876,144.17840414962944,144.85191345214844,6427700,0.0,0.0
2024-07-22 00:00:00-04:00,144.0054943273911,144.69721082213658,142.75857976188365,142.88600158691406,5577300,0.0,0.0
2024-07-23 00:00:00-04:00,142.30347556074514,142.53101548720113,140.01896581084873,140.2465057373047,6238700,0.0,0.0
2024-07-24 00:00:00-04:00,140.79262359669312,141.71188000752383,139.6367167463683,141.13848876953125,5971700,0.0,0.0
2024-07-25 00:00:00-04:00,141.41152109873929,144.04188231717382,140.72890126120848,143.38656616210938,5432100,0.0,0.0
2024-07-26 00:00:00-04:00,143.55947356067819,144.75178044568153,142.94966827933806,143.6595916748047,5232500,0.0,0.0
2024-07-29 00:00:00-04:00,144.03279455649056,144.03279455649056,140.94735325705383,142.53103637695312,5072000,0.0,0.0
2024-07-30 00:00:00-04:00,142.40360959639335,145.70748025392015,142.38540251162058,145.2342071533203,5740900,0.0,0.0
2024-07-31 00:00:00-04:00,147.16375617226785,147.16375617226785,145.6710944946335,146.05335998535156,6209200,0.0,0.0
2024-08-01 00:00:00-04:00,144.45146834603773,145.17048847922396,138.37159364442854,138.90858459472656,16689900,0.0,0.0
2024-08-02 00:00:00-04:00,137.55246832816383,138.38070327147489,133.81171063267848,135.20425415039062,13278600,0.0,0.0
2024-08-05 00:00:00-04:00,132.4464494811146,132.67398941650578,130.5260118708957,131.66371154785156,13037200,0.0,0.0
2024-08-06 00:00:00-04:00,131.5089928389675,132.05508037930136,130.26206448493585,130.3621826171875,9692700,0.0,0.0
2024-08-07 00:00:00-04:00,131.5909050777022,132.63758328876656,129.4975347676371,129.61585998535156,8867900,0.0,0.0
2024-08-08 00:00:00-04:00,130.21654713800893,131.80932651751303,129.88888911013643,131.50897216796875,7531100,0.0,0.0
2024-08-09 00:00:00-04:00,131.25415724310406,132.98345539191357,130.32579031339534,131.96408081054688,7653100,0.0,0.0
2024-08-12 00:00:00-04:00,132.7377026024083,133.55685475951165,127.1402253579161,131.9913787841797,8442200,0.0,0.0
2024-08-13 00:00:00-04:00,131.1358199642705,131.56359616275628,130.1983565219555,131.19952392578125,7794800,0.0,0.0
2024-08-14 00:00:00-04:00,131.41796217409615,132.19160349573727,130.54420272715956,131.6728057861328,5874200,0.0,0.0
2024-08-15 00:00:00-04:00,132.51015081912067,134.2667663073062,132.41003269401233,133.6114501953125,6304200,0.0,0.0
2024-08-16 00:00:00-04:00,132.92884947240245,134.3577932216498,132.55568059910667,134.03924560546875,6874400,0.0,0.0
2024-08-19 00:00:00-04:00,134.37975450440837,135.9627512202568,134.26931744533,135.1344451904297,5967400,1.63,0.0
2024-08-20 00:00:00-04:00,134.67425359642834,134.8399091623433,133.0452369814256,133.16488647460938,7497600,0.0,0.0
2024-08-21 00:00:00-04:00,133.8459297919905,134.95955477877823,133.03603475405768,133.7447052001953,5985000,0.0,0.0
2024-08-22 00:00:00-04:00,133.77233302827153,134.67426842094895,133.5698557298422,134.12205505371094,4027000,0.0,0.0
2024-08-23 00:00:00-04:00,134.85832202527823,136.2940597913882,134.66505719550003,135.8614959716797,4824100,0.0,0.0
2024-08-26 00:00:00-04:00,137.10396578740202,138.13474897173882,135.79707595201285,136.67140197753906,5780300,0.0,0.0
2024-08-27 00:00:00-04:00,136.8278542176215,137.63776328669564,135.05159296965414,135.24485778808594,5100000,0.0,0.0
2024-08-28 00:00:00-04:00,134.7755143109977,135.41975391180773,133.8919756846225,134.3705596923828,5614400,0.0,0.0
2024-08-29 00:00:00-04:00,134.79391990947772,136.37690256254157,133.85516278871617,135.6774444580078,4466700,0.0,0.0
2024-08-30 00:00:00-04:00,134.57302711931052,136.28487167196488,134.09444314669506,136.16522216796875,6414800,0.0,0.0
2024-09-03 00:00:00-04:00,133.95640622590008,134.15888353454173,132.7875624975361,133.13729858398438,7944700,0.0,0.0
2024-09-04 00:00:00-04:00,133.1188992159403,133.93800692855646,130.38546935671496,130.7536163330078,9820700,0.0,0.0
2024-09-05 00:00:00-04:00,131.76595665298342,131.76595665298342,129.40067434926837,129.70437622070312,9371100,0.0,0.0
2024-09-06 00:00:00-04:00,129.8332484797508,130.7904023730332,126.88812933008732,127.5231704711914,7836400,0.0,0.0
2024-09-09 00:00:00-04:00,127.59679471415298,130.70756931790174,127.50475447817041,129.12457275390625,9892300,0.0,0.0
2024-09-10 00:00:00-04:00,129.67676680812266,129.84243641753397,126.17025022652325,127.21944427490234,8202500,0.0,0.0
2024-09-11 00:00:00-04:00,127.20105479915117,127.44953816254717,124.58726091165524,126.8973388671875,9534000,0.0,0.0
2024-09-12 00:00:00-04:00,127.21944955091288,128.3606838788903,126.47397138606512,128.12139892578125,6591500,0.0,0.0
2024-09-13 00:00:00-04:00,128.72882033845818,130.25659842268436,128.5815756173155,129.40988159179688,5900700,0.0,0.0
2024-09-16 00:00:00-04:00,130.4038702689882,131.76597886894018,129.8332600534752,130.77200317382812,6864300,0.0,0.0
2024-09-17 00:00:00-04:00,130.50511921106875,132.65872636521257,130.4499006753273,131.98687744140625,7338800,0.0,0.0
2024-09-18 00:00:00-04:00,131.9040361908302,134.00242459531225,131.78438668000723,132.49305725097656,6180300,0.0,0.0
2024-09-19 00:00:00-04:00,134.1956861534244,135.08842315062245,133.38577694935947,133.44100952148438,7247400,0.0,0.0
2024-09-20 00:00:00-04:00,133.66188154334893,134.28772429397182,132.0144679400095,134.07603454589844,23162900,0.0,0.0
2024-09-23 00:00:00-04:00,134.60067727039137,136.59782751460023,134.32457050834154,135.7879180908203,6960600,0.0,0.0
2024-09-24 00:00:00-04:00,137.021150007261,137.22362729954398,135.2080668266894,135.70504760742188,6014200,0.0,0.0
2024-09-25 00:00:00-04:00,135.24487077559326,135.66823620509228,132.06967920614022,132.5022430419922,7888400,0.0,0.0
2024-09-26 00:00:00-04:00,129.67677412597953,131.8119840534857,129.42829076289192,130.67996215820312,8046200,0.0,0.0
2024-09-27 00:00:00-04:00,131.5910909575105,134.15886462639958,131.46224305593182,133.9011688232422,8049200,0.0,0.0
2024-09-30 00:00:00-04:00,133.79073186622875,135.73266304445818,132.78755780915915,135.53939819335938,7491700,0.0,0.0
2024-10-01 00:00:00-04:00,134.6926666493041,138.5305084660013,133.86434667611036,137.77581787109375,9489100,0.0,0.0
2024-10-02 00:00:00-04:00,139.59810305757006,140.15031638772746,137.37086696777362,138.92625427246094,8105400,0.0,0.0
2024-10-03 00:00:00-04:00,139.2575805853344,140.04907887514895,138.07034017229682,139.20236206054688,6553300,0.0,0.0
2024-10-04 00:00:00-04:00,140.3344106649513,140.35282152450824,138.18080352803346,138.73301696777344,7892400,0.0,0.0
2024-10-07 00:00:00-04:00,139.43246925422565,140.58290216886448,138.68699097247898,139.08273315429688,5895900,0.0,0.0
2024-10-08 00:00:00-04:00,137.31567282486048,137.68381979145548,135.96276256478697,136.90151977539062,5892700,0.0,0.0
2024-10-09 00:00:00-04:00,135.7602721812501,138.3924630548107,135.62222585916646,137.7298126220703,4973500,0.0,0.0
2024-10-10 00:00:00-04:00,138.6777618612906,139.47847262317748,137.91388685590496,138.62254333496094,4420900,0.0,0.0
2024-10-11 00:00:00-04:00,138.4016566210941,140.19632878015616,138.28200712936746,139.3588104248047,5051300,0.0,0.0
2024-10-14 00:00:00-04:00,138.53050865846703,139.80057681640656,138.21758028947394,139.6901397705078,4214700,0.0,0.0
2024-10-15 00:00:00-04:00,136.9475459349217,138.0151511200247,135.8063113532559,135.9627685546875,6704600,0.0,0.0
2024-10-16 00:00:00-04:00,136.53336514974092,137.1591938284186,136.40451724275616,136.88308715820312,4303700,0.0,0.0
2024-10-17 00:00:00-04:00,137.37088275464254,139.27600632359378,137.10398850852786,139.15635681152344,6593100,0.0,0.0
2024-10-18 00:00:00-04:00,138.80661847381845,139.04590342649772,137.48131771941684,138.7421875,5208200,0.0,0.0
2024-10-21 00:00:00-04:00,139.89263023165688,140.33439250024503,138.5029124474685,138.86184692382812,5074000,0.0,0.0
2024-10-22 00:00:00-04:00,139.20238235581672,139.59812453673774,138.25442675977237,138.89866638183594,4416400,0.0,0.0
2024-10-23 00:00:00-04:00,138.38327631193076,138.9722974080845,137.3984989868304,138.49371337890625,5248600,0.0,0.0
2024-10-24 00:00:00-04:00,139.09193774344467,139.38644125039323,137.48133175398698,138.46609497070312,5474300,0.0,0.0
2024-10-25 00:00:00-04:00,139.33124217716167,140.0030911230108,138.47532675834486,138.7974395751953,6839900,0.0,0.0
2024-10-28 00:00:00-04:00,136.44133292329687,138.6961784496117,136.3585051303794,138.54891967773438,8892000,0.0,0.0
2024-10-29 00:00:00-04:00,138.08875084094117,138.43848692417976,136.09160108164107,136.68983459472656,6014700,0.0,0.0
2024-10-30 00:00:00-04:00,137.20521868414426,137.72980873663255,135.89832871293257,136.25726318359375,5784000,0.0,0.0
2024-10-31 00:00:00-04:00,136.91069455603778,137.65618676847583,136.1099978623509,136.96592712402344,8400900,0.0,0.0
2024-11-01 00:00:00-04:00,140.3343959141023,143.509587750428,139.61652694391978,140.87741088867188,11728000,0.0,0.0
2024-11-04 00:00:00-05:00,142.1198261046413,142.1198261046413,140.46320051380454,141.70567321777344,6130000,0.0,0.0
2024-11-05 00:00:00-05:00,142.22110619153864,142.3499541059839,140.39882453199297,141.19032287597656,5978900,0.0,0.0
2024-11-06 00:00:00-05:00,144.58640275335475,145.97612054736217,143.68445330926252,145.15701293945312,12118900,0.0,0.0
2024-11-07 00:00:00-05:00,145.35948774437392,145.4239046787779,143.94214666705662,144.28268432617188,8143200,0.0,0.0
2024-11-08 00:00:00-05:00,144.12624496011486,145.02818045680826,143.27031554652257,144.42994689941406,6041500,0.0,0.0
2024-11-11 00:00:00-05:00,144.62321601244963,145.35949585599283,143.48198155278916,144.03419494628906,7771700,0.0,0.0
2024-11-12 00:00:00-05:00,144.77045223500733,144.92690939533705,142.76409032502184,142.92054748535156,5681900,0.0,0.0
2024-11-13 00:00:00-05:00,143.63845004632182,146.35346875204038,142.2211089168943,146.07736206054688,8824000,0.0,0.0
2024-11-14 00:00:00-05:00,147.10813309295702,148.939627084769,146.96087433069334,148.91201782226562,10111200,0.0,0.0
2024-11-15 00:00:00-05:00,148.65434188530503,149.44584028408616,147.95486969271636,148.5623016357422,9022800,0.0,0.0
2024-11-18 00:00:00-05:00,149.27819774728187,150.17074928097935,147.89290215541206,149.46414184570312,6075400,1.63,0.0
2024-11-19 00:00:00-05:00,148.73892484740944,149.15730254495702,147.59535535767995,148.38563537597656,4657400,0.0,0.0
2024-11-20 00:00:00-05:00,148.67387332988076,150.09636622900356,148.55300328399937,149.9940948486328,6391300,0.0,0.0
2024-11-21 00:00:00-05:00,150.63560618603006,151.22132934615348,149.95688970319947,150.27301025390625,7945200,0.0,0.0
2024-11-22 00:00:00-05:00,150.1614258704315,151.18413957601018,149.8267208564806,150.9517059326172,7005900,0.0,0.0
2024-11-25 00:00:00-05:00,150.75645805342197,151.70479130722237,148.5994811822449,149.0922393798828,10702400,0.0,0.0
2024-11-26 00:00:00-05:00,150.90522897031633,151.49096634030747,150.05916703291246,151.10977172851562,7369500,0.0,0.0
2024-11-27 00:00:00-05:00,151.32360590297588,153.10869472122178,150.25441673453363,150.7192840576172,7674500,0.0,0.0
2024-11-29 00:00:00-05:00,150.84943226899043,151.31429954870995,149.37115772427194,150.55191040039062,5077000,0.0,0.0
2024-12-02 00:00:00-05:00,150.8866374095336,151.50026571302413,148.85982258401256,150.81227111816406,6229600,0.0,0.0
2024-12-03 00:00:00-05:00,151.52813415861348,151.7326768961252,150.0498596174706,150.54261779785156,5900100,0.0,0.0
2024-12-04 00:00:00-05:00,150.45896606032505,150.46825830000748,146.76791821896865,147.1956024169922,7862700,0.0,0.0
2024-12-05 00:00:00-05:00,148.0974157092234,149.38045397543465,147.53958347054925,148.13461303710938,6358400,0.0,0.0
2024-12-06 00:00:00-05:00,147.59537959185198,147.66976006821457,144.2669277544092,144.33201599121094,9701700,0.0,0.0
2024-12-09 00:00:00-05:00,145.96831363086417,148.83189753697263,145.80096823373236,146.04269409179688,9404500,0.0,0.0
2024-12-10 00:00:00-05:00,147.88358909510384,148.31127327024953,145.6894147842633,145.9683380126953,9126200,0.0,0.0
2024-12-11 00:00:00-05:00,145.83816272791634,146.12637816983616,144.85264637040086,145.2338409423828,13764700,0.0,0.0
2024-12-12 00:00:00-05:00,144.91773002975523,145.5313582809931,143.4301631564013,143.83924865722656,7621500,0.0,0.0
2024-12-13 00:00:00-05:00,143.98799265465428,144.07167955030982,142.314481727529,143.05825805664062,5816200,0.0,0.0
2024-12-16 00:00:00-05:00,143.07685461308085,143.07685461308085,138.76288670931487,138.8651580810547,11961200,0.0,0.0
2024-12-17 00:00:00-05:00,137.60073154823394,138.20505341078893,136.58732415986472,137.7030029296875,11909300,0.0,0.0
2024-12-18 00:00:00-05:00,137.37759363093582,138.223655609438,133.86319761352357,133.9561767578125,10174500,0.0,0.0
2024-12-19 00:00:00-05:00,134.41174539813488,134.58838306518282,131.0460963122691,131.23204040527344,16544300,0.0,0.0
2024-12-20 00:00:00-05:00,130.9252013903741,132.81256103515625,130.6741691370749,132.81256103515625,32209200,0.0,0.0
2024-12-23 00:00:00-05:00,132.4685735269605,133.27745222512988,131.5946207879173,132.9241485595703,8156500,0.0,0.0
2024-12-24 00:00:00-05:00,133.04502246631927,133.91896104420366,132.26403464671446,133.73301696777344,3556100,0.0,0.0
2024-12-26 00:00:00-05:00,133.57497422829,134.17000383132432,132.85907458215306,133.86318969726562,4492600,0.0,0.0
2024-12-27 00:00:00-05:00,134.15139167913003,135.47162722142338,133.31463626063973,133.88177490234375,5296500,0.0,0.0
2024-12-30 00:00:00-05:00,133.68654681392977,133.86319867750746,132.34774075725701,133.01715087890625,6194800,0.0,0.0
2024-12-31 00:00:00-05:00,133.4355080021805,135.1276175240665,133.24956392753487,134.66275024414062,6137800,0.0,0.0
2025-01-02 00:00:00-05:00,135.25779856460812,137.6658221906178,135.25779856460812,136.40138244628906,7170300,0.0,0.0
2025-01-03 00:00:00-05:00,137.17304353610888,138.06559503908252,136.9499163003341,137.46127319335938,5809000,0.0,0.0
2025-01-06 00:00:00-05:00,137.9726012853109,139.76699634047313,136.55010856142178,136.91270446777344,5888700,0.0,0.0
2025-01-07 00:00:00-05:00,138.07489483395844,139.92507198937525,137.2567379469725,139.07901000976562,7736000,0.0,0.0
2025-01-08 00:00:00-05:00,137.63791109870152,140.55727732703608,137.62861885940305,139.73912048339844,7640900,0.0,0.0
2025-01-10 00:00:00-05:00,142.63056413191026,143.49521035327,140.2690307050549,142.37953186035156,11074700,0.0,0.0
2025-01-13 00:00:00-05:00,143.2720667003726,146.29370328916949,143.17908759222308,144.43423461914062,11774100,0.0,0.0
2025-01-14 00:00:00-05:00,144.3040963232393,145.88464211769056,143.6067954562794,145.87533569335938,6830200,0.0,0.0
2025-01-15 00:00:00-05:00,145.8567674386872,147.53958478157043,145.39190014234933,147.2048797607422,7900000,0.0,0.0
2025-01-16 00:00:00-05:00,146.92597429974148,148.66457365841293,146.92597429974148,148.18112182617188,5578900,0.0,0.0
2025-01-17 00:00:00-05:00,147.94866164533306,150.4031602594104,147.6418475452455,150.12423706054688,9260400,0.0,0.0
2025-01-21 00:00:00-05:00,149.82671732501402,150.05915096292847,146.42389964778005,147.12120056152344,10131400,0.0,0.0
2025-01-22 00:00:00-05:00,146.60052182877092,147.3071290929194,145.28960703107495,145.41976928710938,7232200,0.0,0.0
2025-01-23 00:00:00-05:00,146.5540462811791,146.84226169158256,144.68527095229408,145.04786682128906,5979800,0.0,0.0
2025-01-24 00:00:00-05:00,145.46627746251764,146.40530427360363,144.35989105132919,144.7131805419922,8003800,0.0,0.0
2025-01-27 00:00:00-05:00,145.34540400290746,146.79578763203577,144.59232128675418,146.18215942382812,7141000,0.0,0.0
2025-01-28 00:00:00-05:00,146.62844277357416,147.7534136395594,144.27620129993784,145.2338409423828,6425400,0.0,0.0
2025-01-29 00:00:00-05:00,144.77827237266675,145.57784469240792,143.93221048581725,144.75038146972656,5630600,0.0,0.0
2025-01-30 00:00:00-05:00,145.55924783175473,146.38671106468857,144.59233008239215,145.33612060546875,6931900,0.0,0.0
2025-01-31 00:00:00-05:00,142.9559715718963,143.52311018419886,138.20502771079128,138.70709228515625,16726800,0.0,0.0
2025-02-03 00:00:00-05:00,138.53045126740727,140.25975813928414,137.41477261801464,138.8465576171875,7605000,0.0,0.0
2025-02-04 00:00:00-05:00,138.27011328832313,142.61197161656554,138.27011328832313,142.45391845703125,8458100,0.0,0.0
2025-02-05 00:00:00-05:00,142.24012756347656,142.99321045728448,141.58930187520266,142.24012756347656,6533700,0.0,0.0
2025-02-06 00:00:00-05:00,143.38367572069754,144.35059349342643,140.44571088619017,141.2266845703125,6420500,0.0,0.0
2025-02-07 00:00:00-05:00,141.76592537221123,143.00247407111803,141.24527627511867,141.89608764648438,4724900,0.0,0.0
2025-02-10 00:00:00-05:00,143.44876570604595,144.85267423225397,143.2349306897208,144.8247833251953,5653800,0.0,0.0
2025-02-11 00:00:00-05:00,145.363988473427,147.55816236615647,145.15013933329186,146.3773956298828,6011800,0.0,0.0
2025-02-12 00:00:00-05:00,145.7358836494139,146.40529362790082,143.70906923822264,144.015869140625,6693500,0.0,0.0
2025-02-13 00:00:00-05:00,143.9043187467587,145.4290829073333,142.54691418947675,144.92703247070312,7836400,0.0,0.0
2025-02-14 00:00:00-05:00,145.78247894949376,148.01038557318716,145.59447243316137,146.02688598632812,5828800,1.71,0.0
2025-02-18 00:00:00-05:00,146.02689931647558,147.8787930765553,145.50047528509882,146.79774475097656,5981500,0.0,0.0
2025-02-19 00:00:00-05:00,147.13614832605077,148.86583122089658,146.6473199100369,147.80357360839844,4945800,0.0,0.0
2025-02-20 00:00:00-05:00,148.0573806503479,149.42044573039703,147.65316738510975,149.27003479003906,6256200,0.0,0.0
2025-02-21 00:00:00-05:00,148.64962434166733,149.4204553587131,147.41816516908477,147.5121612548828,6689800,0.0,0.0
2025-02-24 00:00:00-05:00,147.6719404444546,148.8376035777292,147.35232799216118,148.42398071289062,5925000,0.0,0.0
2025-02-25 00:00:00-05:00,148.5180253978725,149.45807236435166,146.13970772019854,147.04214477539062,6810900,0.0,0.0
2025-02-26 00:00:00-05:00,147.23014790831525,147.29595807956238,145.14324254328696,145.83888244628906,6005200,0.0,0.0
2025-02-27 00:00:00-05:00,146.3558882811915,148.80000134969845,145.52864250884795,147.27713012695312,7517200,0.0,0.0
2025-02-28 00:00:00-05:00,147.30534122835604,149.1572347043451,145.63205895217968,149.1102294921875,8828500,0.0,0.0
2025-03-03 00:00:00-05:00,149.8998661784705,150.49208589726425,142.66149448143608,143.91175842285156,9059800,0.0,0.0
2025-03-04 00:00:00-05:00,142.14449998758593,144.90822586211635,141.05404212624663,142.8871307373047,8826300,0.0,0.0
2025-03-05 00:00:00-05:00,141.1480439633037,142.29490239110893,138.88254171268474,141.7684783935547,9288300,0.0,0.0
2025-03-06 00:00:00-05:00,141.4864349411557,144.13737373175897,140.50879260650672,143.7801513671875,7314700,0.0,0.0
2025-03-07 00:00:00-05:00,144.72023763135354,148.01040224162003,144.49463552393922,146.96694946289062,8562600,0.0,0.0
2025-03-10 00:00:00-04:00,147.76597704468074,150.755319352929,146.80712517389384,148.12319946289062,11750300,0.0,0.0
2025-03-11 00:00:00-04:00,148.93163342578228,149.3170561230708,144.56981609231084,144.84243774414062,10466300,0.0,0.0
2025-03-12 00:00:00-04:00,144.42881447286427,145.50986274011296,143.09394950990446,143.5169677734375,9710200,0.0,0.0
2025-03-13 00:00:00-04:00,143.13152007634739,145.17141990354781,142.8119076080802,144.4005889892578,9022800,0.0,0.0
2025-03-14 00:00:00-04:00,144.75782964850285,147.8129821231777,143.8365733438601,147.60617065429688,6671500,0.0,0.0
2025-03-17 00:00:00-04:00,147.79418371500563,149.89048441263077,147.36175580347046,149.20425415039062,7615200,0.0,0.0
2025-03-18 00:00:00-04:00,150.16308739372315,151.43214202140734,149.29824602215257,151.16893005371094,9289500,0.0,0.0
2025-03-19 00:00:00-04:00,151.3193450949412,154.6753049460832,151.25353492924393,154.21469116210938,11503900,0.0,0.0
2025-03-20 00:00:00-04:00,153.34984899061942,155.3991442620311,152.67301410333303,154.8915252685547,9545900,0.0,0.0
2025-03-21 00:00:00-04:00,154.62831941078954,155.0043324323863,153.33105010151925,154.8727264404297,21625500,0.0,0.0
2025-03-24 00:00:00-04:00,154.81633917232574,156.452011734644,154.46852638038058,155.12655639648438,8068000,0.0,0.0
2025-03-25 00:00:00-04:00,156.12300004293937,157.75868690884093,155.21115334886514,155.99139404296875,7869200,0.0,0.0
2025-03-26 00:00:00-04:00,157.33563960389327,158.83032502445533,157.22283856987983,157.89967346191406,10076100,0.0,0.0
2025-03-27 00:00:00-04:00,157.22283205241297,158.13467862349364,155.90677223022243,156.65879821777344,6862700,0.0,0.0
2025-03-28 00:00:00-04:00,156.70581443326978,157.11004205674436,155.38975451865377,156.13238525390625,4923000,0.0,0.0
2025-03-31 00:00:00-04:00,156.22639404505597,158.79271802367322,156.1699935270169,157.26043701171875,10675300,0.0,0.0
2025-04-01 00:00:00-04:00,157.26042930712578,158.49190271454646,156.19818613348548,158.40728759765625,6378600,0.0,0.0
2025-04-02 00:00:00-04:00,157.36384549751207,157.90907442139607,155.90678427607267,156.48960876464844,7044900,0.0,0.0
2025-04-03 00:00:00-04:00,150.52030415509415,151.6765721629761,146.45930902978097,146.76011657714844,15501000,0.0,0.0
2025-04-04 00:00:00-04:00,142.66152028484208,143.3195646264853,134.19170241037324,134.68992614746094,20374700,0.0,0.0
2025-04-07 00:00:00-04:00,130.41269380521265,137.42544952727795,129.05902406360397,131.74755859375,17817000,0.0,0.0
2025-04-08 00:00:00-04:00,135.50775115009301,135.8273779886769,126.78411730685359,128.72061157226562,12904400,0.0,0.0
2025-04-09 00:00:00-04:00,126.92514317818494,138.62872483438778,125.85349022917312,137.27505493164062,16846800,0.0,0.0
2025-04-10 00:00:00-04:00,134.6335029515438,135.0189255795445,125.44924176007814,126.88751220703125,20991200,0.0,0.0
2025-04-11 00:00:00-04:00,126.9157116527195,128.8992109486689,124.12377154553063,127.49855041503906,17224400,0.0,0.0
2025-04-14 00:00:00-04:00,130.17769062118975,130.2340911401211,126.06029495545063,127.2071533203125,9628200,0.0,0.0
2025-04-15 00:00:00-04:00,126.26709510901782,128.43860095720106,126.20128494684205,126.47389221191406,9334800,0.0,0.0
2025-04-16 00:00:00-04:00,127.28236180510633,129.30347152092375,126.71834219490884,127.24476623535156,8637200,0.0,0.0
2025-04-17 00:00:00-04:00,128.4949997052365,131.8321687222957,128.2693833088465,129.604248046875,8434400,0.0,0.0
2025-04-21 00:00:00-04:00,127.86517873475958,128.11898106092644,124.39640350404423,125.71246337890625,9967500,0.0,0.0
2025-04-22 00:00:00-04:00,127.15073205793308,129.95208200500227,126.84992452411302,129.0684356689453,7984700,0.0,0.0
2025-04-23 00:00:00-04:00,128.9838337267107,130.24349305462923,127.04732517987931,128.485595703125,10002000,0.0,0.0
2025-04-24 00:00:00-04:00,129.6512677721621,131.04253317906685,128.99323780565155,130.73233032226562,7745800,0.0,0.0
2025-04-25 00:00:00-04:00,130.036676224668,130.71351107161817,129.02142395424278,130.41268920898438,6878500,0.0,0.0
2025-04-28 00:00:00-04:00,130.6383040565772,132.03897894289892,130.36568245380164,131.7005615234375,6715500,0.0,0.0
2025-04-29 00:00:00-04:00,130.37510293896156,131.6159573508123,130.2623019044234,130.9485321044922,7343800,0.0,0.0
2025-04-30 00:00:00-04:00,129.72647190234017,129.8674731994257,126.09789030290692,127.90277862548828,13858000,0.0,0.0
2025-05-01 00:00:00-04:00,127.30115381456922,129.67947140509332,127.01913686616389,128.09078979492188,10199800,0.0,0.0
2025-05-02 00:00:00-04:00,129.613678166125,131.39976163505028,127.17894566213435,130.19650268554688,12393200,0.0,0.0
2025-05-05 00:00:00-04:00,128.57022164042908,128.78642841634715,127.0755361318382,127.37635803222656,9665000,0.0,0.0
2025-05-06 00:00:00-04:00,128.175394946409,129.07783189831056,126.94392151233066,127.4703598022461,9916200,0.0,0.0
2025-05-07 00:00:00-04:00,127.91218261503667,128.12838937566067,126.54910319829291,127.64895629882812,8422100,0.0,0.0
2025-05-08 00:00:00-04:00,128.49499735853254,130.56309741708904,128.28818591827934,128.82400512695312,8669300,0.0,0.0
2025-05-09 00:00:00-04:00,130.5725116077257,131.01433480817624,129.44445817116213,130.18710327148438,5965700,0.0,0.0
2025-05-12 00:00:00-04:00,133.90966562478883,135.0941337891519,132.1423873704936,133.12942504882812,8028200,0.0,0.0
2025-05-13 00:00:00-04:00,133.04484370270765,134.64292064911294,132.47141448937643,133.81568908691406,8536800,0.0,0.0
2025-05-14 00:00:00-04:00,133.26105342153895,133.70287664534902,132.29280618909863,133.17645263671875,6453600,0.0,0.0
2025-05-15 00:00:00-04:00,131.60657807644645,133.9190999739975,131.14594988934658,133.7310791015625,7545400,0.0,0.0
2025-05-16 00:00:00-04:00,134.14467744079604,134.42669435368992,132.26458381347172,133.58065795898438,8200100,0.0,0.0
2025-05-19 00:00:00-04:00,132.70529016012816,132.7528679147301,130.469266362067,131.7728271484375,7713600,1.71,0.0
2025-05-20 00:00:00-04:00,131.58251601502738,132.0202110308136,130.38363500104435,130.61199951171875,6503900,0.0,0.0
2025-05-21 00:00:00-04:00,129.99352413928085,130.47879693351697,128.9183423304861,128.9849395751953,9073200,0.0,0.0
2025-05-22 00:00:00-04:00,128.44257462354463,129.39407154477448,127.28174721814898,128.72801208496094,8877600,0.0,0.0
2025-05-23 00:00:00-04:00,127.87169127193688,130.15527844344945,127.55769549508261,129.9174041748047,7025900,0.0,0.0
2025-05-27 00:00:00-04:00,130.71666566915846,131.27804542825706,129.7937123953288,131.14483642578125,8348900,0.0,0.0
2025-05-28 00:00:00-04:00,132.04874910647578,132.05825884950238,129.08008318871543,129.42262268066406,6876300,0.0,0.0
2025-05-29 00:00:00-04:00,129.87934819048758,131.24950627460885,129.4987551754285,131.22096252441406,7554300,0.0,0.0
2025-05-30 00:00:00-04:00,130.24091812842244,130.78326388586916,128.65191983036982,130.06964111328125,12858900,0.0,0.0
2025-06-02 00:00:00-04:00,131.7728090802149,131.96310555383764,129.81271329769882,131.15432739257812,9076600,0.0,0.0
2025-06-03 00:00:00-04:00,130.9735647184694,133.7709684024939,129.97450441876887,132.7814178466797,9001300,0.0,0.0
2025-06-04 00:00:00-04:00,132.65770981253843,133.80902756915543,130.66908456980104,130.70713806152344,8735600,0.0,0.0
2025-06-05 00:00:00-04:00,131.44930472148937,131.58251372072039,130.06963697544853,130.2599334716797,6342600,0.0,0.0
2025-06-06 00:00:00-04:00,131.39223996659175,133.79001688646247,131.39223996659175,133.409423828125,6563500,0.0,0.0
2025-06-09 00:00:00-04:00,133.73290250630083,135.24577920942122,132.91461452848304,133.93270874023438,7159500,0.0,0.0
2025-06-10 00:00:00-04:00,135.32189851812177,137.90997140518328,135.0269367841545,136.3970947265625,9841500,0.0,0.0
2025-06-11 00:00:00-04:00,137.19637165018992,138.08125700020082,135.69300446279112,137.75775146484375,9256700,0.0,0.0
2025-06-12 00:00:00-04:00,137.4913175838465,138.15736258535853,136.47320881684857,137.9385223388672,6999400,0.0,0.0
2025-06-13 00:00:00-04:00,139.94618127243842,140.44096378039524,137.52937074866998,138.8329315185547,14148000,0.0,0.0
2025-06-16 00:00:00-04:00,138.6616610183973,139.74636707454894,136.7681911810364,138.94711303710938,10105100,0.0,0.0
2025-06-17 00:00:00-04:00,140.18404590344218,142.70550698680384,139.39430170104995,141.6303253173828,11330300,0.0,0.0
2025-06-18 00:00:00-04:00,142.1917211634094,142.88630994315338,140.5361110733079,141.00234985351562,9841900,0.0,0.0
2025-06-20 00:00:00-04:00,141.31633076513455,142.629386680506,140.72639278473574,142.29637145996094,23705900,0.0,0.0
2025-06-23 00:00:00-04:00,144.7417316121986,144.77027536319162,139.22306014604985,139.7368621826172,10540600,0.0,0.0
2025-06-24 00:00:00-04:00,137.52935975286923,139.28963487929553,136.21630386333536,136.58738708496094,10778400,0.0,0.0
2025-06-25 00:00:00-04:00,136.45419022019502,137.2058664727989,135.59783419664345,136.2829132080078,7386100,0.0,0.0
2025-06-26 00:00:00-04:00,136.73012158363844,138.04319214327754,136.44466956823524,137.43423461914062,7415700,0.0,0.0
2025-06-27 00:00:00-04:00,137.53888180981696,137.65305679350544,135.65492198550322,136.81573486328125,9213500,0.0,0.0
2025-06-30 00:00:00-04:00,136.10212452683396,137.11072354279506,135.4931670274248,136.24485778808594,6980300,0.0,0.0
2025-07-01 00:00:00-04:00,136.387581096601,139.17547495037152,135.59783681771563,138.50942993164062,8508200,0.0,0.0
2025-07-02 00:00:00-04:00,139.87956750860434,140.83106450020583,138.4142685297625,140.80252075195312,8228700,0.0,0.0
2025-07-03 00:00:00-04:00,140.66932222037784,141.7540282907634,140.212607695661,141.17361450195312,5173300,0.0,0.0
2025-07-07 00:00:00-04:00,140.25064086914062,140.98329756626683,138.5189240162042,140.25064086914062,9460900,0.0,0.0
2025-07-08 00:00:00-04:00,140.17454314173057,145.80740356445312,140.1174411267899,145.80740356445312,14082100,0.0,0.0
2025-07-09 00:00:00-04:00,145.52196198941152,146.49249305124386,145.08426695566192,145.59808349609375,9495900,0.0,0.0
2025-07-10 00:00:00-04:00,145.3792207492011,147.7484535141997,144.32305849476703,146.69229125976562,8395100,0.0,0.0
2025-07-11 00:00:00-04:00,146.80646181855403,148.32886278534656,146.1213973540582,147.77699279785156,8333200,0.0,0.0
2025-07-14 00:00:00-04:00,147.38687504436732,147.38687504436732,143.8092516590696,144.2945098876953,10706300,0.0,0.0
2025-07-15 00:00:00-04:00,144.24693867852642,144.92249336031847,142.96241203083957,143.38107299804688,7346300,0.0,0.0
2025-07-16 00:00:00-04:00,143.44767620166965,144.13275517311752,141.98237727416202,142.64842224121094,7923400,0.0,0.0
2025-07-17 00:00:00-04:00,141.9253035598831,144.47530868666053,141.39246753450828,144.03762817382812,8359600,0.0,0.0
2025-07-18 00:00:00-04:00,147.5010692821188,148.34790103296075,139.42285451022545,142.76260375976562,45782600,0.0,0.0
2025-07-21 00:00:00-04:00,143.86633866072395,144.31354339718817,141.8967474866444,142.42005920410156,17982200,0.0,0.0
2025-07-22 00:00:00-04:00,142.0204372598678,143.61895977258837,141.27827075996998,142.76260375976562,26196500,0.0,0.0
2025-07-23 00:00:00-04:00,143.59040668046086,145.71224079114032,143.17174570392692,145.69320678710938,13162800,0.0,0.0
2025-07-24 00:00:00-04:00,145.28407439268972,148.4335270343379,144.81783565155806,148.2717742919922,15701000,0.0,0.0
2025-07-25 00:00:00-04:00,148.27177544052063,148.6238246754888,146.4924807422436,147.3297882080078,7875500,0.0,0.0
2025-07-28 00:00:00-04:00,147.86262915928637,148.956859429136,147.43445840964614,148.699951171875,8755400,0.0,0.0
2025-07-29 00:00:00-04:00,149.08054445799615,149.58485123015524,147.91020720171366,149.41357421875,6446000,0.0,0.0
2025-07-30 00:00:00-04:00,148.5667569662717,148.72850973141283,145.29360461150318,146.1118927001953,9191700,0.0,0.0
2025-07-31 00:00:00-04:00,144.6275584558838,146.46394088046262,143.80927037334618,144.28501892089844,10237100,0.0,0.0
2025-08-01 00:00:00-04:00,145.14133125533124,147.1489903022379,143.0575652326008,144.05662536621094,10706500,0.0,0.0
2025-08-04 00:00:00-04:00,143.91391682141145,144.7036610493521,142.5532831222537,143.71409606933594,10116600,0.0,0.0
2025-08-05 00:00:00-04:00,143.70459218487866,145.67419796353767,142.62939591815027,145.61709594726562,8604100,0.0,0.0
2025-08-06 00:00:00-04:00,146.98724713750215,147.63427262363976,144.8368692226064,145.3697052001953,7840900,0.0,0.0
2025-08-07 00:00:00-04:00,146.3307259977671,147.62476257594605,145.41729695357776,145.73129272460938,6510400,0.0,0.0
2025-08-08 00:00:00-04:00,146.52101497351308,148.1956443149664,146.05477625905195,147.4915313720703,6332800,0.0,0.0
2025-08-11 00:00:00-04:00,147.80554622620338,148.366925993483,145.56953690072444,146.00721740722656,6169700,0.0,0.0
2025-08-12 00:00:00-04:00,146.61615849935433,148.48109887088893,145.92156980549763,146.94918823242188,6641600,0.0,0.0
2025-08-13 00:00:00-04:00,147.07288012062844,148.4430234359488,146.72081640133752,148.309814453125,6581900,0.0,0.0
2025-08-14 00:00:00-04:00,148.14807933322598,148.14807933322598,146.62569285125463,147.63427734375,7337300,0.0,0.0
2025-08-15 00:00:00-04:00,147.93873945465475,150.85031775406486,147.75795271393343,148.95684814453125,11617000,0.0,0.0
2025-08-18 00:00:00-04:00,148.5572244941557,148.89976397931213,147.2441540479408,147.78651428222656,8174300,0.0,0.0
2025-08-19 00:00:00-04:00,147.64220542752332,148.1040041028081,146.093241329697,146.237548828125,8567500,1.71,0.0
2025-08-20 00:00:00-04:00,146.64161122440635,147.67105355435203,146.17018230504144,147.41128540039062,8076300,0.0,0.0
2025-08-21 00:00:00-04:00,147.02645511541382,149.76840008942852,146.93985594420047,149.6529541015625,7533600,0.0,0.0
2025-08-22 00:00:00-04:00,149.43168213716015,152.77011772066336,149.43168213716015,152.18324279785156,9084300,0.0,0.0
2025-08-25 00:00:00-04:00,151.9138544810161,152.31794479898497,151.21153358797142,152.20248413085938,7030000,0.0,0.0
2025-08-26 00:00:00-04:00,151.53865564386928,153.93426289508758,150.6150582874753,151.39434814453125,10270000,0.0,0.0
2025-08-27 00:00:00-04:00,151.43282405725364,153.92464607526583,151.25003945297138,153.2030792236328,7483000,0.0,0.0
2025-08-28 00:00:00-04:00,152.9817845991191,153.47245944223368,151.86577238488942,153.28004455566406,6502000,0.0,0.0
2025-08-29 00:00:00-04:00,153.64563135923274,154.99256495147574,153.40510907636596,154.5115203857422,6934800,0.0,0.0
2025-09-02 00:00:00-04:00,154.39605905974747,155.723746753304,153.33776982776166,155.69488525390625,8947300,0.0,0.0
2025-09-03 00:00:00-04:00,153.93426537511755,155.71413619064356,151.06724379299433,152.06781005859375,9556100,0.0,0.0
2025-09-04 00:00:00-04:00,152.06782134474193,153.59753969716385,151.52905372479333,151.71185302734375,7243000,0.0,0.0
2025-09-05 00:00:00-04:00,150.14360238357898,150.77858462736793,147.67104136321916,147.8345947265625,11011700,0.0,0.0
2025-09-08 00:00:00-04:00,148.07514340574733,149.1526785473575,147.08419276366325,148.16172790527344,9462000,0.0,0.0
2025-09-09 00:00:00-04:00,149.0372304451587,151.03837759442493,148.7389851641222,148.97950744628906,7769200,0.0,0.0
2025-09-10 00:00:00-04:00,149.17191449619892,151.93310545265888,149.12380710623083,151.8080291748047,7440800,0.0,0.0
2025-09-11 00:00:00-04:00,150.56695431291962,152.8952083304336,150.09552533718602,152.2506103515625,6417400,0.0,0.0
2025-09-12 00:00:00-04:00,152.82786422421762,153.72260006886842,151.14420824614925,151.15382385253906,5546300,0.0,0.0
2025-09-15 00:00:00-04:00,151.41359046759698,152.3179565896314,150.56694734393668,151.3462371826172,5030500,0.0,0.0
2025-09-16 00:00:00-04:00,152.25061065286178,154.03048148364707,152.1255343634712,153.49169921875,8011000,0.0,0.0
2025-09-17 00:00:00-04:00,153.16458477733752,154.57885695640277,152.59695572051945,154.02084350585938,5736800,0.0,0.0
2025-09-18 00:00:00-04:00,153.96312574385072,154.21326363833322,152.09667044104503,152.8182373046875,6244200,0.0,0.0
2025-09-19 00:00:00-04:00,152.97217080660977,152.97217080660977,149.65296626290672,150.28794860839844,16734000,0.0,0.0
2025-09-22 00:00:00-04:00,149.72029675064744,151.16343035926153,149.2681137121899,150.13400268554688,5244000,0.0,0.0
2025-09-23 00:00:00-04:00,151.16342723294932,153.77069502459435,151.03836563873622,151.45205688476562,7181400,0.0,0.0
2025-09-24 00:00:00-04:00,152.31797258726215,154.40570443618088,152.2506192952084,153.14535522460938,6285200,0.0,0.0
2025-09-25 00:00:00-04:00,153.39548031674258,154.9059524898634,153.30889582561053,154.626953125,6311000,0.0,0.0
2025-09-26 00:00:00-04:00,154.48267115808272,155.18499216935675,153.46284426624948,154.0882110595703,7015200,0.0,0.0
2025-09-29 00:00:00-04:00,153.09724243177547,153.09724243177547,149.66257731502623,150.18211364746094,8315100,0.0,0.0
2025-09-30 00:00:00-04:00,149.01797176734672,149.8261230428178,148.09435982372705,149.40280151367188,7755700,0.0,0.0
2025-10-01 00:00:00-04:00,148.9602641075804,149.21040200040986,147.38243849672193,148.71974182128906,6768400,0.0,0.0
2025-10-02 00:00:00-04:00,148.12324676283893,150.66316144193732,147.5075103157943,147.55560302734375,7562400,0.0,0.0
2025-10-03 00:00:00-04:00,147.7576517829584,148.4311112444401,146.45882557271025,147.72879028320312,7249300,0.0,0.0
2025-10-06 00:00:00-04:00,148.13286184658662,148.7870753966262,147.12266534225859,148.18096923828125,4778900,0.0,0.0
2025-10-07 00:00:00-04:00,147.8249897396547,149.08533883813172,145.54484318711204,149.0372314453125,5479600,0.0,0.0
2025-10-08 00:00:00-04:00,148.50808114893135,148.81594204185663,147.0457015366692,147.91159057617188,5678000,0.0,0.0
2025-10-09 00:00:00-04:00,148.28681221266484,149.0949636125874,145.81423593680375,145.89120483398438,6178600,0.0,0.0
2025-10-10 00:00:00-04:00,144.9868138488109,145.61218052634322,143.24543505379498,143.2550506591797,7796600,0.0,0.0
2025-10-13 00:00:00-04:00,144.31336956718226,146.21830193498084,143.7649717162757,146.17982482910156,5978800,0.0,0.0
2025-10-14 00:00:00-04:00,144.13058572582338,147.64222023638678,143.986278212921,146.61277770996094,6419400,0.0,0.0
2025-10-15 00:00:00-04:00,147.10341243366625,148.3637614425702,145.31392618230214,146.34336853027344,5824900,0.0,0.0
2025-10-16 00:00:00-04:00,146.37221782900147,146.93984680780056,144.53462434138453,145.95852661132812,5276800,0.0,0.0
2025-10-17 00:00:00-04:00,146.4876911652649,148.3445308898529,146.4299681641416,147.276611328125,7735500,0.0,0.0
2025-10-20 00:00:00-04:00,147.6133385625607,148.85444184862118,147.3728162631259,148.62353515625,5676500,0.0,0.0
2025-10-21 00:00:00-04:00,148.87366737758083,149.40280461970002,147.40167228082993,147.9596710205078,6304900,0.0,0.0
2025-10-22 00:00:00-04:00,148.787075788727,150.06665607353926,147.78650956829,149.67221069335938,6036700,0.0,0.0
2025-10-23 00:00:00-04:00,152.20250523230123,152.57771942502328,150.20135797767853,150.6246795654297,9810900,0.0,0.0
2025-10-24 00:00:00-04:00,151.45206876268935,151.65411393890074,149.5375061131246,149.66258239746094,4979900,0.0,0.0
2025-10-27 00:00:00-04:00,149.89349420952541,150.56695368611585,148.998743656093,149.39320373535156,4884400,0.0,0.0
2025-10-28 00:00:00-04:00,149.0275869339393,150.30716712315646,148.05588228512644,148.2867889404297,5066500,0.0,0.0
2025-10-29 00:00:00-04:00,148.02703591775182,150.23021359273608,148.02703591775182,149.22003173828125,7344400,0.0,0.0
2025-10-30 00:00:00-04:00,149.34508477106124,149.34508477106124,147.4305368845306,147.69992065429688,8971200,0.0,0.0
2025-10-31 00:00:00-04:00,149.8261446348409,153.1453493862585,149.2296540379802,151.74070739746094,11136100,0.0,0.0
2025-11-03 00:00:00-05:00,151.44244549227744,151.74069075800304,147.74802695112896,148.2001953125,8512200,0.0,0.0
2025-11-04 00:00:00-05:00,147.6133214644652,147.93081262458196,146.3818486084263,147.57484436035156,6976800,0.0,0.0
2025-11-05 00:00:00-05:00,147.70954090998572,148.54655374379956,146.87252807617188,146.87252807617188,5894700,0.0,0.0
2025-11-06 00:00:00-05:00,147.11304524020946,148.92176273407097,146.89175418123983,147.14190673828125,6466300,0.0,0.0
2025-11-07 00:00:00-05:00,147.61333347750156,150.24946307340983,147.61333347750156,149.14306640625,9835900,0.0,0.0
2025-11-10 00:00:00-05:00,149.52788438671436,150.06665192747334,146.59350973045798,149.74916076660156,8436800,0.0,0.0
2025-11-11 00:00:00-05:00,150.80746312386194,152.0004588666608,149.9896815346371,150.31680297851562,6361400,0.0,0.0
2025-11-12 00:00:00-05:00,149.6818233974292,149.88385388672117,146.314511559627,147.50750732421875,11670900,0.0,0.0
2025-11-13 00:00:00-05:00,148.1617211929552,150.2783142739345,148.09436790949832,149.68182373046875,7998700,0.0,0.0
2025-11-14 00:00:00-05:00,150.30716703268416,151.96196136057694,148.94100235366827,151.64447021484375,8484800,0.0,0.0
2025-11-17 00:00:00-05:00,151.74069026611625,151.90424364742543,148.58503927074207,148.9506378173828,8745000,0.0,0.0
2025-11-18 00:00:00-05:00,148.3572229936708,150.0888667695961,147.63732030536994,149.44679260253906,10813400,1.71,0.0
2025-11-19 00:00:00-05:00,147.05362502455012,147.8318953734624,146.16834231710902,147.57894897460938,7539900,0.0,0.0
2025-11-20 00:00:00-05:00,148.3961003586195,148.8825173865797,145.97375305971028,146.2266845703125,7623400,0.0,0.0
2025-11-21 00:00:00-05:00,146.35318043258204,146.90768821138548,144.70908824815808,145.90567016601562,9248400,0.0,0.0
2025-11-24 00:00:00-05:00,145.75002079957068,146.0418591717995,143.7265239679138,145.68191528320312,14181100,0.0,0.0
2025-11-25 00:00:00-05:00,144.85500004026866,145.8278341972732,144.2421246154602,144.49505615234375,11447900,0.0,0.0
2025-11-26 00:00:00-05:00,144.2323977628499,146.37264494674568,144.1740300840659,145.4484405517578,7578900,0.0,0.0
2025-11-28 00:00:00-05:00,145.39981316800797,147.40384934284572,145.205234443083,147.02444458007812,3848600,0.0,0.0
2025-12-01 00:00:00-05:00,147.62757051938604,149.76780251028592,147.3843620012322,148.39610290527344,8209000,0.0,0.0
2025-12-02 00:00:00-05:00,147.89025560905304,148.3183050216261,145.20522378264818,146.1683349609375,9196300,0.0,0.0
2025-12-03 00:00:00-05:00,146.93687728530512,148.35722180918773,146.8785096059064,147.47193908691406,8060200,0.0,0.0
2025-12-04 00:00:00-05:00,147.6275934104798,148.78526851148408,147.11199245958628,148.1237335205078,7254700,0.0,0.0
2025-12-05 00:00:00-05:00,147.87079345703125,148.48368373271077,145.7597450949112,145.9251251220703,12659800,0.0,0.0
2025-12-08 00:00:00-05:00,145.19550521406066,145.99323638805848,143.64870238948086,144.67018127441406,10237200,0.0,0.0
2025-12-09 00:00:00-05:00,145.00093098146814,146.02240979341687,144.1934768670428,144.45614624023438,8916700,0.0,0.0
2025-12-10 00:00:00-05:00,145.12739827801954,147.67623396641693,144.6604420201941,147.2968292236328,10976300,0.0,0.0
2025-12-11 00:00:00-05:00,146.73257692568487,147.81242342816253,146.02241215112943,146.6255645751953,8414200,0.0,0.0
2025-12-12 00:00:00-05:00,147.043866273626,147.43300881488562,145.56516914964985,145.91539001464844,5848100,0.0,0.0
2025-12-15 00:00:00-05:00,145.76946713769934,146.02241351992083,144.39776740791288,145.73056030273438,7503000,0.0,0.0
2025-12-16 00:00:00-05:00,144.50476363944477,144.7771708308965,142.5104657070619,142.76339721679688,11290500,0.0,0.0
2025-12-17 00:00:00-05:00,143.49304639286095,145.798658727108,143.3471271986448,145.4581756591797,8805300,0.0,0.0
2025-12-18 00:00:00-05:00,144.80637821000272,145.21496679721116,143.0844575005534,143.67788696289062,6998800,0.0,0.0
2025-12-19 00:00:00-05:00,143.94053826232437,144.9620021798076,143.19145185780252,143.73623657226562,21701400,0.0,0.0
2025-12-22 00:00:00-05:00,144.76744913930045,146.40181824898184,144.6604367878078,145.73056030273438,8143600,0.0,0.0
2025-12-23 00:00:00-05:00,145.96403140391342,146.9757872470493,145.77920538198077,146.4212646484375,4663700,0.0,0.0
2025-12-24 00:00:00-05:00,146.29482469442874,146.88825420272286,146.02243228186157,146.41156005859375,2227600,0.0,0.0
2025-12-26 00:00:00-05:00,146.29480095806983,147.03414955161077,145.58462135656427,145.944580078125,3706900,0.0,0.0
2025-12-29 00:00:00-05:00,146.89795236739613,147.52056561147387,146.01266975408024,146.8882293701172,5589100,0.0,0.0
2025-12-30 00:00:00-05:00,147.3843700146707,148.5225841602042,147.3551861784471,148.17236328125,5150500,0.0,0.0
2025-12-31 00:00:00-05:00,148.2501924813161,148.4058495047457,147.54975072015372,148.2696533203125,4953100,0.0,0.0
2026-01-02 00:00:00-05:00,148.0361734117126,151.6648406982422,147.14116775938132,151.6648406982422,6862100,0.0,0.0
2026-01-05 00:00:00-05:00,161.2472743715493,161.2472743715493,154.9822195261624,159.39889526367188,35094900,0.0,0.0
2026-01-06 00:00:00-05:00,160.40089282849382,160.56627284590357,151.86913352625305,152.28744506835938,20564900,0.0,0.0
2026-01-07 00:00:00-05:00,153.16302550699535,153.71753330617227,150.69201821837032,150.98387145996094,13537900,0.0,0.0
2026-01-08 00:00:00-05:00,151.27571520363705,156.08151843470742,150.99359982251812,154.92384338378906,12929600,0.0,0.0
2026-01-09 00:00:00-05:00,156.1982654365711,158.2801301462191,155.59511294929922,157.70616149902344,12549600,0.0,0.0
2026-01-12 00:00:00-05:00,158.28012203027617,159.1167600395311,156.34419146454832,157.92990112304688,9796800,0.0,0.0
2026-01-13 00:00:00-05:00,159.02919199867196,161.61693427517466,158.8638119824809,159.41831970214844,12068600,0.0,0.0
2026-01-14 00:00:00-05:00,159.64209388997168,164.7689192990397,159.64209388997168,162.69679260253906,16414900,0.0,0.0
2026-01-15 00:00:00-05:00,161.26672868052776,162.7843476498229,160.61493155111367,161.64613342285156,8097400,0.0,0.0
2026-01-16 00:00:00-05:00,162.06442998028047,162.74541088488837,161.30562056596446,161.74339294433594,9745800,0.0,0.0
2026-01-20 00:00:00-05:00,162.18119378432615,163.0956454505688,160.66355998399743,160.8094940185547,11142500,0.0,0.0
2026-01-21 00:00:00-05:00,162.46330720099002,163.9030976233812,161.5488407015417,162.2006378173828,10918500,0.0,0.0
2026-01-22 00:00:00-05:00,161.74341050978427,163.0080979524137,161.22780956571003,162.13255310058594,8957400,0.0,0.0
2026-01-23 00:00:00-05:00,163.38749987066055,163.86419396953357,161.91852558204306,162.19091796875,8368700,0.0,0.0
2026-01-26 00:00:00-05:00,163.75716109217993,163.83498959923858,162.23954231521088,162.94970703125,8912600,0.0,0.0
2026-01-27 00:00:00-05:00,163.21238459694828,164.74946428906767,162.12280028758875,164.45761108398438,9784900,0.0,0.0
2026-01-28 00:00:00-05:00,165.34290412652973,165.79039953751808,163.6307064656447,165.31370544433594,9200200,0.0,0.0
2026-01-29 00:00:00-05:00,167.95981937104128,170.1681571703616,166.3935557089409,166.53948974609375,16786600,0.0,0.0
2026-01-30 00:00:00-05:00,167.93063125239942,172.4835029297801,166.61731401712788,172.0943603515625,22946600,0.0,0.0
2026-02-02 00:00:00-05:00,168.7283690209118,171.48149163713967,167.95982167646466,169.30233764648438,14235300,0.0,0.0
2026-02-03 00:00:00-05:00,169.15642054584265,173.96222401381002,169.02994734586278,173.20339965820312,18425400,0.0,0.0
2026-02-04 00:00:00-05:00,174.02058078862206,177.62978724049168,174.02058078862206,176.30673217773438,16170500,0.0,0.0
2026-02-05 00:00:00-05:00,174.75993430841768,175.55766547408115,172.59051820856862,174.36106872558594,10474100,0.0,0.0
2026-02-06 00:00:00-05:00,175.4020078299674,177.15311234485614,174.63346050530458,175.94679260253906,9901800,0.0,0.0
2026-02-09 00:00:00-05:00,176.09270874664264,177.85355107331895,175.0615068957937,177.6395263671875,12021300,0.0,0.0
2026-02-10 00:00:00-05:00,177.76597957465023,177.98000427459178,175.94678446941796,177.30874633789062,7458200,0.0,0.0
2026-02-11 00:00:00-05:00,178.94310089289004,181.45301457034213,178.56369620003505,180.77203369140625,10502100,0.0,0.0
2026-02-12 00:00:00-05:00,180.7526069097381,180.7526069097381,177.14338530494985,177.44496154785156,9673700,0.0,0.0
2026-02-13 00:00:00-05:00,177.58113757039774,179.818659063599,176.78342129378183,178.74855041503906,9034700,0.0,0.0
2026-02-17 00:00:00-05:00,180.06489844497997,180.55607382808714,175.58538134936003,177.36343383789062,9849000,1.78,0.0
2026-02-18 00:00:00-05:00,179.9961282570712,180.67395268995355,178.76818978865634,180.6248321533203,10313400,0.0,0.0
2026-02-19 00:00:00-05:00,182.0197617911052,184.58369781887117,181.4794808763685,181.51876831054688,10773300,0.0,0.0
2026-02-20 00:00:00-05:00,181.33211667244873,181.62682488775127,179.10219131983723,180.6837615966797,9566200,0.0,0.0
2026-02-23 00:00:00-05:00,181.41073003310376,183.33614429832264,180.8016773015223,181.64649963378906,7047200,0.0,0.0
2026-02-24 00:00:00-05:00,182.01977289478572,182.67796112065682,180.60520033583146,182.0688934326172,7451800,0.0,0.0
2026-02-25 00:00:00-05:00,182.56006188394954,182.6975903909533,179.2888320500569,180.96865844726562,9440700,0.0,0.0
2026-02-26 00:00:00-05:00,179.67195738841625,182.97265671391656,178.55207806312956,180.90972900390625,7133800,0.0,0.0
2026-02-27 00:00:00-05:00,182.7172554310416,184.23990222419712,180.52661726459598,183.46383666992188,12035500,0.0,0.0
2026-03-02 00:00:00-05:00,186.9708350525315,188.0612450721272,183.9157233752487,186.25372314453125,15809100,0.0,0.0
2026-03-03 00:00:00-05:00,187.15746829743452,188.17910647775176,184.11217498948952,185.4383544921875,14004200,0.0,0.0
2026-03-04 00:00:00-05:00,184.14165570704438,185.13383961502186,180.89989504723084,182.74671936035156,11054400,0.0,0.0
2026-03-05 00:00:00-05:00,183.3066554050554,186.61717262615517,183.19859622329486,186.54840087890625,13567200,0.0,0.0
2026-03-06 00:00:00-05:00,187.51113497529636,189.0141305760818,184.7998370370289,186.5877227783203,13073100,0.0,0.0
2026-03-09 00:00:00-04:00,187.62899185993876,188.26751384691508,184.78999881305094,186.09652709960938,15987500,0.0,0.0
2026-03-10 00:00:00-04:00,185.30083319844417,185.8411141381038,182.36359895781828,183.0021209716797,11999600,0.0,0.0
2026-03-11 00:00:00-04:00,183.29683847671672,188.47383156776982,183.19861238702967,188.40505981445312,11371700,0.0,0.0
2026-03-12 00:00:00-04:00,189.18111769906702,195.36993069889576,188.38541595427884,193.49363708496094,27151800,0.0,0.0
2026-03-13 00:00:00-04:00,192.54076333946207,194.1419999944813,191.2538861460719,193.34629821777344,13017000,0.0,0.0
2026-03-16 00:00:00-04:00,193.13016643013384,194.34827178568756,192.12816445259523,193.3659210205078,12683900,0.0,0.0
2026-03-17 00:00:00-04:00,194.00447371640337,197.03993422905617,192.9926535455191,194.4759979248047,14018600,0.0,0.0
2026-03-18 00:00:00-04:00,195.7039251318559,197.1872694251227,195.00644947719087,195.1046905517578,13305000,0.0,0.0
2026-03-19 00:00:00-04:00,196.2638473956523,198.86708584565213,195.4877969078228,197.88473510742188,16918400,0.0,0.0
2026-03-20 00:00:00-04:00,197.8454391462758,201.46049777557772,197.45250483394182,198.16961669921875,35849500,0.0,0.0
2026-03-23 00:00:00-04:00,195.1243410995613,201.7355576814351,193.88656951796344,201.5882110595703,15735700,0.0,0.0
2026-03-24 00:00:00-04:00,202.41338980942962,206.08737228932236,202.17762021600709,203.14031982421875,16695500,0.0,0.0
2026-03-25 00:00:00-04:00,202.36427055696998,203.58239097983784,201.00862161776897,201.52926635742188,8865000,0.0,0.0
2026-03-26 00:00:00-04:00,202.39373339968216,205.51761672702105,201.53909300337904,204.12266540527344,11085600,0.0,0.0
2026-03-27 00:00:00-04:00,204.47631789118194,208.71026253112518,202.60985732254963,207.42337036132812,13907800,0.0,0.0
2026-03-30 00:00:00-04:00,209.49611708281097,210.92053767232753,206.5785341347885,206.9911346435547,10409000,0.0,0.0
2026-03-31 00:00:00-04:00,207.17778592387708,209.3389697609992,198.39558201546177,203.24838256835938,17403900,0.0,0.0
2026-04-01 00:00:00-04:00,198.4250412139038,201.16579331911703,191.4699958308832,193.92587280273438,23051900,0.0,0.0
2026-04-02 00:00:00-04:00,198.93585880708252,201.85344193643624,194.54474945035759,195.45834350585938,11528000,0.0,0.0
2026-04-06 00:00:00-04:00,194.99663387400517,196.2442235875341,192.88458564899707,195.35028076171875,8245700,0.0,0.0
2026-04-07 00:00:00-04:00,196.44068824898596,201.0086134167756,195.7235763708982,197.98297119140625,11672600,0.0,0.0
2026-04-08 00:00:00-04:00,188.0317665211894,189.7606984989148,185.27136322588763,189.4856414794922,17195400,0.0,0.0
2026-04-09 00:00:00-04:00,190.8805879683656,193.19893653390335,185.92954636525124,187.00030517578125,11634000,0.0,0.0
2026-04-10 00:00:00-04:00,186.36177477540426,187.58971326164664,183.17895282285,185.2222442626953,11151400,0.0,0.0
2026-04-13 00:00:00-04:00,188.0710555951217,189.2105861080738,186.37159292685493,188.39523315429688,12000200,0.0,0.0
2026-04-14 00:00:00-04:00,185.27135423811555,185.8312863613901,181.34195130614688,183.71923828125,12111000,0.0,0.0
2026-04-15 00:00:00-04:00,183.07090537123722,183.9353789175989,180.79184419973262,181.64649963378906,8661600,0.0,0.0
2026-04-16 00:00:00-04:00,182.34395356288672,184.90788979073002,182.06889653372593,184.8292999267578,8013200,0.0,0.0
2026-04-17 00:00:00-04:00,178.6797789677757,181.04724789461181,174.60302931342582,180.7427215576172,15720600,0.0,0.0
2026-04-20 00:00:00-04:00,181.24371604346968,182.9824810936249,179.60319206555403,180.01577758789062,9661100,0.0,0.0
2026-04-21 00:00:00-04:00,180.7230815662459,183.0807175386048,179.1218449329075,182.69760131835938,9799000,0.0,0.0
2026-04-22 00:00:00-04:00,183.964831177037,186.07687931702083,182.8351188083967,183.03160095214844,8708300,0.0,0.0
2026-04-23 00:00:00-04:00,183.81747754554698,185.094536587933,182.2260740405874,184.2890167236328,6684700,0.0,0.0
2026-04-24 00:00:00-04:00,181.96084411035247,183.12984402249504,179.96667308004496,181.9412078857422,9626700,0.0,0.0
2026-04-27 00:00:00-04:00,182.90388644968678,185.04540386525113,180.42835839093416,181.51876831054688,10836600,0.0,0.0
2026-04-28 00:00:00-04:00,184.95700889152155,186.60736604314013,183.25754619110052,185.0355987548828,10754900,0.0,0.0
2026-04-29 00:00:00-04:00,186.7743593312861,189.2204031898196,186.15547354082176,188.8274688720703,8644600,0.0,0.0
2026-04-30 00:00:00-04:00,186.89223293606227,190.70375869875164,185.17311909827984,189.89822387695312,11748600,0.0,0.0
2026-05-01 00:00:00-04:00,187.9237219816454,190.66447427788046,186.40107515507725,187.2655487060547,10435900,0.0,0.0
2026-05-04 00:00:00-04:00,187.4816591032363,190.2911830346851,184.6524839584252,188.88641357421875,8229500,0.0,0.0
2026-05-05 00:00:00-04:00,187.8451149782872,190.25187136099336,187.08870069018533,189.24005126953125,5642800,0.0,0.0
2026-05-06 00:00:00-04:00,182.31447822671564,183.4834780568493,179.907721806167,181.89207458496094,11082900,0.0,0.0
2026-05-07 00:00:00-04:00,178.37526127340095,180.2024343733816,176.36143912183607,179.27902221679688,12194000,0.0,0.0
2026-05-08 00:00:00-04:00,178.82713632610137,179.50496078888713,177.5500922541974,178.41455078125,13053000,0.0,0.0
2026-05-11 00:00:00-04:00,179.77019639929262,181.9313651613874,179.77019639929262,181.4794921875,12042100,0.0,0.0
2026-05-12 00:00:00-04:00,183.20841725530693,183.5915334532052,181.40089544929887,182.66812133789062,8995100,0.0,0.0
2026-05-13 00:00:00-04:00,182.53060558239017,182.7270727507715,180.71326553800785,182.71725463867188,7554700,0.0,0.0
2026-05-14 00:00:00-04:00,182.90389241665417,184.25954127701567,181.9804802937693,183.345947265625,6222400,0.0,0.0
2026-05-15 00:00:00-04:00,185.27135701739738,188.12016819001704,184.58369950240112,187.72723388671875,11210800,0.0,0.0
2026-05-18 00:00:00-04:00,187.7959970030907,192.73722023231093,185.69376693135175,192.65863037109375,9869700,0.0,0.0
2026-05-19 00:00:00-04:00,193.24352165728013,197.14943647656602,191.79616157432926,195.54345703125,11819200,1.78,0.0
2026-05-20 00:00:00-04:00,194.55211470959853,196.47533293898638,189.6152041361591,189.6746826171875,14564900,0.0,0.0
2026-05-21 00:00:00-04:00,192.11338425290108,192.48019341746198,187.36483245647818,189.35743713378906,9051200,0.0,0.0
2026-05-22 00:00:00-04:00,188.72297690053614,190.3388795203656,188.1579162178831,189.7738037109375,7209600,0.0,0.0
2026-05-26 00:00:00-04:00,188.3561796606487,188.84194578014933,182.30894889451795,183.11195373535156,14264600,0.0,0.0
2026-05-27 00:00:00-04:00,180.2767004497806,182.13051699236496,179.10690155063838,180.82192993164062,9442800,0.0,0.0
2026-05-28 00:00:00-04:00,182.12061217118776,183.6571900134226,180.51461755677323,181.4464874267578,8725400,0.0,0.0
2026-05-29 00:00:00-04:00,181.13916907178498,181.3870061556587,178.83923367258456,180.8814239501953,13886500,0.0,0.0
2026-06-01 00:00:00-04:00,182.7848074875158,186.3140050749503,182.42792148840587,184.22225952148438,8850500,0.0,0.0
2026-06-02 00:00:00-04:00,183.28048518121938,186.81959087444886,183.28048518121938,185.92738342285156,6549800,0.0,0.0
2026-06-03 00:00:00-04:00,187.25578219104912,189.82337069065628,186.33383552103973,188.06869506835938,7983700,0.0,0.0
2026-06-04 00:00:00-04:00,187.36482933083468,188.45531851521605,186.04633427218252,186.720458984375,5163200,0.0,0.0
2026-06-05 00:00:00-04:00,187.42431270112647,187.9695573075498,184.97568111782311,185.689453125,6310900,0.0,0.0
2026-06-08 00:00:00-04:00,187.0674313622167,189.37727484209876,186.86916471678475,187.60276794433594,6113000,0.0,0.0
2026-06-09 00:00:00-04:00,186.86916237530232,187.7415537564023,183.86537811065833,185.1442108154297,8469900,0.0,0.0
2026-06-10 00:00:00-04:00,187.5531901308008,191.02290923322064,186.60148909264186,188.1579132080078,10041800,0.0,0.0
2026-06-11 00:00:00-04:00,190.1505234675948,190.58671915929676,183.9446882789702,184.2123565673828,9274100,0.0,0.0
2026-06-12 00:00:00-04:00,183.47875017070805,186.77001875032343,182.76497816514808,185.60023498535156,8703400,0.0,0.0
2026-06-15 00:00:00-04:00,177.35221089747452,180.09825001808318,176.22207440181367,178.8392333984375,10184900,0.0,0.0
2026-06-16 00:00:00-04:00,177.07462814408635,178.69053071035674,176.78714379345382,178.55174255371094,6663500,0.0,0.0
2026-06-17 00:00:00-04:00,177.4612610029066,178.5220109881872,175.56779716873388,176.04364013671875,8430000,0.0,0.0
2026-06-18 00:00:00-04:00,174.1204122250015,174.1204122250015,170.73991094170302,172.1278076171875,19146100,0.0,0.0
2026-06-22 00:00:00-04:00,172.57392352104563,173.93206592735817,171.364477317331,173.54544067382812,11108900,0.0,0.0
2026-06-23 00:00:00-04:00,174.2592071155141,174.87383823558957,173.18854911079316,174.4574737548828,6555300,0.0,0.0
2026-06-24 00:00:00-04:00,172.3855672448334,172.48470813242324,169.38178289752412,169.9666748046875,10634600,0.0,0.0
2026-06-25 00:00:00-04:00,168.74731948425116,171.27526083412147,167.80554156517903,170.74984741210938,7954200,0.0,0.0
2026-06-26 00:00:00-04:00,170.74984653515205,170.75975457308752,168.45981912291998,169.58004760742188,13102200,0.0,0.0
2026-06-29 00:00:00-04:00,169.8873552231953,170.11537622601344,166.91331029006062,167.012451171875,8813700,0.0,0.0
2026-06-30 00:00:00-04:00,168.231812140037,168.98524656793634,163.77074456051866,164.32589721679688,19428800,0.0,0.0
2026-07-01 00:00:00-04:00,163.3543696717164,166.021098986479,163.3543696717164,164.25650024414062,9175500,0.0,0.0
2026-07-02 00:00:00-04:00,166.8240911376383,168.08310771733343,165.9516997908543,167.7361297607422,9561800,0.0,0.0
2026-07-06 00:00:00-04:00,167.3990796858983,167.79561296737074,165.71379054947784,166.64566040039062,9974300,0.0,0.0
2026-07-07 00:00:00-04:00,168.6680034240702,173.09933164732058,168.52921526362996,172.5045166015625,9748900,0.0,0.0
2026-07-08 00:00:00-04:00,175.270391748575,177.03499060589527,173.4363912457271,174.44757080078125,9921800,0.0,0.0
2026-07-09 00:00:00-04:00,173.11915802206258,174.07084391660874,172.3954628736556,172.54417419433594,6582400,0.0,0.0
2026-07-10 00:00:00-04:00,173.45621947311395,174.89367153423836,172.0088442474984,174.87384033203125,5996600,0.0,0.0
2026-07-13 00:00:00-04:00,177.4711768935554,180.8021077864773,177.4711768935554,180.6236572265625,7685100,0.0,0.0
2026-07-14 00:00:00-04:00,181.1689097881995,181.77363288285085,179.06725614039013,180.18746948242188,6823300,0.0,0.0
2026-07-15 00:00:00-04:00,180.59393033258408,180.8219362216628,177.0349933228906,180.02886962890625,6665700,0.0,0.0
2026-07-16 00:00:00-04:00,180.99046969361547,183.2309114468484,180.3758234501959,182.26930236816406,6257600,0.0,0.0
2026-07-17 00:00:00-04:00,185.84806781461606,186.5221774006786,183.8951104450309,185.75885009765625,7058300,0.0,0.0
2026-07-20 00:00:00-04:00,184.67827052717857,188.703157383451,184.3213845295161,188.06869506835938,7767000,0.0,0.0
2026-07-21 00:00:00-04:00,188.85185534793104,189.60527462703973,187.68207158878008,189.41693115234375,6892400,0.0,0.0
2026-07-22 00:00:00-04:00,191.7267587657066,192.0241662866403,190.27939869155074,191.31039428710938,6142400,0.0,0.0
2026-07-23 00:00:00-04:00,194.60168530647266,195.9796589162297,192.34141226495422,192.73794555664062,8150000,0.0,0.0
2026-07-24 00:00:00-04:00,192.77760468776617,195.16674268877938,192.12331115349815,193.104736328125,6700400,0.0,0.0
2026-07-27 00:00:00-04:00,187.0376907964813,190.82464874253338,187.0376907964813,188.35618591308594,7369200,0.0,0.0
2026-07-28 00:00:00-04:00,189.8134672272052,190.30914139552678,185.11447066587763,185.95712280273438,7406800,0.0,0.0
2026-07-29 00:00:00-04:00,190.83455081810604,191.88537761271655,189.12943050455033,190.20008850097656,8101200,0.0,0.0
2026-07-30 00:00:00-04:00,188.26696452250857,191.44918418306943,187.67214947524624,190.6461944580078,6645000,0.0,0.0
2026-07-31 00:00:00-04:00,193.42197014392966,195.84086245030258,189.8828494022017,195.12709045410156,9958100,0.0,0.0
2026-08-03 00:00:00-04:00,193.68964546360823,194.16548843611125,190.15052459325534,191.5086669921875,9544100,0.0,0.0
2026-08-04 00:00:00-04:00,188.50487898184394,189.81346603887252,184.7278442631638,188.75271606445312,9455900,0.0,0.0
2026-08-05 00:00:00-04:00,189.53588489986126,189.72424349814156,184.65845305327434,184.7972412109375,8260600,0.0,0.0
2026-08-06 00:00:00-04:00,187.33508936043367,188.13807906271805,185.4019632018278,187.59283447265625,7182100,0.0,0.0
2026-08-07 00:00:00-04:00,184.59897527825967,186.12564501836846,184.2619053568443,184.94593811035156,7098800,0.0,0.0
2026-08-10 00:00:00-04:00,187.24587981009512,193.30301878907449,187.24587981009512,193.2237091064453,13667300,0.0,0.0
2026-08-11 00:00:00-04:00,192.56941920624195,195.7516541021881,192.56941920624195,194.9585723876953,6049800,0.0,0.0
2026-08-12 00:00:00-04:00,193.53102805055298,195.69216021451425,192.89656570522,194.8990936279297,7366200,0.0,0.0
2026-08-13 00:00:00-04:00,193.31292550662153,196.3861113987189,192.07374008670726,195.98956298828125,5908900,0.0,0.0
2026-08-14 00:00:00-04:00,197.14944011106155,199.88557121858932,196.64385790182394,198.26966857910156,7910500,0.0,0.0
2026-08-17 00:00:00-04:00,198.99334689273124,201.91782145332886,198.07140020275753,200.94630432128906,8357800,0.0,0.0
2026-08-18 00:00:00-04:00,203.2561427580939,204.43584966709753,201.94757085501675,203.9600067138672,7701600,0.0,0.0
2026-08-19 00:00:00-04:00,205.0500030517578,207.67999267578125,204.25999450683594,205.75999450683594,8689900,1.78,0.0
2026-08-20 00:00:00-04:00,208.89999389648438,208.97999572753906,205.52000427246094,205.77000427246094,8200600,0.0,0.0
2026-08-21 00:00:00-04:00,205.92999267578125,207.82000732421875,205.00999450683594,205.27000427246094,7359100,0.0,0.0
2026-08-24 00:00:00-04:00,203.6699981689453,205.3000030517578,201.75,203.08999633789062,5853900,0.0,0.0
2026-08-25 00:00:00-04:00,201.02999877929688,202.05999755859375,199.7899932861328,199.88999938964844,8176800,0.0,0.0
2026-08-26 00:00:00-04:00,198.72999572753906,202.38999938964844,198.1199951171875,200.2100067138672,6863100,0.0,0.0
2026-08-27 00:00:00-04:00,199.57000732421875,200.8800048828125,197.82000732421875,199.77000427246094,8112300,0.0,0.0
2026-08-28 00:00:00-04:00,199.97999572753906,202.24000549316406,199.55999755859375,201.86000061035156,5301000,0.0,0.0
2026-08-31 00:00:00-04:00,206.0800018310547,208.4199981689453,203.83999633789062,206.13999938964844,12067400,0.0,0.0
2026-09-01 00:00:00-04:00,209.0,211.0800018310547,207.8000030517578,211.0500030517578,8551500,0.0,0.0
2026-09-02 00:00:00-04:00,210.49000549316406,212.7899932861328,209.4600067138672,211.77999877929688,7595300,0.0,0.0
2026-09-03 00:00:00-04:00,212.3800048828125,213.1999969482422,211.1699981689453,211.32000732421875,6668200,0.0,0.0
2026-09-04 00:00:00-04:00,209.50999450683594,209.86000061035156,207.1199951171875,208.60000610351562,5458400,0.0,0.0
2026-09-08 00:00:00-04:00,211.25,213.30999755859375,209.17999267578125,209.8000030517578,7703900,0.0,0.0
2026-09-09 00:00:00-04:00,212.8800048828125,215.27999877929688,212.22999572753906,213.80999755859375,8384700,0.0,0.0
2026-09-10 00:00:00-04:00,217.39999389648438,217.39999389648438,211.33999633789062,212.75999450683594,9625200,0.0,0.0
2026-09-11 00:00:00-04:00,212.02000427246094,215.5500030517578,212.02000427246094,214.05999755859375,6570300,0.0,0.0
2026-09-14 00:00:00-04:00,217.0,217.64999389648438,211.27000427246094,212.1699981689453,9366000,0.0,0.0
2026-09-15 00:00:00-04:00,212.88999938964844,217.77999877929688,212.74000549316406,217.77000427246094,9557600,0.0,0.0
2026-09-16 00:00:00-04:00,215.08999633789062,215.27999877929688,210.3699951171875,211.5399932861328,8045100,0.0,0.0
2026-09-17 00:00:00-04:00,209.61000061035156,211.75,209.1699981689453,211.57000732421875,7387300,0.0,0.0
2026-09-18 00:00:00-04:00,211.08999633789062,211.89999389648438,207.30999755859375,209.50999450683594,47298700,0.0,0.0
2026-09-21 00:00:00-04:00,207.88999938964844,209.0,203.5,203.6699981689453,8464000,0.0,0.0
2026-09-23 00:00:00-04:00,204.4600067138672,207.0,203.47999572753906,205.50999450683594,8247575,0.0,0.0
