Date,Open,High,Low,Close,Volume,Dividends,Stock Splits
2021-09-24 00:00:00-04:00,21.973215656561944,22.051869687132683,21.765132553304515,21.984167098999023,217655000,0.0,0.0
2021-09-27 00:00:00-04:00,21.614793860062722,21.70340426569089,21.231483878149266,21.565013885498047,245215000,0.0,0.0
2021-09-28 00:00:00-04:00,21.1209676506168,21.325068556326013,20.560435036406435,20.608224868774414,343069000,0.0,0.0
2021-09-29 00:00:00-04:00,20.848174042522803,20.92483604642628,20.377246777573124,20.42702865600586,218394000,0.0,0.0
2021-09-30 00:00:00-04:00,20.676926507135207,20.973620032961403,20.59727740414024,20.625154495239258,221009000,0.0,0.0
2021-10-01 00:00:00-04:00,20.65900727941029,20.767528549150793,20.11440509795195,20.651042938232422,240978000,0.0,0.0
2021-10-04 00:00:00-04:00,20.4140815960762,20.451915057453423,19.469243927312622,19.64546775817871,345635000,0.0,0.0
2021-10-05 00:00:00-04:00,19.86251425727249,20.557453280437706,19.766934576510337,20.361316680908203,279282000,0.0,0.0
2021-10-06 00:00:00-04:00,20.031766035969262,20.62913326033317,19.991940541553486,20.609222412109375,297202000,0.0,0.0
2021-10-07 00:00:00-04:00,20.9995001152683,21.228492893748708,20.880027438567527,20.982576370239258,256919000,0.0,0.0
2021-10-08 00:00:00-04:00,21.00846910302151,21.11300820810894,20.683898444287028,20.739652633666992,151258000,0.0,0.0
2021-10-11 00:00:00-04:00,20.48477154135317,20.970630442278978,20.42105112712711,20.604244232177734,163388000,0.0,0.0
2021-10-12 00:00:00-04:00,20.73666197268602,20.964657828842242,20.437978323976292,20.580350875854492,162134000,0.0,0.0
2021-10-13 00:00:00-04:00,20.826267780379947,20.897952540851815,20.622166840732383,20.84717559814453,180652000,0.0,0.0
2021-10-14 00:00:00-04:00,21.194648710999132,21.659599896985824,21.029376283806112,21.6506404876709,243589000,0.0,0.0
2021-10-15 00:00:00-04:00,21.71435462616983,21.834824285475865,21.56700484536949,21.76612663269043,226994000,0.0,0.0
2021-10-18 00:00:00-04:00,21.653624540532604,22.19324752272249,21.5490835543678,22.124549865722656,189494000,0.0,0.0
2021-10-19 00:00:00-04:00,22.178310762287502,22.280859708119866,21.940360443621927,22.192251205444336,161473000,0.0,0.0
2021-10-20 00:00:00-04:00,22.207184914348492,22.334623846905142,21.88560143025834,22.006071090698242,146276000,0.0,0.0
2021-10-21 00:00:00-04:00,22.000097295285027,22.611405016436052,21.98615875079242,22.592487335205078,187590000,0.0,0.0
2021-10-22 00:00:00-04:00,22.72291561933294,23.02856856064082,22.46206541817937,22.626340866088867,249384000,0.0,0.0
2021-10-25 00:00:00-04:00,22.87225673076628,23.252581526641404,22.67014782202449,23.064411163330078,230235000,0.0,0.0
2021-10-26 00:00:00-04:00,23.88380198609397,25.148233144137606,23.81908649717466,24.60860824584961,485898000,0.0,0.0
2021-10-27 00:00:00-04:00,24.36667273808714,24.979970559191603,24.17551339728853,24.343772888183594,245990000,0.0,0.0
2021-10-28 00:00:00-04:00,24.76890724280116,24.84059201549282,24.41546441615892,24.83163070678711,234204000,0.0,0.0
2021-10-29 00:00:00-04:00,24.89136000637363,25.596255323739626,24.89036493868352,25.454877853393555,292503000,0.0,0.0
2021-11-01 00:00:00-04:00,25.536522381847643,25.78044692731383,25.11637208457716,25.713741302490234,265740000,0.0,0.0
2021-11-02 00:00:00-04:00,25.708761653173653,26.56100677962379,25.6868568702382,26.285221099853516,294112000,0.0,0.0
2021-11-03 00:00:00-04:00,26.55304424185898,26.666544637188032,26.11995237716791,26.481359481811523,239910000,0.0,0.0
2021-11-04 00:00:00-04:00,27.109591491333024,31.227453379184272,26.999078204026905,29.670312881469727,1153631000,0.0,0.0
2021-11-05 00:00:00-04:00,30.054622412775466,31.26230243845938,29.28102933486203,29.621530532836914,851260000,0.0,0.0
2021-11-08 00:00:00-05:00,30.016786509890455,30.963616262925747,29.775847185212836,30.668914794921875,503101000,0.0,0.0
2021-11-09 00:00:00-05:00,32.14043594172841,32.16831303240709,29.832600226347303,30.522560119628906,646746000,0.0,0.0
2021-11-10 00:00:00-05:00,29.227264049962503,30.714711794494157,28.65179777448314,29.329811096191406,636206000,0.0,0.0
2021-11-11 00:00:00-05:00,30.33438617562301,30.45585089909229,29.646416499206612,30.25672721862793,332172000,0.0,0.0
2021-11-12 00:00:00-05:00,29.87839450452663,30.54545636540284,29.500059891441172,30.25672721862793,413054000,0.0,0.0
2021-11-15 00:00:00-05:00,30.418020909460683,30.509616521619076,29.118743398652445,29.89333152770996,384909000,0.0,0.0
2021-11-16 00:00:00-05:00,29.628505270692653,30.256736904694574,29.575736282116683,30.070556640625,264484000,0.0,0.0
2021-11-17 00:00:00-05:00,30.28460270438273,30.375205132582746,28.673698329349342,29.13267707824707,428508000,0.0,0.0
2021-11-18 00:00:00-05:00,32.225063319518526,32.616337669436994,31.183648858814088,31.536096572875977,781711000,0.0,0.0
2021-11-19 00:00:00-05:00,32.10160442864808,32.94290005570085,31.765087317217567,32.84035110473633,533867000,0.0,0.0
2021-11-22 00:00:00-05:00,33.37002012110695,34.495065927789035,31.76011228365292,31.815866470336914,754335000,0.0,0.0
2021-11-23 00:00:00-05:00,31.39671157119762,32.218094514763855,30.744583214227514,31.606786727905273,532163000,0.0,0.0
2021-11-24 00:00:00-05:00,31.323035910804574,32.71092196803006,30.792372310199486,32.53071594238281,435162000,0.0,0.0
2021-11-26 00:00:00-05:00,32.45703857581968,32.56655680344716,31.212522066253175,31.364850997924805,283069000,0.0,0.0
2021-11-29 00:00:00-05:00,32.22406792574834,33.265478577950766,31.895513237231377,33.229637145996094,454964000,0.0,0.0
2021-11-30 00:00:00-05:00,33.02354533082021,33.20674036434526,31.72426963928221,32.53270721435547,622066000,0.0,0.0
2021-12-01 00:00:00-05:00,33.077378025602634,33.14707928825368,31.24621570117578,31.300981521606445,484368000,0.004,0.0
2021-12-02 00:00:00-05:00,31.08091667285877,32.339527421049986,30.892721414598597,31.98902702331543,472890000,0.0,0.0
2021-12-03 00:00:00-05:00,31.863568243842334,31.992019863861056,30.001540138937465,30.56214141845703,544325000,0.0,0.0
2021-12-06 00:00:00-05:00,29.752605337087843,30.112066268959172,27.918459673671148,29.908937454223633,658938000,0.0,0.0
2021-12-07 00:00:00-05:00,30.825023080342124,32.310662878163335,30.52032598088665,32.288753509521484,593053000,0.0,0.0
2021-12-08 00:00:00-05:00,31.862576105811538,32.15233582192908,31.28703933130742,31.6903133392334,475551000,0.0,0.0
2021-12-09 00:00:00-05:00,31.598708004869856,32.067702562935565,30.29827610494739,30.36001205444336,488507000,0.0,0.0
2021-12-10 00:00:00-05:00,31.017194834238797,31.171534691574287,29.733690792322534,30.06925392150879,488825000,0.0,0.0
2021-12-13 00:00:00-05:00,30.12003462160517,30.164842841094565,27.99612729686803,28.040935516357422,598344000,0.0,0.0
2021-12-14 00:00:00-05:00,27.580909846868153,28.555736152702433,27.13382466783278,28.216190338134766,667035000,0.0,0.0
2021-12-15 00:00:00-05:00,28.278921661014024,30.369969093174348,27.7193173668591,30.329143524169922,698297000,0.0,0.0
2021-12-16 00:00:00-05:00,31.01917866728396,31.02714398058523,27.973221209812102,28.265966415405273,707366000,0.0,0.0
2021-12-17 00:00:00-05:00,27.86569352805653,28.79869913534146,27.641652379691788,27.682477951049805,713758000,0.0,0.0
2021-12-20 00:00:00-05:00,27.188587940382853,28.02400974051841,27.02927023764738,27.60082244873047,461847000,0.0,0.0
2021-12-21 00:00:00-05:00,28.25303061151138,28.995850397906604,27.284177433595826,28.95104217529297,524385000,0.0,0.0
2021-12-22 00:00:00-05:00,28.767827479708327,29.428996155845503,28.327710555903725,29.274656295776367,395184000,0.0,0.0
2021-12-23 00:00:00-05:00,29.628141300237914,29.9308460734299,29.305523238717626,29.51363182067871,343022000,0.0,0.0
2021-12-27 00:00:00-05:00,29.53354885530447,30.95446509890773,29.51363366651382,30.81307029724121,403686000,0.0,0.0
2021-12-28 00:00:00-05:00,31.17850318637374,31.19642609485194,29.884044529382255,30.192724227905273,420591000,0.0,0.0
2021-12-29 00:00:00-05:00,30.143934262767104,30.41776144298987,29.240799693853926,29.873092651367188,343139000,0.0,0.0
2021-12-30 00:00:00-05:00,29.699835409860693,30.32715053513794,29.41406024985419,29.459863662719727,308864000,0.0,0.0
2021-12-31 00:00:00-05:00,29.547489426670328,29.901972573947273,29.205951342168785,29.28561019897461,266530000,0.0,0.0
2022-01-03 00:00:00-05:00,29.687889053615017,30.580069009930835,29.658016270092954,29.992584228515625,391547000,0.0,0.0
2022-01-04 00:00:00-05:00,30.14791442477698,30.338100081012925,28.22813495488004,29.165122985839844,527154000,0.0,0.0
2022-01-05 00:00:00-05:00,28.82557789334784,29.290587837147367,27.41561641931234,27.486312866210938,498064000,0.0,0.0
2022-01-06 00:00:00-05:00,27.522160621764158,28.316758809179447,26.949613182894534,28.0578670501709,454186000,0.0,0.0
2022-01-07 00:00:00-05:00,28.021028032592206,28.300830190157978,26.941647883892415,27.13083839416504,409939000,0.0,0.0
2022-01-10 00:00:00-05:00,26.467673635110437,27.351888211869046,25.534668178229204,27.28318214416504,594681000,0.0,0.0
2022-01-11 00:00:00-05:00,27.206510950592097,27.94534808174242,26.72457518291045,27.69840431213379,404089000,0.0,0.0
2022-01-12 00:00:00-05:00,27.947338113635016,28.473086907923104,27.49029538667551,27.879629135131836,383413000,0.0,0.0
2022-01-13 00:00:00-05:00,28.258008185903833,28.358577413604603,26.38502715764647,26.461700439453125,540171000,0.0,0.0
2022-01-14 00:00:00-05:00,26.187875711062546,27.08105283504242,26.098259251810827,26.827138900756836,395832000,0.0,0.0
2022-01-18 00:00:00-05:00,26.14804463261415,26.524433344257982,25.660133902473458,25.792566299438477,424270000,0.0,0.0
2022-01-19 00:00:00-05:00,25.967809303261937,26.429829779331527,24.94518762431059,24.96012306213379,488315000,0.0,0.0
2022-01-20 00:00:00-05:00,25.19612032401024,25.46994751510898,23.97534549383341,24.047039031982422,435181000,0.0,0.0
2022-01-21 00:00:00-05:00,23.40678161092132,24.717171038870582,23.163822382731063,23.274349212646484,718958000,0.0,0.0
2022-01-24 00:00:00-05:00,22.234796834896894,23.280319440924885,20.798945308150216,23.272354125976562,913982000,0.0,0.0
2022-01-25 00:00:00-05:00,22.449878275649777,22.845186990931126,21.906206530046255,22.228824615478516,664616000,0.0,0.0
2022-01-26 00:00:00-05:00,23.140916602745857,23.954432781138927,22.20492373788374,22.674911499023438,755959000,0.0,0.0
2022-01-27 00:00:00-05:00,23.46752162349448,23.89270120895478,21.582590638157097,21.850444793701172,573353000,0.0,0.0
2022-01-28 00:00:00-05:00,21.918155191484143,22.760549101180075,21.20520811526972,22.742626190185547,543774000,0.0,0.0
2022-01-31 00:00:00-05:00,23.083163840300895,24.40450780299976,22.95371892485848,24.38160514831543,564680000,0.0,0.0
2022-02-01 00:00:00-05:00,24.996973791149287,25.03779935981821,23.788148758594023,24.532960891723633,518925000,0.0,0.0
2022-02-02 00:00:00-05:00,25.68403665824547,25.706937420439914,24.448326116222155,25.134389877319336,543419000,0.0,0.0
2022-02-03 00:00:00-05:00,24.35372741378853,24.970087889771477,23.678618459668993,23.845901489257812,410178000,0.0,0.0
2022-02-04 00:00:00-05:00,23.869799837318162,24.529973363145128,23.531249213857308,24.215320587158203,354829000,0.0,0.0
2022-02-07 00:00:00-05:00,24.26809450688,25.074640699200273,24.098819192519745,24.622577667236328,376868000,0.0,0.0
2022-02-08 00:00:00-05:00,24.25515013515638,25.122437111146983,23.877766205134343,25.000957489013672,410359000,0.0,0.0
2022-02-09 00:00:00-05:00,25.51276352295215,26.611061657409135,25.244911267514784,26.59114646911621,524282000,0.0,0.0
2022-02-10 00:00:00-05:00,25.884175827584478,26.81020934447509,25.490859383243375,25.713903427124023,513200000,0.0,0.0
2022-02-11 00:00:00-05:00,25.805514193425385,26.04050812916526,23.6716506697888,23.846899032592773,605472000,0.0,0.0
2022-02-14 00:00:00-05:00,23.831961302784133,24.768949487290513,23.653723589292724,24.163541793823242,440424000,0.0,0.0
2022-02-15 00:00:00-05:00,24.8426335224846,26.431829912184345,24.67833795995591,26.382043838500977,699869000,0.0,0.0
2022-02-16 00:00:00-05:00,26.147049472381745,26.468672364813905,25.44306293139375,26.397974014282227,732676000,0.0,0.0
2022-02-17 00:00:00-05:00,25.520724748344236,25.67506458405284,24.061972575195895,24.40251350402832,810595000,0.0,0.0
2022-02-18 00:00:00-05:00,24.562833238351214,24.879478312587725,23.00151913502133,23.541208267211914,761255000,0.0,0.0
2022-02-22 00:00:00-05:00,22.936795215643546,23.961407632998917,22.901944582346907,23.290281295776367,633422000,0.0,0.0
2022-02-23 00:00:00-05:00,23.700523668904758,24.052019342712313,22.205923511795177,22.291555404663086,566511000,0.0,0.0
2022-02-24 00:00:00-05:00,20.925408602396242,23.698535485921912,20.800941500265946,23.646757125854492,735801000,0.0,0.0
2022-02-25 00:00:00-05:00,23.6198702807105,24.113754059814244,23.28131966006848,24.05401039123535,528866000,0.0,0.0
2022-02-28 00:00:00-05:00,23.889712256178317,24.559843299003468,23.605927486955995,24.281036376953125,477319000,0.0,0.0
2022-03-01 00:00:00-05:00,24.187439989958865,24.273073784814436,23.033380786073458,23.376909255981445,412056000,0.0,0.0
2022-03-02 00:00:00-05:00,23.658748421485516,24.309075054496567,23.31914479926627,24.120847702026367,389642000,0.004,0.0
2022-03-03 00:00:00-05:00,24.162677458354135,24.226416539633046,23.372924502534758,23.61692237854004,365095000,0.0,0.0
2022-03-04 00:00:00-05:00,23.288271806116654,23.583059575930694,22.389963970849855,22.842105865478516,431415000,0.0,0.0
2022-03-07 00:00:00-05:00,22.723592102393823,22.93870935454276,21.242680010670902,21.264589309692383,450821000,0.0,0.0
2022-03-08 00:00:00-05:00,21.221763621611906,22.281406917450838,20.56546109047921,21.42592430114746,557467000,0.0,0.0
2022-03-09 00:00:00-05:00,22.295354282391074,23.124944442804253,22.15592800317561,22.919788360595703,492742000,0.0,0.0
2022-03-10 00:00:00-05:00,22.43876567263354,22.694713569217846,21.792422296882368,22.56524658203125,428066000,0.0,0.0
2022-03-11 00:00:00-05:00,22.927753683517206,23.050251249791206,21.955749323787682,22.00952911376953,367209000,0.0,0.0
2022-03-14 00:00:00-04:00,21.7794765189099,22.170867384126904,21.072383887534045,21.24268341064453,385354000,0.0,0.0
2022-03-15 00:00:00-04:00,21.429910411009644,22.943688372057732,21.234713636338597,22.87895393371582,491996000,0.0,0.0
2022-03-16 00:00:00-04:00,23.40379479526486,24.49630397600163,23.077138455679332,24.39571762084961,671422000,0.0,0.0
2022-03-17 00:00:00-04:00,24.02125840895199,24.74030090825493,23.80813378286248,24.664613723754883,471941000,0.0,0.0
2022-03-18 00:00:00-04:00,24.69748098703601,26.460235655741535,24.523198138240513,26.344709396362305,730719000,0.0,0.0
2022-03-21 00:00:00-04:00,26.39848370359878,27.040843612026414,25.860693482717917,26.624553680419922,591727000,0.0,0.0
2022-03-22 00:00:00-04:00,26.617582876634945,27.126492498169284,25.965265566055862,26.415414810180664,547007000,0.0,0.0
2022-03-23 00:00:00-04:00,26.019044893201844,26.503055368285953,25.470301882639813,25.52906036376953,502120000,0.0,0.0
2022-03-24 00:00:00-04:00,26.058882339128612,28.204063653708854,25.800941854899072,28.034759521484375,877379000,0.0,0.0
2022-03-25 00:00:00-04:00,27.771842231076484,28.241910117249173,27.159360096245305,27.578636169433594,579016000,0.0,0.0
2022-03-28 00:00:00-04:00,27.64237355173041,28.134350707606135,27.094623991150144,28.103477478027344,425494000,0.0,0.0
2022-03-29 00:00:00-04:00,28.5775285613948,28.827500474518697,27.86545546506131,28.53868865966797,488984000,0.0,0.0
2022-03-30 00:00:00-04:00,28.188133610446798,28.37934706350977,27.390412047597884,27.57664680480957,463487000,0.0,0.0
2022-03-31 00:00:00-04:00,27.6682632391677,28.132355093024984,27.1583601751684,27.174293518066406,523440000,0.0,0.0
2022-04-01 00:00:00-04:00,27.262931780225625,27.383436717189806,26.159467926180007,26.602645874023438,517235000,0.0,0.0
2022-04-04 00:00:00-04:00,26.618580799031673,27.445182845672498,26.504051817215565,27.24799346923828,397120000,0.0,0.0
2022-04-05 00:00:00-04:00,27.14243427886192,27.207168730410956,25.714304404931934,25.82485008239746,436615000,0.0,0.0
2022-04-06 00:00:00-04:00,24.83192419404275,25.196425073376112,23.904735802768805,24.30708122253418,703833000,0.0,0.0
2022-04-07 00:00:00-04:00,24.340946042246006,24.620795851372538,23.381888921729562,24.10890007019043,557992000,0.0,0.0
2022-04-08 00:00:00-04:00,23.819088417079787,23.825064370958277,22.96758907146771,23.024354934692383,524781000,0.0,0.0
2022-04-11 00:00:00-04:00,22.123063188914138,22.228628253478472,21.571330249174363,21.82727813720703,575207000,0.0,0.0
2022-04-12 00:00:00-04:00,22.44474404870181,22.63197418552907,21.194880405154606,21.415971755981445,662258000,0.0,0.0
2022-04-13 00:00:00-04:00,21.639050491837658,22.407889437860018,21.36716738576446,22.112104415893555,516943000,0.0,0.0
2022-04-14 00:00:00-04:00,22.41286958131203,22.683757345759695,21.07636432042871,21.170974731445312,569097000,0.0,0.0
2022-04-18 00:00:00-04:00,21.113216864867486,21.9975803526132,20.992711899311292,21.693830490112305,525701000,0.0,0.0
2022-04-19 00:00:00-04:00,21.631084290617952,22.281410987109858,21.226746193463015,22.107128143310547,512781000,0.0,0.0
2022-04-20 00:00:00-04:00,22.42482103543778,22.57719456880331,21.11321307776146,21.394058227539062,468974000,0.0,0.0
2022-04-21 00:00:00-04:00,21.620132221860942,22.300336872596574,19.918128505755924,20.100379943847656,656209000,0.0,0.0
2022-04-22 00:00:00-04:00,20.219888301607384,20.402139745562092,19.420175917853527,19.43511390686035,624713000,0.0,0.0
2022-04-25 00:00:00-04:00,19.12338916520078,19.863347449845236,19.01782411842625,19.820524215698242,641566000,0.0,0.0
2022-04-26 00:00:00-04:00,19.637283370463635,19.706996516542763,18.593573098917023,18.711090087890625,653143000,0.0,0.0
2022-04-27 00:00:00-04:00,18.521868230847012,19.08853925931246,18.215130373255832,18.339618682861328,499460000,0.0,0.0
2022-04-28 00:00:00-04:00,18.88935323961421,19.954974541798094,18.414306664090166,19.701017379760742,570327000,0.0,0.0
2022-04-29 00:00:00-04:00,19.32257448999954,20.045602297833724,18.441197185099483,18.4710750579834,500435000,0.0,0.0
2022-05-02 00:00:00-04:00,18.46509951842047,19.493869793767686,18.315713949725147,19.453039169311523,572049000,0.0,0.0
2022-05-03 00:00:00-04:00,19.320580585935083,19.743841875684236,19.0546734235437,19.521753311157227,475751000,0.0,0.0
2022-05-04 00:00:00-04:00,19.841436712225097,20.31648318728987,18.67423393178185,20.25075340270996,648855000,0.0,0.0
2022-05-05 00:00:00-04:00,19.785669950252917,19.843431175196322,18.424265535645223,18.766857147216797,626331000,0.0,0.0
2022-05-06 00:00:00-04:00,18.659298078838052,19.43212034048371,17.916351786613728,18.598546981811523,633297000,0.0,0.0
2022-05-09 00:00:00-04:00,17.96016935355247,18.180263350543278,16.758110071792043,16.88060760498047,644455000,0.0,0.0
2022-05-10 00:00:00-04:00,17.616591005148855,18.12350823893866,16.955309464255052,17.52297592163086,761474000,0.0,0.0
2022-05-11 00:00:00-04:00,17.27598988657447,17.68032805554246,16.50017940475814,16.56192398071289,670167000,0.0,0.0
2022-05-12 00:00:00-04:00,16.152604222388675,16.719275153017346,15.503273835867764,16.108783721923828,708728000,0.0,0.0
2022-05-13 00:00:00-04:00,16.719276866807252,17.854609562915,16.52507542137206,17.63351821899414,670437000,0.0,0.0
2022-05-16 00:00:00-04:00,17.437322904145635,17.715180072849822,17.035972816221634,17.19332504272461,521446000,0.0,0.0
2022-05-17 00:00:00-04:00,18.000007771051944,18.29579278898957,17.561810417904773,18.10258674621582,585830000,0.0,0.0
2022-05-18 00:00:00-04:00,17.63252027278685,18.043829664901942,16.794963502496497,16.86865997314453,545161000,0.0,0.0
2022-05-19 00:00:00-04:00,16.867665016255632,17.614594729725628,16.665495022322716,17.05389976501465,621310000,0.0,0.0
2022-05-20 00:00:00-04:00,17.26104864553038,17.33872845520384,15.69050380184821,16.625659942626953,739105000,0.0,0.0
2022-05-23 00:00:00-04:00,16.20738076943158,16.845757510491026,16.112770346149613,16.828826904296875,639889000,0.0,0.0
2022-05-24 00:00:00-04:00,16.44241318228326,16.529056923699873,15.715401091996485,16.08786964416504,588550000,0.0,0.0
2022-05-25 00:00:00-04:00,15.954415901019841,17.04094904216001,15.93449732347587,16.905506134033203,781132000,0.0,0.0
2022-05-26 00:00:00-04:00,15.970354791394591,18.017938165633957,15.956412162178278,17.777925491333008,996575000,0.0,0.0
2022-05-27 00:00:00-04:00,18.111553959995266,18.80370857918977,18.02590557198039,18.73399543762207,738379000,0.0,0.0
2022-05-31 00:00:00-04:00,18.902295884702053,19.121396425746433,18.274875925211305,18.595558166503906,664100000,0.0,0.0
2022-06-01 00:00:00-04:00,18.647344266393155,18.974995901316028,18.047807688518343,18.244997024536133,544514000,0.0,0.0
2022-06-02 00:00:00-04:00,18.217115849128234,19.53868302922962,18.12350080401456,19.51179313659668,648656000,0.0,0.0
2022-06-03 00:00:00-04:00,19.003885365597327,19.252861948714582,18.446176451745462,18.64336585998535,598779000,0.0,0.0
2022-06-06 00:00:00-04:00,19.06065056239769,19.25783996366541,18.488003681659272,18.709095001220703,422406000,0.0,0.0
2022-06-07 00:00:00-04:00,18.396382141540013,18.92222057056187,18.11354434422296,18.84852409362793,388914000,0.0,0.0
2022-06-08 00:00:00-04:00,18.72599902469666,19.105520032436974,18.46302425711577,18.575586318969727,363252000,0.004,0.0
2022-06-09 00:00:00-04:00,18.40923586335072,18.859480331996103,17.970943930182248,17.977916717529297,395574000,0.0,0.0
2022-06-10 00:00:00-04:00,17.531651364648273,17.628274789966802,16.80348928209256,16.908082962036133,465248000,0.0,0.0
2022-06-13 00:00:00-04:00,15.937870682447913,16.24865943434733,15.545400563694251,15.586241722106934,604153000,0.0,0.0
2022-06-14 00:00:00-04:00,15.669912860368118,16.003612016416973,15.35215136745031,15.774505615234375,469680000,0.0,0.0
2022-06-15 00:00:00-04:00,16.03250398716086,16.80250321727654,15.864160524611272,16.462827682495117,563936000,0.0,0.0
2022-06-16 00:00:00-04:00,15.79841368067241,15.880095995991596,15.341196388689442,15.540419578552246,545749000,0.0,0.0
2022-06-17 00:00:00-04:00,15.58723513693202,15.932887781168011,15.26847807134145,15.818334579467773,630334000,0.0,0.0
2022-06-21 00:00:00-04:00,16.41102650097026,16.94195585735891,16.343289760595702,16.501672744750977,483089000,0.0,0.0
2022-06-22 00:00:00-04:00,16.16299022237989,16.59729794626429,16.117169323053933,16.296470642089844,437135000,0.0,0.0
2022-06-23 00:00:00-04:00,16.454851986991518,16.5205956784527,15.79143880496092,16.16199493408203,463680000,0.0,0.0
2022-06-24 00:00:00-04:00,16.43592735057394,17.073441500432935,16.24666462485629,17.05949592590332,472153000,0.0,0.0
2022-06-27 00:00:00-04:00,17.244772067670773,17.262701818144645,16.561435211155498,16.803491592407227,427968000,0.0,0.0
2022-06-28 00:00:00-04:00,16.834373533612357,17.135200852696613,15.883082065971653,15.919939041137695,461149000,0.0,0.0
2022-06-29 00:00:00-04:00,15.752590608725741,15.758566876112974,15.111091360585093,15.481646537780762,482352000,0.0,0.0
2022-06-30 00:00:00-04:00,15.301352039966417,15.506552451888224,14.804290100614665,15.100136756896973,686070000,0.0,0.0
2022-07-01 00:00:00-04:00,14.84114455708728,15.004507273555733,14.336113363533372,14.466604232788086,577610000,0.0,0.0
2022-07-05 00:00:00-04:00,14.11995661407491,14.912865159719473,14.000422705433717,14.905892372131348,651397000,0.0,0.0
2022-07-06 00:00:00-04:00,14.951712254279894,15.259512337175808,14.731569789510388,15.071246147155762,529066000,0.0,0.0
2022-07-07 00:00:00-04:00,15.395981666093258,15.883082152996206,15.329241452564782,15.796420097351074,492903000,0.0,0.0
2022-07-08 00:00:00-04:00,15.370084060896657,15.974727368388931,15.329242903234574,15.77649974822998,467972000,0.0,0.0
2022-07-11 00:00:00-04:00,15.465706894213895,15.466703413636305,14.979602060044337,15.093159675598145,437321000,0.0,0.0
2022-07-12 00:00:00-04:00,15.20871225038852,15.371079409038126,14.819230753552452,15.02343463897705,458483000,0.0,0.0
2022-07-13 00:00:00-04:00,14.533344477991491,15.315296025509971,14.408829876158077,15.105114936828613,521918000,0.0,0.0
2022-07-14 00:00:00-04:00,15.04933164322953,15.412914028547368,14.670807164690196,15.31230640411377,456235000,0.0,0.0
2022-07-15 00:00:00-04:00,15.598195441188166,15.720717018310008,15.385025718454648,15.70079517364502,385935000,0.0,0.0
2022-07-18 00:00:00-04:00,16.23869470882499,16.83138346936928,15.939860454756344,16.038475036621094,670517000,0.0,0.0
2022-07-19 00:00:00-04:00,16.42198027766924,17.043557657032984,16.109200448917402,16.926015853881836,702366000,0.0,0.0
2022-07-20 00:00:00-04:00,16.881191075573774,17.863362252554914,16.73575812116985,17.737850189208984,760538000,0.0,0.0
2022-07-21 00:00:00-04:00,17.815549700814543,18.073542834559365,17.476869827222348,17.979907989501953,557049000,0.0,0.0
2022-07-22 00:00:00-04:00,17.823519553288822,17.897231611980214,17.07045465118201,17.25174903869629,536671000,0.0,0.0
2022-07-25 00:00:00-04:00,16.952913630167462,17.05750735482923,16.584351419267783,16.957895278930664,480748000,0.0,0.0
2022-07-26 00:00:00-04:00,16.823414211540268,16.85329839532214,16.414010963419933,16.46879768371582,397865000,0.0,0.0
2022-07-27 00:00:00-04:00,16.965862630194085,17.86635353894504,16.84732523587989,17.72092056274414,569776000,0.0,0.0
2022-07-28 00:00:00-04:00,17.90520156953599,18.069559869258693,17.372279182649145,17.914165496826172,474646000,0.0,0.0
2022-07-29 00:00:00-04:00,17.743823285267034,18.17314926190656,17.623292897636773,18.092464447021484,435460000,0.0,0.0
2022-08-01 00:00:00-04:00,18.111395452950937,18.77281848869698,17.920141583548578,18.3693904876709,476469000,0.0,0.0
2022-08-02 00:00:00-04:00,18.05163093309131,18.864462341148062,18.021746740904135,18.45406150817871,489527000,0.0,0.0
2022-08-03 00:00:00-04:00,18.113388905855146,18.89434491533446,18.066570532098716,18.81963539123535,418146000,0.0,0.0
2022-08-04 00:00:00-04:00,18.77580669644715,19.199155581116848,18.68715160109545,19.140384674072266,409652000,0.0,0.0
2022-08-05 00:00:00-04:00,18.73695646403008,19.154330026144063,18.59351654169447,18.91526222229004,386068000,0.0,0.0
2022-08-08 00:00:00-04:00,17.43403710855411,18.168174706690454,17.175046511530418,17.723905563354492,981859000,0.0,0.0
2022-08-09 00:00:00-04:00,17.185003308258562,17.3792457290548,16.659053898124192,17.0196475982666,668263000,0.0,0.0
2022-08-10 00:00:00-04:00,17.629273135163704,18.047642220988486,17.24975215946494,18.026723861694336,597422000,0.0,0.0
2022-08-11 00:00:00-04:00,18.06059303930121,18.634356491462075,17.80658220790549,17.872325897216797,509327000,0.0,0.0
2022-08-12 00:00:00-04:00,18.089477114781875,18.64531073415037,17.883280251161185,18.63634490966797,478094000,0.0,0.0
2022-08-15 00:00:00-04:00,18.62838336929725,19.0895848654129,18.54072573092658,18.958097457885742,457666000,0.0,0.0
2022-08-16 00:00:00-04:00,18.846530011794016,19.067668063926604,18.42915644764587,18.805688858032227,451240000,0.0,0.0
2022-08-17 00:00:00-04:00,18.451067388569353,18.615425629733355,18.074535077980343,18.263795852661133,446799000,0.0,0.0
2022-08-18 00:00:00-04:00,18.229934589865376,18.791743657859055,18.11239277422747,18.700101852416992,415447000,0.0,0.0
2022-08-19 00:00:00-04:00,18.33452802598433,18.448085673185464,17.700997988903634,17.779691696166992,441588000,0.0,0.0
2022-08-22 00:00:00-04:00,17.42208217251165,17.489818903609883,16.900116815044345,16.967853546142578,409593000,0.0,0.0
2022-08-23 00:00:00-04:00,16.92303062961487,17.397182115122416,16.904103405013966,17.11428451538086,369986000,0.0,0.0
2022-08-24 00:00:00-04:00,16.945935367801415,17.33840632607673,16.8293910435938,17.155120849609375,522661000,0.0,0.0
2022-08-25 00:00:00-04:00,16.778590073936765,17.877307466202186,16.76763310909007,17.84343910217285,770691000,0.0,0.0
2022-08-26 00:00:00-04:00,17.78765172333182,17.85439096282188,16.173942245062563,16.196853637695312,769127000,0.0,0.0
2022-08-29 00:00:00-04:00,15.957789648026925,16.27455364227297,15.70577186993532,15.739639282226562,496132000,0.0,0.0
2022-08-30 00:00:00-04:00,15.898024237946384,15.976716986717125,15.123045485635457,15.40793514251709,530181000,0.0,0.0
2022-08-31 00:00:00-04:00,15.324261848963653,15.479656218449705,14.900911986576217,15.035387992858887,573710000,0.0,0.0
2022-09-01 00:00:00-04:00,14.153823343963365,14.32415979672276,13.218470483091595,13.882880210876465,1178865000,0.0,0.0
2022-09-02 00:00:00-04:00,14.045246540395883,14.115969978398423,13.53822233999636,13.594005584716797,743157000,0.0,0.0
2022-09-06 00:00:00-04:00,13.677680890653752,13.725494835509304,13.299156360470214,13.412714004516602,535751000,0.0,0.0
2022-09-07 00:00:00-04:00,13.514346107743526,13.788360189278626,13.298124529340985,13.664804458618164,512657000,0.004,0.0
2022-09-08 00:00:00-04:00,13.410719244419383,13.957750598170398,13.321042892410091,13.939814567565918,624873000,0.0,0.0
2022-09-09 00:00:00-04:00,14.106215606366773,14.422078851833046,14.075327622967663,14.3353910446167,486612000,0.0,0.0
2022-09-12 00:00:00-04:00,14.317455823482035,14.49481679850031,14.147068757337559,14.452967643737793,484159000,0.0,0.0
2022-09-13 00:00:00-04:00,13.75248712779497,13.872056529042231,13.052008982375257,13.083893775939941,714956000,0.0,0.0
2022-09-14 00:00:00-04:00,13.206453364571683,13.242324471898772,12.866677036184084,13.08090591430664,588507000,0.0,0.0
2022-09-15 00:00:00-04:00,12.968313711994472,13.185531175680374,12.74412043844494,12.882621765136719,523625000,0.0,0.0
2022-09-16 00:00:00-04:00,12.6962911946005,13.164605464480621,12.571739597842733,13.150655746459961,670751000,0.0,0.0
2022-09-19 00:00:00-04:00,12.965323203760738,13.414705581325622,12.96333052263512,13.333995819091797,569685000,0.0,0.0
2022-09-20 00:00:00-04:00,13.167594240345288,13.43463249948038,13.010161038264972,13.12873363494873,524818000,0.0,0.0
2022-09-21 00:00:00-04:00,13.16560415413887,13.980669759694642,13.06297298523187,13.213431358337402,807679000,0.0,0.0
2022-09-22 00:00:00-04:00,13.0231145909362,13.101831671038127,12.383418345633107,12.51594066619873,759162000,0.0,0.0
2022-09-23 00:00:00-04:00,12.375447364597502,12.565762199000392,12.213031967666868,12.471102714538574,663309000,0.0,0.0
2022-09-26 00:00:00-04:00,12.446193464778984,12.61359104915648,12.170186671175692,12.184136390686035,547343000,0.0,0.0
2022-09-27 00:00:00-04:00,12.462136686751897,12.690315342638387,12.214030266074733,12.368474006652832,553854000,0.0,0.0
2022-09-28 00:00:00-04:00,12.365482557221197,12.77700114543241,12.309683684312093,12.690313339233398,542414000,0.0,0.0
2022-09-29 00:00:00-04:00,12.403347404233896,12.455160919270222,11.903148286154517,12.176165580749512,532763000,0.0,0.0
2022-09-30 00:00:00-04:00,12.043639758211013,12.587681551450936,12.031682722625826,12.095453262329102,565638000,0.0,0.0
2022-10-03 00:00:00-04:00,12.302708290891008,12.632521236553906,12.061575828714862,12.467116355895996,547478000,0.0,0.0
2022-10-04 00:00:00-04:00,12.832802061086015,13.172579431107973,12.832802061086015,13.119769096374512,584182000,0.0,0.0
2022-10-05 00:00:00-04:00,12.864686858561551,13.273215984590474,12.575727163303043,13.161617279052734,507131000,0.0,0.0
2022-10-06 00:00:00-04:00,13.172576390235374,13.607012205791838,13.05599552454441,13.08289909362793,644157000,0.0,0.0
2022-10-07 00:00:00-04:00,12.460140492344351,12.624548544092065,11.978873372705873,12.032679557800293,672478000,0.0,0.0
2022-10-10 00:00:00-04:00,11.993819734228161,12.08050753530761,11.367076415950967,11.62813663482666,698699000,0.0,0.0
2022-10-11 00:00:00-04:00,11.519526522035383,11.803503975358765,11.242523926856697,11.544437408447266,667482000,0.0,0.0
2022-10-12 00:00:00-04:00,11.537465911080686,11.692905516404727,11.304305077714478,11.458748817443848,492590000,0.0,0.0
2022-10-13 00:00:00-04:00,10.931644516028966,12.034673832144149,10.774211301684586,11.917097091674805,850103000,0.0,0.0
2022-10-14 00:00:00-04:00,12.013749105457423,12.067555297007958,11.163809311742797,11.186726570129395,713432000,0.0,0.0
2022-10-17 00:00:00-04:00,11.476683331813856,11.905141179135784,11.475687466268546,11.845355987548828,580774000,0.0,0.0
2022-10-18 00:00:00-04:00,12.29972073933894,12.447189613338601,11.576325138914761,11.924073219299316,659362000,0.0,0.0
2022-10-19 00:00:00-04:00,11.836389481808228,12.30570066362384,11.791550821758921,12.007772445678711,523131000,0.0,0.0
2022-10-20 00:00:00-04:00,12.069547352328092,12.723194242073287,12.061575677964084,12.150257110595703,652398000,0.0,0.0
2022-10-21 00:00:00-04:00,12.054602792053803,12.453168520670618,11.844360180299446,12.421282768249512,609494000,0.0,0.0
2022-10-24 00:00:00-04:00,12.463132178101741,12.664407237339118,12.020724633774568,12.553805351257324,517457000,0.0,0.0
2022-10-25 00:00:00-04:00,12.648465797577563,13.252291971392953,12.6185727259184,13.213431358337402,505482000,0.0,0.0
2022-10-26 00:00:00-04:00,12.822835502603272,13.33997279819463,12.662412806623726,12.849738121032715,532953000,0.0,0.0
2022-10-27 00:00:00-04:00,13.581105480931186,13.78835950903757,13.074927446921608,13.12873363494873,583113000,0.0,0.0
2022-10-28 00:00:00-04:00,13.05699335304701,13.800317586774417,13.014147382415905,13.784374237060547,521040000,0.0,0.0
2022-10-31 00:00:00-04:00,13.728575742782882,13.788360930226967,13.24930122851385,13.448583602905273,486341000,0.0,0.0
2022-11-01 00:00:00-04:00,13.761457385078938,13.875048766316969,13.470505022876246,13.49441909790039,432817000,0.0,0.0
2022-11-02 00:00:00-04:00,13.800319289979248,14.159027598253079,13.16361149639749,13.171582221984863,672628000,0.0,0.0
2022-11-03 00:00:00-04:00,12.996210927988326,13.731563409125444,12.909523130440983,13.372854232788086,500065000,0.0,0.0
2022-11-04 00:00:00-04:00,13.93582958769378,14.177957930344933,13.647865776966073,14.105219841003418,612576000,0.0,0.0
2022-11-07 00:00:00-05:00,14.1769615012651,14.360301478064772,13.903945167549931,14.249699592590332,410061000,0.0,0.0
2022-11-08 00:00:00-05:00,14.747904258620336,14.837581555139764,14.16500278149727,14.5496187210083,595292000,0.0,0.0
2022-11-09 00:00:00-05:00,14.111199503066569,14.160024473634925,13.70964521718475,13.726584434509277,454414000,0.0,0.0
2022-11-10 00:00:00-05:00,14.746909510215898,15.716418731024099,14.49481681539553,15.693501472473145,700819000,0.0,0.0
2022-11-11 00:00:00-05:00,15.750292878376628,16.33020474511368,15.42645899911689,16.2684268951416,655487000,0.0,0.0
2022-11-14 00:00:00-05:00,16.15982401511625,16.480669454615672,15.86488533252821,16.236547470092773,527852000,0.0,0.0
2022-11-15 00:00:00-05:00,16.662013391587355,16.937022370999905,16.32323291950231,16.60621452331543,545876000,0.0,0.0
2022-11-16 00:00:00-05:00,16.104025972359103,16.303307412411236,15.816062134408572,15.85292911529541,649547000,0.0,0.0
2022-11-17 00:00:00-05:00,15.658627572163233,16.20765162732223,15.47927296101109,15.620763778686523,710894000,0.0,0.0
2022-11-18 00:00:00-05:00,15.908725591523805,15.94459765168975,15.065760685221573,15.353724479675293,492072000,0.0,0.0
2022-11-21 00:00:00-05:00,15.092665143329405,15.421481294578124,15.025905097362354,15.262055397033691,404739000,0.0,0.0
2022-11-22 00:00:00-05:00,15.273015617031902,16.000397462317586,15.067754251325974,15.98046875,472866000,0.0,0.0
2022-11-23 00:00:00-05:00,16.040254147784076,16.46771612556409,15.99043426388969,16.45974349975586,427241000,0.0,0.0
2022-11-25 00:00:00-05:00,16.259465648152826,16.427858142364496,16.11398946353445,16.211637496948242,167934000,0.0,0.0
2022-11-28 00:00:00-05:00,15.968512050766721,16.298325994560756,15.668593078367639,15.77022647857666,303741000,0.0,0.0
2022-11-29 00:00:00-05:00,15.770226349121932,15.874850195864996,15.464328384954916,15.582901000976562,298384000,0.0,0.0
2022-11-30 00:00:00-05:00,15.644695832221814,16.873588125710516,15.545029610898084,16.86661148071289,565298000,0.004,0.0
2022-12-01 00:00:00-05:00,16.942355347832123,17.20746780911725,16.57956797350174,17.07790184020996,470977000,0.0,0.0
2022-12-02 00:00:00-05:00,16.60348724039677,16.876574351409886,16.390199657775565,16.81976318359375,371389000,0.0,0.0
2022-12-05 00:00:00-05:00,16.62342349091921,16.9383705081479,16.41711252133541,16.55465316772461,352255000,0.0,0.0
2022-12-06 00:00:00-05:00,16.474917069486207,16.517773048794822,15.766285923687203,15.93372631072998,352694000,0.0,0.0
2022-12-07 00:00:00-05:00,15.719439562652788,16.132060402442626,15.614788984616984,16.066280364990234,372388000,0.0,0.0
2022-12-08 00:00:00-05:00,16.218777273371813,17.121758517727503,15.905822476444317,17.111791610717773,515456000,0.0,0.0
2022-12-09 00:00:00-05:00,17.1028160194911,17.524406752700667,16.91843304409184,16.944345474243164,465338000,0.0,0.0
2022-12-12 00:00:00-05:00,16.9802285062354,17.47955848372448,16.741028482869503,17.4765682220459,457328000,0.0,0.0
2022-12-13 00:00:00-05:00,18.469249909930564,18.72738762856205,17.651982672461422,18.01177978515625,656589000,0.0,0.0
2022-12-14 00:00:00-05:00,17.927057508659278,18.191175684013686,17.361947609166847,17.615100860595703,496888000,0.0,0.0
2022-12-15 00:00:00-05:00,17.088863487866476,17.262283446585172,16.64435056625301,16.895509719848633,478542000,0.0,0.0
2022-12-16 00:00:00-05:00,16.807806241482627,16.984216489206464,16.355318584988897,16.51578140258789,478232000,0.0,0.0
2022-12-19 00:00:00-05:00,16.516773965424804,16.553649415100338,16.09119690622741,16.199832916259766,354039000,0.0,0.0
2022-12-20 00:00:00-05:00,16.01046693823351,16.255647448102433,15.799174471467346,16.031396865844727,403260000,0.0,0.0
2022-12-21 00:00:00-05:00,16.060304842306547,16.571595897427166,16.048343794868938,16.446014404296875,325025000,0.0,0.0
2022-12-22 00:00:00-05:00,16.040370897342594,16.084224902594713,14.832409670787916,15.287886619567871,565045000,0.0,0.0
2022-12-23 00:00:00-05:00,15.145362798947778,15.287885933378956,14.833406075775102,15.155329704284668,349326000,0.0,0.0
2022-12-27 00:00:00-05:00,15.023772497238419,15.049685885821608,14.009163959787871,14.07394790649414,464902000,0.0,0.0
2022-12-28 00:00:00-05:00,13.88059315527946,14.214476922152242,13.837736217329413,13.989230155944824,351066000,0.0,0.0
2022-12-29 00:00:00-05:00,14.354009920900088,14.634072755943127,14.179592867751314,14.554339408874512,354923000,0.0,0.0
2022-12-30 00:00:00-05:00,14.28623238765906,14.580249392820543,14.185569131755553,14.565299987792969,310490000,0.0,0.0
2023-01-03 00:00:00-05:00,14.801513863050983,14.94603115548883,14.049029532918041,14.26729965209961,401277000,0.0,0.0
2023-01-04 00:00:00-05:00,14.518459253168668,14.803505525216863,14.193545359327329,14.699851989746094,431324000,0.0,0.0
2023-01-05 00:00:00-05:00,14.442712138646769,14.515468836750369,14.100854699285643,14.2174654006958,389168000,0.0,0.0
2023-01-06 00:00:00-05:00,14.42576814608272,14.959982279736408,13.987234779976571,14.80948543548584,405044000,0.0,0.0
2023-01-09 00:00:00-05:00,15.233069416455065,16.002496236779955,15.090545335630782,15.575922966003418,504231000,0.0,0.0
2023-01-10 00:00:00-05:00,15.455327619136956,15.908811394296471,15.42044439804722,15.855988502502441,384101000,0.0,0.0
2023-01-11 00:00:00-05:00,15.787216717511937,15.97458997371224,15.511139335336974,15.94767951965332,353285000,0.0,0.0
2023-01-12 00:00:00-05:00,16.046350570153667,16.58155988533878,15.44037584745414,16.45598030090332,551409000,0.0,0.0
2023-01-13 00:00:00-05:00,16.22375667699758,16.865611678653806,16.11113426118995,16.842687606811523,447287000,0.0,0.0
2023-01-17 00:00:00-05:00,16.842689261696506,17.668927336507764,16.842689261696506,17.64301300048828,511102000,0.0,0.0
2023-01-18 00:00:00-05:00,17.60812825910423,17.81344118394388,17.224410962438323,17.319095611572266,439624000,0.0,0.0
2023-01-19 00:00:00-05:00,16.97922612350295,17.13969078574918,16.675244145492883,16.709129333496094,452932000,0.0,0.0
2023-01-20 00:00:00-05:00,16.954314377855656,17.796499823469546,16.768935260471654,17.779556274414062,564967000,0.0,0.0
2023-01-23 00:00:00-05:00,18.00380415598392,19.180870344101777,17.75862551866824,19.129043579101562,655163000,0.0,0.0
2023-01-24 00:00:00-05:00,18.764259824321872,19.430034925653693,18.757283181815232,19.2007999420166,496204000,0.0,0.0
2023-01-25 00:00:00-05:00,18.84997803686339,19.30545594731295,18.518087479978714,19.25861167907715,449537000,0.0,0.0
2023-01-26 00:00:00-05:00,19.635350144248754,20.0988007667648,19.213759381728458,19.736013412475586,489535000,0.0,0.0
2023-01-27 00:00:00-05:00,19.39714737022937,20.559262315315294,19.34033810009434,20.297138214111328,542142000,0.0,0.0
2023-01-30 00:00:00-05:00,19.883522650362398,20.07288815679004,19.086187298640233,19.098148345947266,488611000,0.0,0.0
2023-01-31 00:00:00-05:00,19.10612325168674,19.621400741085875,18.886857003407727,19.471900939941406,498017000,0.0,0.0
2023-02-01 00:00:00-05:00,19.62538402504865,21.1213817226709,19.545650683627567,20.873212814331055,660477000,0.0,0.0
2023-02-02 00:00:00-05:00,20.9300225588854,21.875859651889073,20.631022997012753,21.636659622192383,564276000,0.0,0.0
2023-02-03 00:00:00-05:00,20.930016939244258,21.67253504328741,20.719719661348293,21.02968406677246,429366000,0.0,0.0
2023-02-06 00:00:00-05:00,20.736668439852636,21.49812252080445,20.716734629117404,21.018726348876953,452197000,0.0,0.0
2023-02-07 00:00:00-05:00,21.31075078020512,22.184829243176587,21.07952350178786,22.0991153717041,664150000,0.0,0.0
2023-02-08 00:00:00-05:00,22.31240089472821,22.801765903840348,21.934664092168923,22.13100814819336,559651000,0.0,0.0
2023-02-09 00:00:00-05:00,22.530672149758068,22.943292158985646,22.046291560362647,22.2625675201416,523876000,0.0,0.0
2023-02-10 00:00:00-05:00,21.617720531696698,22.00442614178306,20.741650010159365,21.194135665893555,550737000,0.0,0.0
2023-02-13 00:00:00-05:00,21.466228060003054,21.974528792175906,20.892147277807663,21.715394973754883,474919000,0.0,0.0
2023-02-14 00:00:00-05:00,21.506097057062863,22.972196070287414,21.294803588437638,22.89445686340332,675474000,0.0,0.0
2023-02-15 00:00:00-05:00,22.47385907538401,22.778839139042542,22.032336407803555,22.688142776489258,420575000,0.0,0.0
2023-02-16 00:00:00-05:00,22.059248242228534,22.47485853992091,21.85393529520588,21.928686141967773,412026000,0.0,0.0
2023-02-17 00:00:00-05:00,21.5589207949287,21.66755683538447,20.905106608670902,21.316730499267578,465888000,0.0,0.0
2023-02-21 00:00:00-05:00,20.9300198380873,21.422373121018033,20.54929284097226,20.586170196533203,410015000,0.0,0.0
2023-02-22 00:00:00-05:00,20.6380006960692,21.03367717070481,20.3529525061691,20.684843063354492,513184000,0.0,0.0
2023-02-23 00:00:00-05:00,23.361893340475753,23.808400461151948,22.94827529850247,23.585145950317383,1117995000,0.0,0.0
2023-02-24 00:00:00-05:00,23.147606985640458,23.39577778263142,22.870533495406775,23.208402633666992,589716000,0.0,0.0
2023-02-27 00:00:00-05:00,23.59112115652379,23.80042043107323,23.375841359560795,23.422683715820312,452994000,0.0,0.0
2023-02-28 00:00:00-05:00,23.294119765093207,23.74561130134119,23.128672543867644,23.138639450073242,455963000,0.0,0.0
2023-03-01 00:00:00-05:00,23.11471933360439,23.1785071533375,22.432998534976818,22.622365951538086,460026000,0.0,0.0
2023-03-02 00:00:00-05:00,22.413065090524846,23.302091014748385,22.35725003920354,23.236310958862305,389415000,0.0,0.0
2023-03-03 00:00:00-05:00,23.24229205590769,23.82035928556431,23.052924647625705,23.810392379760742,412393000,0.0,0.0
2023-03-06 00:00:00-05:00,23.81139232423808,24.167201195099672,23.408737281422425,23.475515365600586,437429000,0.0,0.0
2023-03-07 00:00:00-05:00,23.52535169548433,24.04869069829288,23.16748608515548,23.214338302612305,515154000,0.004,0.0
2023-03-08 00:00:00-05:00,23.412709959422333,24.12345598243845,23.34990950267541,24.104515075683594,513573000,0.0,0.0
2023-03-09 00:00:00-05:00,24.098534615353046,24.37665338080257,23.309039864365545,23.361873626708984,501257000,0.0,0.0
2023-03-10 00:00:00-05:00,23.334956536006658,23.55226740158579,22.65411633700963,22.89236068725586,474866000,0.0,0.0
2023-03-13 00:00:00-04:00,22.68003442386319,23.22430691098968,22.22647370103853,22.893356323242188,421890000,0.0,0.0
2023-03-14 00:00:00-04:00,23.421682859195702,24.14239559716936,23.385795524923413,23.986888885498047,474910000,0.0,0.0
2023-03-15 00:00:00-04:00,23.685843355775486,24.209182394285897,23.286112651373358,24.1513671875,524486000,0.0,0.0
2023-03-16 00:00:00-04:00,23.951003432054158,25.507064935559395,23.818422785484607,25.460214614868164,583253000,0.0,0.0
2023-03-17 00:00:00-04:00,25.89981804779798,26.3154988744337,25.58681016478867,25.643630981445312,848547000,0.0,0.0
2023-03-20 00:00:00-04:00,25.533978703666488,25.94168541899632,25.050512165831673,25.818077087402344,432747000,0.0,0.0
2023-03-21 00:00:00-04:00,26.097191824105813,26.308521152399816,25.300719308848564,26.116130828857422,547408000,0.0,0.0
2023-03-22 00:00:00-04:00,26.34141790205971,27.50173767157012,26.154012813178745,26.3842830657959,797295000,0.0,0.0
2023-03-23 00:00:00-04:00,27.029233998126443,27.412020167294642,26.60557904977676,27.10499382019043,564889000,0.0,0.0
2023-03-24 00:00:00-04:00,26.94549959949804,27.081069104608634,26.271637231409848,26.69429588317871,454920000,0.0,0.0
2023-03-27 00:00:00-04:00,26.752116326767855,26.914600875564393,26.281609108296,26.447084426879883,361026000,0.0,0.0
2023-03-28 00:00:00-04:00,26.363349230566957,26.42914045882786,25.768237406573,26.326465606689453,356104000,0.0,0.0
2023-03-29 00:00:00-04:00,26.74015932478994,26.99235750001213,26.512879798616797,26.89865493774414,393694000,0.0,0.0
2023-03-30 00:00:00-04:00,27.14287259493359,27.412019019738466,27.01627349989387,27.296384811401367,364516000,0.0,0.0
2023-03-31 00:00:00-04:00,27.054154149877146,27.745959234891043,27.019265008815836,27.68914031982422,433933000,0.0,0.0
2023-04-03 00:00:00-04:00,27.421989811329777,27.911436002639256,27.249536675681906,27.87654685974121,398716000,0.0,0.0
2023-04-04 00:00:00-04:00,27.877543026671038,27.911435879998983,27.220627051021687,27.366165161132812,368592000,0.0,0.0
2023-04-05 00:00:00-04:00,26.744141067760594,26.91260524763218,26.31151378285065,26.795976638793945,515015000,0.0,0.0
2023-04-06 00:00:00-04:00,26.499912714821207,26.99434412357807,26.34340972671135,26.951480865478516,397654000,0.0,0.0
2023-04-10 00:00:00-04:00,26.738158599933065,27.5336348544528,26.584646372375655,27.49176788330078,395279000,0.0,0.0
2023-04-11 00:00:00-04:00,27.636309871277366,27.702101097960746,27.04019987081764,27.083065032958984,314378000,0.0,0.0
2023-04-12 00:00:00-04:00,27.283432024560906,27.381121633610334,26.364347344202034,26.41119956970215,446259000,0.0,0.0
2023-04-13 00:00:00-04:00,26.649439996093154,26.801955937603214,26.245722222126854,26.379297256469727,353615000,0.0,0.0
2023-04-14 00:00:00-04:00,26.420164544474495,26.797965435367647,26.137062473302613,26.67336082458496,395660000,0.0,0.0
2023-04-17 00:00:00-04:00,26.480977384169595,26.920582518277506,26.3493949209171,26.916595458984375,321471000,0.0,0.0
2023-04-18 00:00:00-04:00,27.445913723508724,28.0210883307405,27.270469820475103,27.57948875427246,604812000,0.0,0.0
2023-04-19 00:00:00-04:00,27.27446024047473,27.911439093224423,27.145868542223823,27.8426570892334,358660000,0.0,0.0
2023-04-20 00:00:00-04:00,27.58347456890567,27.941340187321615,26.914597451904964,27.018268585205078,427713000,0.0,0.0
2023-04-21 00:00:00-04:00,26.866752496922075,27.097022758549475,26.637480426106034,27.03322410583496,345103000,0.0,0.0
2023-04-24 00:00:00-04:00,26.9275609756168,27.279443208222265,26.58664173033635,26.95646858215332,339282000,0.0,0.0
2023-04-25 00:00:00-04:00,26.99235347251706,27.160819562060055,26.14205270882257,26.158000946044922,378527000,0.0,0.0
2023-04-26 00:00:00-04:00,26.91659491739221,27.243556588640125,26.62053343037328,26.870738983154297,406337000,0.0,0.0
2023-04-27 00:00:00-04:00,27.27645073990056,27.40803318885761,26.540784192741274,27.139883041381836,377161000,0.0,0.0
2023-04-28 00:00:00-04:00,27.138889210344786,27.670202402547503,26.98537507177856,27.661231994628906,292216000,0.0,0.0
2023-05-01 00:00:00-04:00,27.751942445275365,28.96609033128575,27.692132757184343,28.818557739257812,570329000,0.0,0.0
2023-05-02 00:00:00-04:00,28.58928602409841,28.74479273603856,27.994174201759634,28.120771408081055,402730000,0.0,0.0
2023-05-03 00:00:00-04:00,27.751937828826723,28.277271270369077,27.38510184060993,27.71405792236328,383387000,0.0,0.0
2023-05-04 00:00:00-04:00,27.563540293710812,27.770882582276077,27.15384096655844,27.474822998046875,321850000,0.0,0.0
2023-05-05 00:00:00-04:00,27.737984173927828,28.66404461724112,27.643285351598674,28.589282989501953,361494000,0.0,0.0
2023-05-08 00:00:00-04:00,28.431785713240817,29.127577928802488,28.260330759673817,29.058795928955078,344979000,0.0,0.0
2023-05-09 00:00:00-04:00,28.80759252115136,28.881357865661336,28.360013303057926,28.480628967285156,314869000,0.0,0.0
2023-05-10 00:00:00-04:00,28.91325569457964,29.02091579172388,28.370977656526804,28.793636322021484,369350000,0.0,0.0
2023-05-11 00:00:00-04:00,28.80460099601504,28.858431044188475,28.15665734572962,28.487606048583984,322149000,0.0,0.0
2023-05-12 00:00:00-04:00,28.438761858901234,28.688969297483915,27.957289789783168,28.2503604888916,274222000,0.0,0.0
2023-05-15 00:00:00-04:00,28.4178275338678,28.877369814441632,28.06295457930079,28.861419677734375,293926000,0.0,0.0
2023-05-16 00:00:00-04:00,28.74977851008436,29.775525121763952,28.74080810173077,29.120601654052734,449405000,0.0,0.0
2023-05-17 00:00:00-04:00,29.49042519794485,30.103479719693794,29.336912970483333,30.08254623413086,432535000,0.0,0.0
2023-05-18 00:00:00-04:00,30.31381366494329,31.727327831009532,30.224098180923058,31.577802658081055,748725000,0.0,0.0
2023-05-19 00:00:00-04:00,31.43625056372688,31.48011201484415,30.818212695710137,31.165111541748047,473908000,0.0,0.0
2023-05-22 00:00:00-04:00,30.803258976791746,31.420302459294863,30.582959233506156,31.077390670776367,372000000,0.0,0.0
2023-05-23 00:00:00-04:00,30.901948183114918,31.18903735658012,30.534115833189922,30.59093475341797,356253000,0.0,0.0
2023-05-24 00:00:00-04:00,30.114444604983657,30.510190153140588,29.71172312962193,30.441408157348633,721419000,0.0,0.0
2023-05-25 00:00:00-04:00,38.40115657089839,39.35513045921453,36.51912753379368,37.8598747253418,1543911000,0.0,0.0
2023-05-26 00:00:00-04:00,37.77014783625685,39.046097794109826,37.431223153373296,38.82280731201172,714397000,0.0,0.0
2023-05-30 00:00:00-04:00,40.466605006926684,41.805355798351464,39.82264830428926,39.984134674072266,923401000,0.0,0.0
2023-05-31 00:00:00-04:00,39.363100391824844,40.16754710014043,37.702369501651916,37.714332580566406,1002580000,0.0,0.0
2023-06-01 00:00:00-04:00,38.367256795979486,39.92332013723305,38.21872982052202,39.64420700073242,635873000,0.0,0.0
2023-06-02 00:00:00-04:00,39.970174994520356,40.37190020075976,38.934459847678006,39.20261001586914,482731000,0.0,0.0
2023-06-05 00:00:00-04:00,38.785923972981884,39.439847158234734,38.584563271281,39.047096252441406,396094000,0.0,0.0
2023-06-06 00:00:00-04:00,38.70718409484521,39.03613834073106,38.02733822176895,38.53173828125,388729000,0.0,0.0
2023-06-07 00:00:00-04:00,38.79592485025507,39.37813750275476,37.2416933197928,37.360328674316406,511998000,0.004,0.0
2023-06-08 00:00:00-04:00,37.60857556261879,38.74508691604915,37.390247671514786,38.39216995239258,417772000,0.0,0.0
2023-06-09 00:00:00-04:00,38.91755616586712,39.589493696488056,38.44899682390139,38.65137481689453,427717000,0.0,0.0
2023-06-12 00:00:00-04:00,39.08005597622932,39.40904425940009,38.49983605891858,39.36119079589844,388701000,0.0,0.0
2023-06-13 00:00:00-04:00,40.06304000704874,40.97524120979665,39.61840552630367,40.896480560302734,613208000,0.0,0.0
2023-06-14 00:00:00-04:00,40.699081687742314,42.868421916484955,40.427910831503084,42.86543273925781,740465000,0.0,0.0
2023-06-15 00:00:00-04:00,42.471645001516485,43.15654315104166,42.01803541267758,42.52248764038086,568622000,0.0,0.0
2023-06-16 00:00:00-04:00,43.31705479881207,43.58722551638536,42.53046747800974,42.56137466430664,655709000,0.0,0.0
2023-06-20 00:00:00-04:00,42.86643489919533,43.85540013452972,42.54342497305457,43.673954010009766,451153000,0.0,0.0
2023-06-21 00:00:00-04:00,43.367894115226505,43.481547516431846,41.95124449603973,42.91328811645508,551603000,0.0,0.0
2023-06-22 00:00:00-04:00,42.12370403758317,43.29311498837631,42.104764976671774,42.89334487915039,417737000,0.0,0.0
2023-06-23 00:00:00-04:00,42.33406622553571,42.678007983073286,41.88643880055925,42.0798454284668,358140000,0.0,0.0
2023-06-26 00:00:00-04:00,42.33106943872404,42.63314366936261,39.97729395118432,40.507667541503906,594322000,0.0,0.0
2023-06-27 00:00:00-04:00,40.674163315350505,41.81167093605906,40.3242393713419,41.747867584228516,462175000,0.0,0.0
2023-06-28 00:00:00-04:00,40.535589450400664,41.71696498768914,40.39402564201727,40.99119186401367,582639000,0.0,0.0
2023-06-29 00:00:00-04:00,41.430845940557326,41.4727172529283,40.47577689778073,40.69709777832031,380514000,0.0,0.0
2023-06-30 00:00:00-04:00,41.55247077216965,42.41980774252162,41.37401761190044,42.17256546020508,501148000,0.0,0.0
2023-07-03 00:00:00-04:00,42.386907892871406,42.76674265418085,42.072873075895245,42.283226013183594,198209000,0.0,0.0
2023-07-05 00:00:00-04:00,42.00607674642851,43.04488832876735,41.95623049336352,42.187522888183594,323618000,0.0,0.0
2023-07-06 00:00:00-04:00,41.71596810959315,42.04994216880029,41.21949078738844,41.97417449951172,303582000,0.0,0.0
2023-07-07 00:00:00-04:00,42.192505558452375,43.08177839649904,42.050941741012366,42.37295150756836,355881000,0.0,0.0
2023-07-10 00:00:00-04:00,42.52647159560561,42.679999688168024,41.52155283823929,42.05093002319336,353908000,0.0,0.0
2023-07-11 00:00:00-04:00,42.351013330555574,42.62716617688633,41.93828245284964,42.275245666503906,298244000,0.0,0.0
2023-07-12 00:00:00-04:00,42.90132167106193,43.800562012799624,42.64610450369037,43.767662048339844,481277000,0.0,0.0
2023-07-13 00:00:00-04:00,44.381783639889846,46.01377191487625,44.35586222212897,45.83631896972656,478204000,0.0,0.0
2023-07-14 00:00:00-04:00,46.44046184420574,47.94085779132301,44.92212322629915,45.329872131347656,772075000,0.0,0.0
2023-07-17 00:00:00-04:00,46.147361621458764,46.353725148743315,45.123503715655524,46.31883239746094,510488000,0.0,0.0
2023-07-18 00:00:00-04:00,46.55809446661066,47.74943744480596,45.59405444397255,47.34866714477539,569164000,0.0,0.0
2023-07-19 00:00:00-04:00,47.31876207580257,47.67167893614477,46.598971255607864,46.932945251464844,427502000,0.0,0.0
2023-07-20 00:00:00-04:00,46.36470161642384,46.942928804835816,44.92412321467116,45.38072204589844,537865000,0.0,0.0
2023-07-21 00:00:00-04:00,45.6478906079313,45.72565485492813,43.965056025974754,44.17341613769531,963769000,0.0,0.0
2023-07-24 00:00:00-04:00,44.594129747804274,44.970975292246095,43.90524600694248,44.475494384765625,382516000,0.0,0.0
2023-07-25 00:00:00-04:00,44.803482038082876,46.04167828238944,44.785535566604466,45.539222717285156,348081000,0.0,0.0
2023-07-26 00:00:00-04:00,45.88017875854229,45.91208233149028,44.49343628066657,45.31291961669922,364237000,0.0,0.0
2023-07-27 00:00:00-04:00,46.37666127130996,47.249980321992574,45.610013268331116,45.75955581665039,455976000,0.0,0.0
2023-07-28 00:00:00-04:00,46.525202843607126,46.883105518604516,46.23908226392985,46.60695266723633,331194000,0.0,0.0
2023-07-31 00:00:00-04:00,46.610935000793745,46.98578389821118,46.36369278218995,46.58600997924805,251055000,0.0,0.0
2023-08-01 00:00:00-04:00,46.31783181066223,46.756487847660445,45.886158126312864,46.364688873291016,237858000,0.0,0.0
2023-08-02 00:00:00-04:00,45.69077757261337,45.699748910679205,43.254254947764295,44.1335563659668,530142000,0.0,0.0
2023-08-03 00:00:00-04:00,43.665975669938696,44.97994351428875,43.665975669938696,44.378787994384766,324176000,0.0,0.0
2023-08-04 00:00:00-04:00,44.84735625489334,45.502343664999096,44.257168589781394,44.54328918457031,362666000,0.0,0.0
2023-08-07 00:00:00-04:00,44.972970743442104,45.400658953676526,44.426647163135996,45.27803421020508,322154000,0.0,0.0
2023-08-08 00:00:00-04:00,44.715756986658505,45.10356664242382,43.92119480836412,44.52733612060547,353843000,0.0,0.0
2023-08-09 00:00:00-04:00,44.13852436844698,44.17641010034291,42.00507315736143,42.423789978027344,586449000,0.0,0.0
2023-08-10 00:00:00-04:00,42.03099398742127,43.440668733202855,41.70698769798923,42.258296966552734,492705000,0.0,0.0
2023-08-11 00:00:00-04:00,41.623246353337215,41.889431464332574,40.51464942799337,40.72998809814453,533085000,0.0,0.0
2023-08-14 00:00:00-04:00,40.36211972462702,43.665978621737146,40.187655955736346,43.61912155151367,690286000,0.0,0.0
2023-08-15 00:00:00-04:00,44.42365913256692,45.1294930156629,43.57625763398883,43.8055534362793,676512000,0.0,0.0
2023-08-16 00:00:00-04:00,44.38376830984962,44.53829278958651,43.27317495256757,43.35293197631836,527451000,0.0,0.0
2023-08-17 00:00:00-04:00,43.83545631480397,43.927173858554056,42.86941961752367,43.21137237548828,452395000,0.0,0.0
2023-08-18 00:00:00-04:00,42.504538056513674,43.44465333013322,41.5325230130091,43.166507720947266,583768000,0.0,0.0
2023-08-21 00:00:00-04:00,44.357862580093396,46.92099531978242,44.086695448909836,46.82329559326172,692573000,0.0,0.0
2023-08-22 00:00:00-04:00,47.98770953500303,48.03955236680591,45.194285260085415,45.52825927734375,755293000,0.0,0.0
2023-08-23 00:00:00-04:00,45.72565711329878,47.05557488119282,45.06966956482349,46.971832275390625,779046000,0.0,0.0
2023-08-24 00:00:00-04:00,50.06234798957418,50.11219423827407,47.014702631702306,47.0186882019043,1156044000,0.0,0.0
2023-08-25 00:00:00-04:00,46.8681514444708,47.65872425455991,44.88623165435981,45.877193450927734,925341000,0.0,0.0
2023-08-28 00:00:00-04:00,46.339768044393274,46.836245308048305,44.75064756794707,46.691688537597656,685192000,0.0,0.0
2023-08-29 00:00:00-04:00,46.52320461271005,48.930815739681876,46.24904457849089,48.63472366333008,701397000,0.0,0.0
2023-08-30 00:00:00-04:00,48.893934114542816,49.77423173710802,48.27682864513261,49.11326217651367,735206000,0.0,0.0
2023-08-31 00:00:00-04:00,49.22891214982183,49.59179683011506,48.80820246885937,49.20398712158203,528570000,0.0,0.0
2023-09-01 00:00:00-04:00,49.60974109160753,49.64762302557311,47.9946951700236,48.360572814941406,463830000,0.0,0.0
2023-09-05 00:00:00-04:00,48.075442101099355,48.7015226451209,47.7135538785842,48.39944839477539,382653000,0.0,0.0
2023-09-06 00:00:00-04:00,48.29675192445169,48.404428217365016,46.44129363976494,46.920860290527344,468670000,0.004,0.0
2023-09-07 00:00:00-04:00,45.38943454370525,46.205995921557545,45.01754418931394,46.103302001953125,433330000,0.0,0.0
2023-09-08 00:00:00-04:00,45.80519551015305,46.46721591183993,45.136192180115536,45.43629455566406,473069000,0.0,0.0
2023-09-11 00:00:00-04:00,46.01058907259866,46.025543800241316,44.180057385036044,45.043479919433594,473966000,0.0,0.0
2023-09-12 00:00:00-04:00,44.60477844461375,45.53699557699163,44.39839411760551,44.736385345458984,349256000,0.0,0.0
2023-09-13 00:00:00-04:00,44.46719292129203,45.79323440179784,44.37048163678398,45.34955978393555,398355000,0.0,0.0
2023-09-14 00:00:00-04:00,45.8131750613874,45.85006363868303,44.996613561123056,45.445274353027344,370097000,0.0,0.0
2023-09-15 00:00:00-04:00,45.20598666420072,45.4632178335496,43.67755057038964,43.76927947998047,506831000,0.0,0.0
2023-09-18 00:00:00-04:00,42.62070760166484,44.110258303658966,41.874933874444345,43.835079193115234,500271000,0.0,0.0
2023-09-19 00:00:00-04:00,43.70247908606619,43.835082475156234,42.87395226873784,43.390411376953125,373064000,0.0,0.0
2023-09-20 00:00:00-04:00,43.470171462670386,43.7722706240914,42.09727282869751,42.113224029541016,367108000,0.0,0.0
2023-09-21 00:00:00-04:00,41.45917965283468,41.97463849257789,40.85797455001659,40.89486312866211,450736000,0.0,0.0
2023-09-22 00:00:00-04:00,41.448218009359955,41.989604300467136,41.108233732087406,41.486106872558594,479236000,0.0,0.0
2023-09-25 00:00:00-04:00,41.46715750384496,42.409343350786685,41.054388777119094,42.09627914428711,419091000,0.0,0.0
2023-09-26 00:00:00-04:00,41.87592599161224,42.6924873606105,41.53095566477393,41.78619384765625,402282000,0.0,0.0
2023-09-27 00:00:00-04:00,42.203947925620064,42.74433372903221,41.50503521048072,42.34153366088867,444935000,0.0,0.0
2023-09-28 00:00:00-04:00,42.33356849695518,43.31663260486512,41.98959836899157,42.960697174072266,424663000,0.0,0.0
2023-09-29 00:00:00-04:00,43.696494927606466,44.01255232767132,43.178042888017536,43.36947250366211,397830000,0.0,0.0
2023-10-02 00:00:00-04:00,43.89888769595612,45.04047860898654,43.73039221652358,44.648651123046875,433298000,0.0,0.0
2023-10-03 00:00:00-04:00,44.67457689561349,44.99562050159697,43.117227684036216,43.387420654296875,470850000,0.0,0.0
2023-10-04 00:00:00-04:00,43.61174925416727,44.011556163058,43.16308846642664,43.90985870361328,361821000,0.0,0.0
2023-10-05 00:00:00-04:00,43.91883469559828,44.76630599321606,43.75731831894087,44.554935455322266,393483000,0.0,0.0
2023-10-06 00:00:00-04:00,44.06141166404006,45.65266008201276,43.89490910599022,45.62574005126953,434436000,0.0,0.0
2023-10-09 00:00:00-04:00,44.708478616295075,45.469207213017526,44.23589096073579,45.1381950378418,409675000,0.0,0.0
2023-10-10 00:00:00-04:00,45.17508286360557,46.121254553965194,44.95374378600032,45.66162872314453,368582000,0.0,0.0
2023-10-11 00:00:00-04:00,46.05844552419568,46.7194733776131,45.912880346385045,46.666629791259766,378137000,0.0,0.0
2023-10-12 00:00:00-04:00,46.63770730152995,47.46723049196412,46.1920397832419,46.805206298828125,481325000,0.0,0.0
2023-10-13 00:00:00-04:00,46.82015931103437,46.975696805222135,45.14516179262674,45.32562255859375,474115000,0.0,0.0
2023-10-16 00:00:00-04:00,44.928816083518186,46.08735476029038,44.77826474104746,45.95774459838867,375099000,0.0,0.0
2023-10-17 00:00:00-04:00,43.868986531873404,44.62074305005794,42.35351199528077,43.80717086791992,812333000,0.0,0.0
2023-10-18 00:00:00-04:00,42.464174898094846,43.090307040885016,41.700456999229225,42.070350646972656,627294000,0.0,0.0
2023-10-19 00:00:00-04:00,42.68352429308483,43.168077212016314,41.757289685675055,41.97563934326172,501233000,0.0,0.0
2023-10-20 00:00:00-04:00,41.76526400722088,42.34353877331354,40.95568161669413,41.263763427734375,477266000,0.0,0.0
2023-10-23 00:00:00-04:00,41.106238683892464,43.11922801460042,40.823083912534464,42.84703826904297,478530000,0.0,0.0
2023-10-24 00:00:00-04:00,42.9487282788918,43.5668810255137,42.56387990123347,43.532981872558594,401463000,0.0,0.0
2023-10-25 00:00:00-04:00,43.26876509902736,43.52001738311295,41.43125480910507,41.65458679199219,398379000,0.0,0.0
2023-10-26 00:00:00-04:00,41.7283746394427,42.13017450154096,39.7612500826686,40.2059211730957,541001000,0.0,0.0
2023-10-27 00:00:00-04:00,41.00753113322634,41.08330504631517,39.895849517473295,40.3794059753418,416784000,0.0,0.0
2023-10-30 00:00:00-04:00,40.96465211390715,41.64162722288695,40.36045387343674,41.038429260253906,388028000,0.0,0.0
2023-10-31 00:00:00-04:00,40.32955772912268,40.757281200093225,39.11318915725788,40.658573150634766,517969000,0.0,0.0
2023-11-01 00:00:00-04:00,40.762256048704266,42.25479998188949,40.747301323669774,42.19896697998047,437593000,0.0,0.0
2023-11-02 00:00:00-04:00,43.19897822868172,43.75332234424489,42.76627246802236,43.37644958496094,409172000,0.0,0.0
2023-11-03 00:00:00-04:00,43.888919424366684,45.174078747791896,43.59280293696078,44.87098693847656,424610000,0.0,0.0
2023-11-06 00:00:00-05:00,45.15015318659169,45.798219181155844,44.765301009531704,45.61476516723633,400733000,0.0,0.0
2023-11-07 00:00:00-05:00,45.58285989512135,46.08037071910402,45.02352961733188,45.81815719604492,343165000,0.0,0.0
2023-11-08 00:00:00-05:00,45.96272281654572,46.727440958659734,45.831115913944224,46.4353141784668,346719000,0.0,0.0
2023-11-09 00:00:00-05:00,47.32565858468725,48.08638711878528,46.610794508396026,46.81019973754883,540496000,0.0,0.0
2023-11-10 00:00:00-05:00,47.35855787314543,48.32766364227746,47.14220498356334,48.191070556640625,421245000,0.0,0.0
2023-11-13 00:00:00-05:00,48.17611002726251,48.96974108943456,47.95576746252599,48.475215911865234,384136000,0.0,0.0
2023-11-14 00:00:00-05:00,49.53206353654858,49.68560428700353,48.89396993275051,49.50813293457031,416954000,0.0,0.0
2023-11-15 00:00:00-05:00,49.786303287958084,49.81122656013526,48.0564692193451,48.7424201965332,475497000,0.0,0.0
2023-11-16 00:00:00-05:00,48.53405466377334,49.377536290551284,48.18609481694431,49.33266830444336,339756000,0.0,0.0
2023-11-17 00:00:00-05:00,49.37653577909823,49.568961894077866,48.86107690035848,49.15121078491211,325205000,0.0,0.0
2023-11-20 00:00:00-05:00,49.16515859327281,50.39747808312561,49.034548168899995,50.25889205932617,414120000,0.0,0.0
2023-11-21 00:00:00-05:00,49.976737718443786,50.3665722694878,49.075430256470796,49.79528045654297,565747000,0.0,0.0
2023-11-22 00:00:00-05:00,49.70355312493224,50.18511275994757,47.54798851961098,48.5709342956543,899420000,0.0,0.0
2023-11-24 00:00:00-05:00,48.325669336815935,48.77532658141017,47.60282592861512,47.63373565673828,294645000,0.0,0.0
2023-11-27 00:00:00-05:00,47.65766532815117,48.38549115302334,47.51010721393193,48.098350524902344,395662000,0.0,0.0
2023-11-28 00:00:00-05:00,48.09236930689928,48.17911204503058,47.33164078012809,47.67860412597656,401491000,0.0,0.0
2023-11-29 00:00:00-05:00,48.23494506927642,48.616804044774916,47.71748947427739,47.99665451049805,382005000,0.0,0.0
2023-11-30 00:00:00-05:00,47.88100118212253,47.96674744990859,46.283773941411816,46.6307373046875,526247000,0.0,0.0
2023-12-01 00:00:00-05:00,46.38646445632827,47.05945375436282,46.04946966832762,46.62574768066406,369317000,0.0,0.0
2023-12-04 00:00:00-05:00,45.939790296925786,45.939790296925786,44.87596630034032,45.37447738647461,437543000,0.0,0.0
2023-12-05 00:00:00-05:00,45.334592525789944,46.465313882039936,45.140156424425236,46.43141555786133,371718000,0.004,0.0
2023-12-06 00:00:00-05:00,47.078540477295284,47.25004424942053,45.2807500654452,45.37148666381836,380590000,0.0,0.0
2023-12-07 00:00:00-05:00,45.56792757808214,46.49424361639184,45.47220434901942,46.46133804321289,350823000,0.0,0.0
2023-12-08 00:00:00-05:00,46.4603430274887,47.60303102965734,46.41547109826504,47.368709564208984,359224000,0.0,0.0
2023-12-11 00:00:00-05:00,47.35374994188855,47.39363144924944,45.69755100849952,46.492244720458984,509728000,0.0,0.0
2023-12-12 00:00:00-05:00,45.91292392475919,47.5282408991093,45.91292392475919,47.51926803588867,372387000,0.0,0.0
2023-12-13 00:00:00-05:00,47.49135865819483,48.45357005871663,47.47041943734218,47.949031829833984,447792000,0.0,0.0
2023-12-14 00:00:00-05:00,48.2501437897404,48.52933332337193,47.28494297084845,48.21025848388672,391232000,0.0,0.0
2023-12-15 00:00:00-05:00,48.05470783522104,49.261209727379025,47.98092040479684,48.748695373535156,479948000,0.0,0.0
2023-12-18 00:00:00-05:00,49.25723229515319,50.28724399732617,49.0079548114807,49.932273864746094,412587000,0.0,0.0
2023-12-19 00:00:00-05:00,49.281159865930675,49.55636317420033,48.75368939419547,49.46063995361328,464444000,0.0,0.0
2023-12-20 00:00:00-05:00,49.51148681248871,49.85449435490147,47.95898761649741,47.97195053100586,397894000,0.0,0.0
2023-12-21 00:00:00-05:00,48.66993565248791,48.953115280045736,48.27906644393615,48.848419189453125,300425000,0.0,0.0
2023-12-22 00:00:00-05:00,49.05282392386867,49.24028032151343,48.326927237730985,48.688880920410156,252507000,0.0,0.0
2023-12-26 00:00:00-05:00,48.82647939940057,49.45665286845571,48.81850309781851,49.13658142089844,244200000,0.0,0.0
2023-12-27 00:00:00-05:00,49.36791528650649,49.536425600159234,48.94314392704513,49.27418518066406,233648000,0.0,0.0
2023-12-28 00:00:00-05:00,49.49953204501984,49.73983287122963,49.26919684127221,49.37887954711914,246587000,0.0,0.0
2023-12-29 00:00:00-05:00,49.66903891502132,49.85250906748791,48.61010784761711,49.37887954711914,389293000,0.0,0.0
2024-01-02 00:00:00-05:00,49.101683898702085,49.152535199799544,47.457451257375006,48.02879333496094,411254000,0.0,0.0
2024-01-03 00:00:00-05:00,47.34776930861543,48.04474670855863,47.183245244517686,47.43152618408203,320896000,0.0,0.0
2024-01-04 00:00:00-05:00,47.62894445792347,48.35982768135906,47.3706941328935,47.85927963256836,306535000,0.0,0.0
2024-01-05 00:00:00-05:00,48.321937950337194,49.40380119345811,48.16638677946172,48.955101013183594,415039000,0.0,0.0
2024-01-08 00:00:00-05:00,49.368913779629096,52.12392933182719,49.3360082047019,52.10198974609375,642510000,0.0,0.0
2024-01-09 00:00:00-05:00,52.24956456447165,54.16800408255062,51.54061697774943,52.986427307128906,773100000,0.0,0.0
2024-01-10 00:00:00-05:00,53.46105596670663,54.44220965259703,53.334420276456434,54.19293212890625,533796000,0.0,0.0
2024-01-11 00:00:00-05:00,54.84004936433209,55.186046630349715,53.40520900250216,54.66355895996094,596759000,0.0,0.0
2024-01-12 00:00:00-05:00,54.46213984268147,54.8111305781565,54.172980872190166,54.5518798828125,352994000,0.0,0.0
2024-01-16 00:00:00-05:00,54.858995015384636,56.67074127144449,54.74133601464206,56.219051361083984,449580000,0.0,0.0
2024-01-17 00:00:00-05:00,56.18415552246115,56.3077977062965,54.581801354818275,55.89100646972656,474394000,0.0,0.0
2024-01-18 00:00:00-05:00,57.094517089822695,57.43353464294008,55.94484937824919,56.941959381103516,491650000,0.0,0.0
2024-01-19 00:00:00-05:00,57.8214070619552,59.3280417723161,57.05961512425851,59.319068908691406,543501000,0.0,0.0
2024-01-22 00:00:00-05:00,59.87545679775879,60.15664330232137,58.89928603895681,59.481597900390625,452955000,0.0,0.0
2024-01-23 00:00:00-05:00,59.39783691409728,59.73685443495751,58.41568304614902,59.6999626159668,294654000,0.0,0.0
2024-01-24 00:00:00-05:00,60.12972084943654,62.66736391279241,59.76477747230483,61.184661865234375,560271000,0.0,0.0
2024-01-25 00:00:00-05:00,62.169802358134476,62.53773920716308,60.67413746929077,61.43892288208008,482777000,0.0,0.0
2024-01-26 00:00:00-05:00,60.7838279254581,61.60445135537022,60.39794910397368,60.85462188720703,390309000,0.0,0.0
2024-01-29 00:00:00-05:00,61.055035142050976,62.30840232360706,60.73097744998884,62.28447341918945,348733000,0.0,0.0
2024-01-30 00:00:00-05:00,62.71821799882993,63.309502714007664,62.08006442941247,62.59257888793945,410735000,0.0,0.0
2024-01-31 00:00:00-05:00,61.26243177102061,62.089038263544516,60.524572564425924,61.34918212890625,453795000,0.0,0.0
2024-02-01 00:00:00-05:00,61.92052952927185,63.00837994825412,61.471833071842404,62.844852447509766,369146000,0.0,0.0
2024-02-02 00:00:00-05:00,63.78911624931711,66.40752664709339,63.5059366044878,65.96880340576172,476578000,0.0,0.0
2024-02-05 00:00:00-05:00,68.02782694293316,69.29615400361993,67.01077810938553,69.13162994384766,680078000,0.0,0.0
2024-02-06 00:00:00-05:00,69.42877233327619,69.552414531284,66.10840153882174,68.02584075927734,683111000,0.0,0.0
2024-02-07 00:00:00-05:00,68.12155362100862,70.01706057362387,67.40462981569888,69.89640808105469,495575000,0.0,0.0
2024-02-08 00:00:00-05:00,69.87148269785355,70.5894031052992,69.25427593719057,69.43973541259766,414422000,0.0,0.0
2024-02-09 00:00:00-05:00,70.32916305952648,71.97638935285751,70.00909157292358,71.92454528808594,436637000,0.0,0.0
2024-02-12 00:00:00-05:00,72.39017224345903,74.39536169687851,71.04407549243956,72.03919219970703,613710000,0.0,0.0
2024-02-13 00:00:00-05:00,70.19654512895808,73.23772604754565,69.4188005504822,71.91954803466797,602580000,0.0,0.0
2024-02-14 00:00:00-05:00,72.99045103936953,74.02145939035373,71.7301040369102,73.68643188476562,504917000,0.0,0.0
2024-02-15 00:00:00-05:00,73.65553513860904,73.7612240097967,72.19077851996437,72.44802856445312,420122000,0.0,0.0
2024-02-16 00:00:00-05:00,73.88583908151942,74.18696820662582,72.29146138961607,72.40313720703125,495327000,0.0,0.0
2024-02-20 00:00:00-05:00,71.73905822029711,71.74803488638726,67.53823713980917,69.25127410888672,704833000,0.0,0.0
2024-02-21 00:00:00-05:00,67.8094614044966,68.68891622407938,66.05654635382845,67.27700805664062,673755000,0.0,0.0
2024-02-22 00:00:00-05:00,74.80818688297568,78.34792317872578,74.0055129470122,78.31103515625,865100000,0.0,0.0
2024-02-23 00:00:00-05:00,80.55650787145979,82.15586840169918,77.3458128505141,78.5892105102539,829388000,0.0,0.0
2024-02-26 00:00:00-05:00,79.46965549121944,80.41292820605618,78.27810947244775,78.86341857910156,503973000,0.0,0.0
2024-02-27 00:00:00-05:00,79.151576284054,79.25029679601072,76.9389952975712,78.47354125976562,391705000,0.0,0.0
2024-02-28 00:00:00-05:00,77.39567785845682,78.7048791588161,76.90210568945557,77.43855285644531,393110000,0.0,0.0
2024-02-29 00:00:00-05:00,78.86541608909434,79.75882270864132,78.12356300049603,78.88336181640625,507289000,0.0,0.0
2024-03-01 00:00:00-05:00,79.76880094187264,82.06215701188974,79.20543135087004,82.04121398925781,479135000,0.0,0.0
2024-03-04 00:00:00-05:00,83.88685110747949,87.44155024884783,83.47704345209779,84.99065399169922,615616000,0.0,0.0
2024-03-05 00:00:00-05:00,85.02755456111447,85.85220668028344,83.17982622827054,85.7195816040039,520639000,0.004,0.0
2024-03-06 00:00:00-05:00,87.7717411927185,89.46889796984821,86.78255724053227,88.44780731201172,582520000,0.0,0.0
2024-03-07 00:00:00-05:00,89.90165539673119,92.5032385135836,89.34723648723485,92.405517578125,608119000,0.0,0.0
2024-03-08 00:00:00-05:00,94.86750020038097,97.12306982330983,86.26003928547323,87.27913665771484,1142269000,0.0,0.0
2024-03-11 00:00:00-04:00,86.18324958318006,88.54451266458084,83.9266836856204,85.53011322021484,678364000,0.0,0.0
2024-03-12 00:00:00-04:00,87.79866017993605,91.69853581019218,85.90505740123257,91.65167236328125,668075000,0.0,0.0
2024-03-13 00:00:00-04:00,90.7961026211969,91.24382347923168,88.18354935724443,90.62957763671875,635713000,0.0,0.0
2024-03-14 00:00:00-04:00,89.32231468480107,90.3882755061813,86.35377401546849,87.69395446777344,602318000,0.0,0.0
2024-03-15 00:00:00-04:00,86.68284605628648,89.29140572149215,86.01176295929899,87.58726501464844,642086000,0.0,0.0
2024-03-18 00:00:00-04:00,90.13098583462606,92.14224887190903,86.83737638281593,88.20348358154297,668976000,0.0,0.0
2024-03-19 00:00:00-04:00,86.45348714580204,90.28655945618765,84.76829741224358,89.1438217163086,672171000,0.0,0.0
2024-03-20 00:00:00-04:00,89.54168157483528,90.15294523438696,87.97215934887909,90.11505126953125,479063000,0.0,0.0
2024-03-21 00:00:00-04:00,92.03756431354115,92.38457441104313,90.14794815065484,91.17501831054688,480372000,0.0,0.0
2024-03-22 00:00:00-04:00,90.88186754884678,94.50852789687556,90.5757411997652,94.02091979980469,586719000,0.0,0.0
2024-03-25 00:00:00-04:00,93.67389990625729,96.49086455465545,93.24412560987103,94.73188018798828,552136000,0.0,0.0
2024-03-26 00:00:00-04:00,95.57845969689596,96.1009718491892,92.23898306006764,92.29781341552734,513648000,0.0,0.0
2024-03-27 00:00:00-04:00,92.84725495724012,92.97488937266765,88.8695984293379,89.99339294433594,586067000,0.0,0.0
2024-03-28 00:00:00-04:00,89.74411520186113,91.0404221311914,88.93941042675222,90.09910583496094,435212000,0.0,0.0
2024-04-01 00:00:00-04:00,90.04226569169144,91.96278458075767,88.95037777581965,90.1060791015625,452441000,0.0,0.0
2024-04-02 00:00:00-04:00,88.19651163521841,89.83783523468522,87.37087059473389,89.19766235351562,433064000,0.0,0.0
2024-04-03 00:00:00-04:00,88.23242095077572,90.11704664082849,88.14866014711569,88.71105194091797,370067000,0.0,0.0
2024-04-04 00:00:00-04:00,90.1489453998678,90.3763015666953,85.63581327474101,85.6607437133789,434965000,0.0,0.0
2024-04-05 00:00:00-04:00,86.61900791219938,88.22942139866663,85.68168582327746,87.75776672363281,399678000,0.0,0.0
2024-04-08 00:00:00-04:00,88.44779987998065,88.57743512523471,86.4854007087341,86.88526153564453,283220000,0.0,0.0
2024-04-09 00:00:00-04:00,87.19338119556187,87.38583323801888,82.78595022062588,85.11131286621094,501700000,0.0,0.0
2024-04-10 00:00:00-04:00,83.68738625967652,87.15150809881327,83.4710003679758,86.79153442382812,431929000,0.0,0.0
2024-04-11 00:00:00-04:00,87.17144056555283,90.48100403591603,86.67884945614712,90.35835266113281,431637000,0.0,0.0
2024-04-12 00:00:00-04:00,89.44394775788123,89.91859983995623,87.28111636114915,87.93524932861328,426805000,0.0,0.0
2024-04-15 00:00:00-04:00,88.84466403718538,90.35535577476978,85.68467584656017,85.7564697265625,443077000,0.0,0.0
2024-04-16 00:00:00-04:00,86.18725549413733,87.86746232886081,85.81930894271287,87.16646575927734,370453000,0.0,0.0
2024-04-17 00:00:00-04:00,88.08883458135892,88.5226029947078,83.71131651391543,83.79608154296875,495400000,0.0,0.0
2024-04-18 00:00:00-04:00,84.72840551757585,85.94493790164843,82.16770633584548,84.43025207519531,447260000,0.0,0.0
2024-04-19 00:00:00-04:00,82.91358102333888,84.08423897081519,75.39103216599602,75.98333740234375,875198000,0.0,0.0
2024-04-22 00:00:00-04:00,77.88192715774476,79.8453305652036,76.18277728835372,79.29190826416016,596341000,0.0,0.0
2024-04-23 00:00:00-04:00,80.53934787289336,82.53366130187051,80.03578647084935,82.18864440917969,438559000,0.0,0.0
2024-04-24 00:00:00-04:00,83.71130825195023,83.84293671972377,78.95786360773235,79.4504623413086,512208000,0.0,0.0
2024-04-25 00:00:00-04:00,78.64376576074403,83.08610152779464,78.00060291462616,82.3970718383789,424641000,0.0,0.0
2024-04-26 00:00:00-04:00,83.57967245914212,88.07984066940489,83.14989820917565,87.48553466796875,551011000,0.0,0.0
2024-04-29 00:00:00-04:00,87.34594249418755,87.74180926182623,85.0235621625501,87.50748443603516,388971000,0.0,0.0
2024-04-30 00:00:00-04:00,86.99194098130891,88.56645365033815,86.05461893624248,86.15632629394531,363709000,0.0,0.0
2024-05-01 00:00:00-04:00,84.83509991070004,85.75547203094351,81.02396098069623,82.80488586425781,559863000,0.0,0.0
2024-05-02 00:00:00-04:00,84.20889135183461,85.99180970266082,82.96344197206183,85.57300567626953,377898000,0.0,0.0
2024-05-03 00:00:00-04:00,87.53939567590184,89.02715032615576,86.79252471992756,88.53655242919922,398341000,0.0,0.0
2024-05-06 00:00:00-04:00,89.13584021044993,91.95779560513117,88.80179361610953,91.87802124023438,376203000,0.0,0.0
2024-05-07 00:00:00-04:00,90.83898366205493,91.52004037192769,88.75791956813879,90.2965316772461,437342000,0.0,0.0
2024-05-08 00:00:00-04:00,89.22857072950318,90.93470430679172,89.1657463302182,90.1549301147461,325721000,0.0,0.0
2024-05-09 00:00:00-04:00,90.27159797496299,90.81305333122494,87.9801353538175,88.49466705322266,378013000,0.0,0.0
2024-05-10 00:00:00-04:00,90.04823199188911,91.14111635473476,88.97329419694542,89.62244415283203,335325000,0.0,0.0
2024-05-13 00:00:00-04:00,90.22074555223655,90.73927132421963,88.27728953555432,90.14197540283203,289680000,0.0,0.0
2024-05-14 00:00:00-04:00,89.34424430460986,91.39041184902159,88.68113417048747,91.09625244140625,296507000,0.0,0.0
2024-05-15 00:00:00-04:00,92.20908510921412,94.5922892882104,91.33856611429667,94.36094665527344,417735000,0.0,0.0
2024-05-16 00:00:00-04:00,94.64015703115626,95.54656916838987,93.83544466437303,94.0907211303711,323952000,0.0,0.0
2024-05-17 00:00:00-04:00,94.10067453937731,94.47061422155929,91.54495864177208,92.2160415649414,359691000,0.0,0.0
2024-05-20 00:00:00-04:00,93.48344309476195,94.9293173048801,93.17432694405993,94.51051330566406,318764000,0.0,0.0
2024-05-21 00:00:00-04:00,93.33287026664621,95.1287520032466,92.915062881723,95.11479187011719,328946000,0.0,0.0
2024-05-22 00:00:00-04:00,95.18758628884531,95.74698824605449,92.98387077371804,94.6800308227539,548648000,0.0,0.0
2024-05-23 00:00:00-04:00,101.73791493789797,106.0177117858919,101.23135605250833,103.5038833618164,835065000,0.0,0.0
2024-05-24 00:00:00-04:00,104.15202177987621,106.17226230771774,102.70714415978955,106.1662826538086,429494000,0.0,0.0
2024-05-28 00:00:00-04:00,109.93054862844438,114.61219912037285,109.57057499198291,113.5771484375,652728000,0.0,0.0
2024-05-29 00:00:00-04:00,112.72858027740573,115.16363093573716,110.58568822600918,114.49852752685547,557442000,0.0,0.0
2024-05-30 00:00:00-04:00,114.32401567603497,115.48969056494155,109.35119576529627,110.1858139038086,484553000,0.0,0.0
2024-05-31 00:00:00-04:00,112.20006619281486,112.39651226649593,106.6359377048998,109.32128143310547,613263000,0.0,0.0
2024-06-03 00:00:00-04:00,113.29793498606988,114.67301177978516,111.68453173387806,114.67301177978516,438392000,0.0,0.0
2024-06-04 00:00:00-04:00,115.38699108204422,116.26847269779265,113.72073695926161,116.1059341430664,403324000,0.0,0.0
2024-06-05 00:00:00-04:00,118.03444216742467,122.10084264977675,117.13400975669744,122.09187316894531,528402000,0.0,0.0
2024-06-06 00:00:00-04:00,123.69530003662086,125.22992577254257,117.98358919974154,120.65397644042969,664696000,0.0,0.0
2024-06-07 00:00:00-04:00,119.42947108598517,121.34601121410144,117.6864474461413,120.54429626464844,412386000,0.0,0.0
2024-06-10 00:00:00-04:00,120.02776477909312,122.74999853797115,116.67731737762591,121.4437255859375,313434100,0.0,10.0
2024-06-11 00:00:00-04:00,121.43375200225071,122.53072064853247,118.41211998717576,120.57613372802734,222551200,0.01,0.0
2024-06-12 00:00:00-04:00,122.72018091821553,126.5296321042774,122.23153612962203,124.8542709350586,299595000,0.0,0.0
2024-06-13 00:00:00-04:00,129.03274245209298,129.4416140587622,126.8089039349113,129.25213623046875,260704500,0.0,0.0
2024-06-14 00:00:00-04:00,129.60112719578945,132.47316384016574,127.9656566008486,131.5158233642578,309320400,0.0,0.0
2024-06-17 00:00:00-04:00,132.62277611443673,133.36072299109455,129.2221885999668,130.61831665039062,288504400,0.0,0.0
2024-06-18 00:00:00-04:00,130.77788509132313,135.95355648117285,130.32913071079423,135.20562744140625,294335100,0.0,0.0
2024-06-20 00:00:00-04:00,139.41394956266274,140.37129003031137,129.16233868973217,130.41885375976562,517768400,0.0,0.0
2024-06-21 00:00:00-04:00,126.76897377617152,130.2692833981682,123.95676122395307,126.22048950195312,649445800,0.0,0.0
2024-06-24 00:00:00-04:00,122.89968290118539,124.1163152101961,117.71404522588668,117.78385162353516,476060900,0.0,0.0
2024-06-25 00:00:00-04:00,120.86531742755339,126.15068514494095,118.9905115651875,125.74181365966797,414192600,0.0,0.0
2024-06-26 00:00:00-04:00,125.7817056647018,127.76620840809865,122.26145451808375,126.05096435546875,362975900,0.0,0.0
2024-06-27 00:00:00-04:00,123.75730274535012,126.0609289734585,122.58056095000113,123.6476058959961,252571700,0.0,0.0
2024-06-28 00:00:00-04:00,124.23599694106169,127.35735127952529,122.41104832536521,123.19886779785156,315516700,0.0,0.0
2024-07-01 00:00:00-04:00,123.12906191428952,124.49527404629498,118.50187501478464,123.95677185058594,284885500,0.0,0.0
2024-07-02 00:00:00-04:00,120.79551981451768,123.0692304193492,120.69579746715523,122.33126831054688,218374000,0.0,0.0
2024-07-03 00:00:00-04:00,121.32408029184768,127.92579650878906,121.024905598081,127.92579650878906,215749000,0.0,0.0
2024-07-05 00:00:00-04:00,127.02825159880693,128.49420118342798,125.3329490025218,125.48253631591797,214176700,0.0,0.0
2024-07-08 00:00:00-04:00,127.13796209423431,130.40891148198673,126.68920771422978,127.84600067138672,237677300,0.0,0.0
2024-07-09 00:00:00-04:00,129.99007251430768,133.45049207075732,128.29475452643044,131.01722717285156,285366600,0.0,0.0
2024-07-10 00:00:00-04:00,133.65988550841513,134.72693809179796,132.0543307877707,134.53746032714844,248978600,0.0,0.0
2024-07-11 00:00:00-04:00,135.37514352274295,135.7740328866088,126.69917051710233,127.04820251464844,374782700,0.0,0.0
2024-07-12 00:00:00-04:00,127.90582806874107,131.5557253023775,126.86870653322082,128.8831329345703,252680500,0.0,0.0
2024-07-15 00:00:00-04:00,130.19946809344353,131.02717795052595,126.828804392605,128.0853271484375,208326200,0.0,0.0
2024-07-16 00:00:00-04:00,128.08532061289833,128.6836546073769,124.23597923680788,126.01106262207031,214769500,0.0,0.0
2024-07-17 00:00:00-04:00,121.01489915039261,121.51351843622722,116.39768730256174,117.66417694091797,390086200,0.0,0.0
2024-07-18 00:00:00-04:00,121.51352635797906,122.0620106514847,116.23813305693453,120.75562286376953,320979500,0.0,0.0
2024-07-19 00:00:00-04:00,120.0176783628371,121.26422676213605,117.04591123957188,117.60436248779297,217223800,0.0,0.0
2024-07-22 00:00:00-04:00,120.01767396475167,123.72740308245356,119.52902914046476,123.19886779785156,258068900,0.0,0.0
2024-07-23 00:00:00-04:00,122.44095787706307,124.34568731396223,121.76283530375956,122.25148010253906,173911000,0.0,0.0
2024-07-24 00:00:00-04:00,118.84092133007209,119.6187662154648,113.1267484514862,113.93450927734375,327776900,0.0,0.0
2024-07-25 00:00:00-04:00,112.72785127466838,116.30793416547407,106.00646529957123,111.9699478149414,460067000,0.0,0.0
2024-07-26 00:00:00-04:00,115.8691646723326,115.87913158113766,111.27189374853045,112.747802734375,293399100,0.0,0.0
2024-07-29 00:00:00-04:00,113.3760598876514,115.95890423286832,110.99266022089631,111.28185272216797,248152100,0.0,0.0
2024-07-30 00:00:00-04:00,111.21204752075072,111.68075088933978,102.2568489765504,103.44356536865234,486833300,0.0,0.0
2024-07-31 00:00:00-04:00,112.58823561538453,118.01320824039244,110.57380945153913,116.69685363769531,473174200,0.0,0.0
2024-08-01 00:00:00-04:00,117.20544905631927,119.82819139029307,106.51505026446524,108.9084243774414,523462300,0.0,0.0
2024-08-02 00:00:00-04:00,103.47347587762454,108.4197782586363,101.09007631034588,106.9737777709961,482027500,0.0,0.0
2024-08-05 00:00:00-04:00,91.80578374541406,103.12444802394918,90.43957172286065,100.17261505126953,552842400,0.0,0.0
2024-08-06 00:00:00-04:00,103.55325619325184,107.41257244920943,100.27234777984627,103.96212768554688,409012100,0.0,0.0
2024-08-07 00:00:00-04:00,107.51228858966286,108.49956025923653,98.41747763354093,98.63687133789062,411440400,0.0,0.0
2024-08-08 00:00:00-04:00,101.71833034514779,105.20866520993226,97.25069837056012,104.68013000488281,391910000,0.0,0.0
2024-08-09 00:00:00-04:00,105.34830392792105,106.3056522420622,103.1444071409407,104.46076202392578,290844200,0.0,0.0
2024-08-12 00:00:00-04:00,106.02641463942724,110.76329830179426,105.96658275414626,108.71895599365234,325559900,0.0,0.0
2024-08-13 00:00:00-04:00,112.1295177782614,115.90905322658823,111.27189191883488,115.81929779052734,312646700,0.0,0.0
2024-08-14 00:00:00-04:00,118.2026834397928,118.27248983356148,113.75500044516707,117.7539291381836,339246400,0.0,0.0
2024-08-15 00:00:00-04:00,118.43207464919817,122.89969993454777,117.14563576424416,122.520751953125,318086700,0.0,0.0
2024-08-16 00:00:00-04:00,121.60327554530542,124.6548231821397,120.84537209002657,124.2359848022461,302589900,0.0,0.0
2024-08-19 00:00:00-04:00,123.93681555512863,129.64102172851562,123.07918972579691,129.64102172851562,318333600,0.0,0.0
2024-08-20 00:00:00-04:00,128.0454466862765,129.521370960835,125.54238295508182,126.89862823486328,300087400,0.0,0.0
2024-08-21 00:00:00-04:00,126.96844527510662,128.99284645503002,126.31027161533281,128.1451873779297,257883600,0.0,0.0
2024-08-22 00:00:00-04:00,129.66096486520394,130.3889447703718,122.7600680862335,123.39830017089844,376189100,0.0,0.0
2024-08-23 00:00:00-04:00,125.51246908853835,129.24214747384983,124.87423690023081,129.0127716064453,323230300,0.0,0.0
2024-08-26 00:00:00-04:00,129.2122143703238,130.89753484404284,124.02656901853358,126.11079406738281,331964700,0.0,0.0
2024-08-27 00:00:00-04:00,124.70470624383526,128.84324088713785,123.53793114727517,127.94573211669922,303134600,0.0,0.0
2024-08-28 00:00:00-04:00,127.76621672239743,127.97564354365645,122.30135293496008,125.26315307617188,448101100,0.0,0.0
2024-08-29 00:00:00-04:00,121.02488328117458,124.0864056350864,116.38772203285157,117.26528930664062,453023300,0.0,0.0
2024-08-30 00:00:00-04:00,119.19992897597831,121.41379989153823,116.89631023816276,119.04037475585938,333751600,0.0,0.0
2024-09-03 00:00:00-04:00,115.68965834345619,115.88910303086084,106.99373606605621,107.70177459716797,477155100,0.0,0.0
2024-09-04 00:00:00-04:00,105.11892359162538,112.95721192187169,103.83248489547353,105.91670989990234,372470300,0.0,0.0
2024-09-05 00:00:00-04:00,104.70007717737126,109.3472126473878,104.47071656289586,106.91394805908203,306850700,0.0,0.0
2024-09-06 00:00:00-04:00,107.74167143504636,107.85136830211154,100.67124500554577,102.54605865478516,413638100,0.0,0.0
2024-09-09 00:00:00-04:00,104.59038905946406,106.25578342210773,103.40368021481835,106.1760025024414,273912000,0.0,0.0
2024-09-10 00:00:00-04:00,107.51228306871653,109.09789628161208,104.660180275284,107.80148315429688,268283700,0.0,0.0
2024-09-11 00:00:00-04:00,109.08792746358935,116.86639141709085,107.12336624714985,116.58716583251953,441422400,0.0,0.0
2024-09-12 00:00:00-04:00,116.52733397843357,120.46676839354188,115.07124183313299,118.82118225097656,366052700,0.01,0.0
2024-09-13 00:00:00-04:00,118.76133738659651,119.6389797203674,117.28529459768677,118.78128051757812,238358300,0.0,0.0
2024-09-16 00:00:00-04:00,116.47746652004345,117.8637462195167,114.05396898625607,116.46749114990234,248772300,0.0,0.0
2024-09-17 00:00:00-04:00,117.85376774830212,118.48208669803358,114.52270945275087,115.28067016601562,231925900,0.0,0.0
2024-09-18 00:00:00-04:00,115.57987289959789,117.38502682895009,112.91701975753097,113.06661987304688,310318900,0.0,0.0
2024-09-19 00:00:00-04:00,117.03596036023049,119.3397837869768,116.93622949013678,117.55457305908203,293506400,0.0,0.0
2024-09-20 00:00:00-04:00,116.74673611998301,118.30256661567998,115.08120699289479,115.6895751953125,382462400,0.0,0.0
2024-09-23 00:00:00-04:00,116.23810791147417,116.67692526968904,114.55262802291854,115.94888305664062,206228500,0.0,0.0
2024-09-24 00:00:00-04:00,116.20818908018337,121.47406618937484,115.07124032940908,120.54655456542969,354966800,0.0,0.0
2024-09-25 00:00:00-04:00,121.69346336275538,124.60565503965537,121.28456450552947,123.17948150634766,284692900,0.0,0.0
2024-09-26 00:00:00-04:00,126.46066959704271,127.32833649308198,121.47405025345233,123.70805358886719,302582900,0.0,0.0
2024-09-27 00:00:00-04:00,123.63824105329503,123.69807805046355,118.9408465511356,121.07511901855469,271009200,0.0,0.0
2024-09-30 00:00:00-04:00,117.99339940741461,121.1748653861715,117.83383152489164,121.11502838134766,226553700,0.0,0.0
2024-10-01 00:00:00-04:00,121.44412897274735,122.11234177416986,115.48013626179672,116.68689727783203,302094500,0.0,0.0
2024-10-02 00:00:00-04:00,116.12840510154699,119.06053238913914,114.831880901423,118.53195190429688,221845900,0.0,0.0
2024-10-03 00:00:00-04:00,120.59641230247804,124.0272091849403,120.01796257527629,122.52124786376953,277118000,0.0,0.0
2024-10-04 00:00:00-04:00,124.6056517279934,124.70538259718006,121.50397375972977,124.58570098876953,243678100,0.0,0.0
2024-10-07 00:00:00-04:00,124.65550686574433,130.2903881845544,124.61561299835192,127.37820434570312,346250200,0.0,0.0
2024-10-08 00:00:00-04:00,129.9114112143918,133.1227955252644,129.07366275536995,132.5343780517578,285722500,0.0,0.0
2024-10-09 00:00:00-04:00,133.75111306364067,134.16001952786942,131.02842299164354,132.29501342773438,246191600,0.0,0.0
2024-10-10 00:00:00-04:00,131.55701568457982,134.6387432670493,130.64944717024784,134.44924926757812,242311300,0.0,0.0
2024-10-11 00:00:00-04:00,133.65139075503694,135.41665858843493,133.3023364675461,134.4392852783203,170209500,0.0,0.0
2024-10-14 00:00:00-04:00,136.10479144805439,139.22642006970023,135.9352482142016,137.7005157470703,232347700,0.0,0.0
2024-10-15 00:00:00-04:00,137.50104323972985,138.1991821543322,128.3954862474048,131.24783325195312,377831000,0.0,0.0
2024-10-16 00:00:00-04:00,133.62143219677557,136.25436629658557,131.22786127620384,135.35678100585938,264879700,0.0,0.0
2024-10-17 00:00:00-04:00,138.9671381366491,140.5129935540953,136.5037463621669,136.56358337402344,306435900,0.0,0.0
2024-10-18 00:00:00-04:00,138.2989120156457,138.52829226592988,136.9126323168706,137.63070678710938,176090200,0.0,0.0
2024-10-21 00:00:00-04:00,137.76036967912168,143.325439453125,137.63071268872676,143.325439453125,264554500,0.0,0.0
2024-10-22 00:00:00-04:00,142.5275764963188,144.0335302578968,141.400595506541,143.20574951171875,226311600,0.0,0.0
2024-10-23 00:00:00-04:00,141.64993025905358,142.04885378245024,137.09216737152124,139.18653869628906,285930000,0.0,0.0
2024-10-24 00:00:00-04:00,140.4431777464081,140.97175826689335,138.08949241788707,140.03427124023438,172354900,0.0,0.0
2024-10-25 00:00:00-04:00,140.55287134358582,143.74432048434818,140.42322956503693,141.16123962402344,205122100,0.0,0.0
2024-10-28 00:00:00-04:00,142.6173258267159,142.7569505719539,139.67522319765803,140.1439666748047,173586700,0.0,0.0
2024-10-29 00:00:00-04:00,139.91457158033694,141.8793009979601,138.52829188537018,140.87200927734375,157593600,0.0,0.0
2024-10-30 00:00:00-04:00,139.1665637778278,139.95445814390004,136.44387391965424,138.96710205078125,179418100,0.0,0.0
2024-10-31 00:00:00-04:00,137.2317836775648,137.24175143875112,131.756469630996,132.40472412109375,270039600,0.0,0.0
2024-11-01 00:00:00-04:00,134.3395349599235,136.94255111570317,134.2098931927627,135.03765869140625,207127800,0.0,0.0
2024-11-04 00:00:00-05:00,136.8428124063768,138.58812914709054,135.2072018980832,135.6859130859375,187528200,0.0,0.0
2024-11-05 00:00:00-05:00,137.0821601293647,139.99434394500742,136.9624861371184,139.53558349609375,160537400,0.0,0.0
2024-11-06 00:00:00-05:00,142.57743460752744,146.09798683530676,141.58011068537002,145.2203369140625,242043900,0.0,0.0
2024-11-07 00:00:00-05:00,145.9982557303204,148.53145192465237,145.77884323892675,148.48159790039062,207323300,0.0,0.0
2024-11-08 00:00:00-05:00,148.3718728926044,149.3691967390222,145.868580298605,147.23492431640625,175665800,0.0,0.0
2024-11-11 00:00:00-05:00,148.2821074463959,148.4516658981078,143.18579701946294,144.8712615966797,182325600,0.0,0.0
2024-11-12 00:00:00-05:00,146.38723451939185,149.24954990148254,145.6192906786022,147.8931884765625,198634700,0.0,0.0
2024-11-13 00:00:00-05:00,148.67106495867824,148.93036366610121,145.5095351466514,145.87855529785156,191903300,0.0,0.0
2024-11-14 00:00:00-05:00,147.24489842760545,148.60125952595652,145.16049515099348,146.36724853515625,194463300,0.0,0.0
2024-11-15 00:00:00-05:00,144.4823175216733,144.85133773586546,139.70514243904907,141.6000518798828,250132900,0.0,0.0
2024-11-18 00:00:00-05:00,139.12669362767247,141.17121080701085,136.78297621414575,139.7749481201172,221205300,0.0,0.0
2024-11-19 00:00:00-05:00,140.94180242373534,146.73625109020787,140.61268375361473,146.61656188964844,227834900,0.0,0.0
2024-11-20 00:00:00-05:00,147.01550923449048,147.1651017216073,142.34802580304432,145.49957275390625,309871700,0.0,0.0
2024-11-21 00:00:00-05:00,148.95034787282623,152.48086819347145,140.3234860038813,146.2775115966797,400946600,0.0,0.0
2024-11-22 00:00:00-05:00,145.53949007763015,146.7662096056562,140.72242834878378,141.5701446533203,236406200,0.0,0.0
2024-11-25 00:00:00-05:00,141.61001503848368,141.66985203296244,135.45652887967213,135.65599060058594,344941900,0.0,0.0
2024-11-26 00:00:00-05:00,137.33151565059862,138.9272401830298,135.30694909062626,136.55360412597656,190287700,0.0,0.0
2024-11-27 00:00:00-05:00,134.64871022731037,136.85280300357402,131.44730865073987,134.9778289794922,226370900,0.0,0.0
2024-11-29 00:00:00-05:00,136.41396798376013,138.97709782710584,135.68592576491588,137.88003540039062,141863200,0.0,0.0
2024-12-02 00:00:00-05:00,138.45849496272686,140.07415499884576,137.45120318506554,138.259033203125,171682800,0.0,0.0
2024-12-03 00:00:00-05:00,137.8899957715255,140.1638930268938,137.58082780000817,139.8846435546875,164414000,0.0,0.0
2024-12-04 00:00:00-05:00,141.61997562000002,145.3998260198739,139.91454527402882,144.75157165527344,231224300,0.0,0.0
2024-12-05 00:00:00-05:00,144.73165063129176,146.1579148411047,143.57467148409813,144.68177795410156,172621200,0.01,0.0
2024-12-06 00:00:00-05:00,144.2229906612707,145.3201135010368,140.94156015213164,142.06861877441406,188505600,0.0,0.0
2024-12-09 00:00:00-05:00,138.6076455444956,139.58508599383495,136.77244688316378,138.44805908203125,189308600,0.0,0.0
2024-12-10 00:00:00-05:00,138.6475644899376,141.45025097804097,133.4411729750498,134.7178497314453,210020900,0.0,0.0
2024-12-11 00:00:00-05:00,137.00183449376547,139.80450498546415,134.85744670503564,138.94674682617188,184905200,0.0,0.0
2024-12-12 00:00:00-05:00,136.72258646567687,138.07904108019704,135.44592508954074,136.98190307617188,159211400,0.0,0.0
2024-12-13 00:00:00-05:00,138.57775313836598,139.2360360155149,132.19443031399229,133.8999786376953,231514900,0.0,0.0
2024-12-16 00:00:00-05:00,133.8301313094174,134.04955889819416,130.07994062496547,131.65582275390625,237951100,0.0,0.0
2024-12-17 00:00:00-05:00,128.75343512194198,131.24691716498373,126.52925340087059,130.050048828125,259410300,0.0,0.0
2024-12-18 00:00:00-05:00,133.51095751271384,136.34354849340636,127.94550566757769,128.57386779785156,277444500,0.0,0.0
2024-12-19 00:00:00-05:00,131.41644980197495,133.68053537391728,129.212220572867,130.33926391601562,209719200,0.0,0.0
2024-12-20 00:00:00-05:00,129.4715360054975,134.92727495716574,127.88568536239204,134.34878540039062,306528600,0.0,0.0
2024-12-23 00:00:00-05:00,135.92467137837366,139.42551415908295,134.76769223262775,139.3058319091797,176053500,0.0,0.0
2024-12-24 00:00:00-05:00,139.63498826590208,141.53002844762267,138.28850193430708,139.8544158935547,105157000,0.0,0.0
2024-12-26 00:00:00-05:00,139.33575896662117,140.48276971800976,137.37089410442982,139.56515502929688,116205600,0.0,0.0
2024-12-27 00:00:00-05:00,138.1887488761999,138.65752461945982,134.35876491420703,136.6527557373047,170582600,0.0,0.0
2024-12-30 00:00:00-05:00,134.4784624698932,139.90428131004603,133.67057680049638,137.13153076171875,167734700,0.0,0.0
2024-12-31 00:00:00-05:00,137.67010377599792,137.71000800391963,133.48105776544256,133.93984985351562,155659200,0.0,0.0
2025-01-02 00:00:00-05:00,135.64539681236818,138.51789243847597,134.27897378808947,137.94937133789062,198247200,0.0,0.0
2025-01-03 00:00:00-05:00,139.6449446721197,144.52219430432945,139.36567593719187,144.09332275390625,229322500,0.0,0.0
2025-01-06 00:00:00-05:00,148.20258376458906,151.76328315584956,147.43460231153736,149.04039001464844,265377400,0.0,0.0
2025-01-07 00:00:00-05:00,152.63098706400407,152.73073241075815,139.6449312609891,139.77459716796875,351782200,0.0,0.0
2025-01-08 00:00:00-05:00,142.20825109505992,143.57467420574872,137.20133554653654,139.74468994140625,227349900,0.0,0.0
2025-01-10 00:00:00-05:00,137.09162690267476,139.55518814906236,133.87005266470834,135.55564880371094,207602500,0.0,0.0
2025-01-13 00:00:00-05:00,129.6510717959939,133.1419459563911,129.17231238202828,132.8826141357422,204808900,0.0,0.0
2025-01-14 00:00:00-05:00,135.69526562735138,136.02440701006375,129.71091005586072,131.41644287109375,195590500,0.0,0.0
2025-01-15 00:00:00-05:00,133.30152233922777,136.094224818832,130.9476750631476,135.88478088378906,185217300,0.0,0.0
2025-01-16 00:00:00-05:00,138.2785134363621,138.38822723428095,133.14194748607855,133.22174072265625,209235600,0.0,0.0
2025-01-17 00:00:00-05:00,136.33359221153037,138.13887032002236,135.1068036173015,137.35093688964844,201188800,0.0,0.0
2025-01-21 00:00:00-05:00,138.79715528751996,141.46019165371834,136.7325453387914,140.46279907226562,197749000,0.0,0.0
2025-01-22 00:00:00-05:00,144.2828338584672,147.40466270866227,143.2954095914058,146.68655395507812,237651400,0.0,0.0
2025-01-23 00:00:00-05:00,144.67181084027297,146.8461195709751,143.34527675360425,146.83615112304688,155915500,0.0,0.0
2025-01-24 00:00:00-05:00,147.98316218253018,148.58160393928114,141.5100927680708,142.24815368652344,234657600,0.0,0.0
2025-01-27 00:00:00-05:00,124.47460659166907,128.06521102414737,116.39571998533557,118.11123657226562,818830900,0.0,0.0
2025-01-28 00:00:00-05:00,121.49238479939024,128.6636397113665,115.94688462361518,128.65367126464844,579666400,0.0,0.0
2025-01-29 00:00:00-05:00,126.17017448185184,126.55915701971556,119.7369947161038,123.37747192382812,467120600,0.0,0.0
2025-01-30 00:00:00-05:00,122.77903527699785,124.67408285834512,117.79207196266405,124.32499694824219,392925500,0.0,0.0
2025-01-31 00:00:00-05:00,123.45726093608867,127.51664871512425,118.8792323275003,119.7569351196289,388161100,0.0,0.0
2025-02-03 00:00:00-05:00,114.450796259988,118.26083553480754,112.71533533624856,116.35581970214844,371235700,0.0,0.0
2025-02-04 00:00:00-05:00,116.65503370463425,120.88397605738155,116.39570950659508,118.34062957763672,256550000,0.0,0.0
2025-02-05 00:00:00-05:00,121.44253659311748,124.67408679210826,120.44514389878061,124.50453186035156,262230800,0.0,0.0
2025-02-06 00:00:00-05:00,127.08775801782105,128.43424405982125,124.8835213759819,128.34446716308594,251483600,0.0,0.0
2025-02-07 00:00:00-05:00,128.88308623826384,130.03008175856976,124.67408781607283,129.50146484375,228186300,0.0,0.0
2025-02-10 00:00:00-05:00,129.7508034170435,134.64800487659767,129.621152724233,133.22174072265625,216989100,0.0,0.0
2025-02-11 00:00:00-05:00,132.23433823730105,134.12937845518158,130.67840791626125,132.45376586914062,178902400,0.0,0.0
2025-02-12 00:00:00-05:00,129.68099034166102,131.89520313508,128.74343886096966,130.79806518554688,160278600,0.0,0.0
2025-02-13 00:00:00-05:00,131.2169852346524,136.14410776005724,130.8280026783839,134.937255859375,197430000,0.0,0.0
2025-02-14 00:00:00-05:00,136.12414513567924,138.8869270481558,135.1467045962306,138.48797607421875,195479600,0.0,0.0
2025-02-18 00:00:00-05:00,140.90167961185236,143.06602007700403,137.57037622357197,139.0365447998047,219176600,0.0,0.0
2025-02-19 00:00:00-05:00,139.1462426003846,140.99142508356047,136.86222013681927,138.86697387695312,167536000,0.0,0.0
2025-02-20 00:00:00-05:00,139.6648967001902,140.29325896288867,136.43333891646114,139.74468994140625,143903600,0.0,0.0
2025-02-21 00:00:00-05:00,139.67487215272783,141.09118323158302,133.68054728393315,134.07949829101562,228217600,0.0,0.0
2025-02-24 00:00:00-05:00,136.20393197137406,138.22863774598196,129.74083213959625,129.9403076171875,251381100,0.0,0.0
2025-02-25 00:00:00-05:00,129.64108357480436,129.8605111604116,124.11553536570229,126.29981994628906,271428700,0.0,0.0
2025-02-26 00:00:00-05:00,129.65109883362112,133.3813382599071,128.15500959573998,130.93772888183594,322553800,0.0,0.0
2025-02-27 00:00:00-05:00,134.64800202891726,134.65797047615226,119.69708897132982,119.83672332763672,443175800,0.0,0.0
2025-02-28 00:00:00-05:00,117.71228067710521,124.76384661623277,116.09650940652436,124.59429168701172,389091100,0.0,0.0
2025-03-03 00:00:00-05:00,123.18797717385785,123.3774766164976,111.9872535622559,113.76261138916016,411381400,0.0,0.0
2025-03-04 00:00:00-05:00,110.36150296756519,118.9989197292815,109.82291000037466,115.68757629394531,398163300,0.0,0.0
2025-03-05 00:00:00-05:00,117.27343224392774,117.97160407078815,114.21143704412195,116.9941635131836,284337900,0.0,0.0
2025-03-06 00:00:00-05:00,113.2339891683523,115.04924353236196,109.93262184934352,110.28170776367188,321181900,0.0,0.0
2025-03-07 00:00:00-05:00,110.95993136050063,113.18412029909872,107.27955007853643,112.39617919921875,341755500,0.0,0.0
2025-03-10 00:00:00-04:00,109.61344966651625,111.5583622176382,105.18502403072868,106.70106506347656,366487400,0.0,0.0
2025-03-11 00:00:00-04:00,106.71102843945867,111.94733940770921,104.4968157267925,108.4764175415039,354865700,0.0,0.0
2025-03-12 00:00:00-04:00,113.83292501602207,116.46628328215824,112.59603885298675,115.44884490966797,323857500,0.01,0.0
2025-03-13 00:00:00-04:00,116.73560262668995,117.46376961532557,113.50375517662202,115.28925323486328,299033100,0.0,0.0
2025-03-14 00:00:00-04:00,118.31162980343127,121.57340056729696,117.85278787516224,121.36392974853516,277593500,0.0,0.0
2025-03-17 00:00:00-04:00,122.43123309193861,122.58085727393843,117.73308248243704,119.22930908203125,255501500,0.0,0.0
2025-03-18 00:00:00-04:00,117.70316017412442,118.7205909220559,114.25186503478537,115.1396255493164,299686900,0.0,0.0
2025-03-19 00:00:00-04:00,116.97498651717953,120.14698705841565,115.3889900516623,117.22435760498047,273426200,0.0,0.0
2025-03-20 00:00:00-04:00,116.25680439544837,119.89761619602571,116.17700382075364,118.23181915283203,248829700,0.0,0.0
2025-03-21 00:00:00-04:00,116.64582513098318,117.6931791575635,115.1296446207881,117.4039077758789,266498500,0.0,0.0
2025-03-24 00:00:00-04:00,119.5784337604655,121.91255134314885,119.03979124138472,121.1045913696289,228452500,0.0,0.0
2025-03-25 00:00:00-04:00,120.24674348347415,120.98487978418257,118.62083909476823,120.38639068603516,167447200,0.0,0.0
2025-03-26 00:00:00-04:00,118.4313220614094,118.5410383402261,112.42646191953317,113.47382354736328,293463300,0.0,0.0
2025-03-27 00:00:00-04:00,111.06989576493363,114.16209614311421,110.38163664595127,111.14969635009766,236902100,0.0,0.0
2025-03-28 00:00:00-04:00,111.20954068147716,112.58607411134861,108.79563010676111,109.39411926269531,229872500,0.0,0.0
2025-03-31 00:00:00-04:00,104.86552901006266,110.68086470981991,103.38925640513808,108.10735321044922,299212700,0.0,0.0
2025-04-01 00:00:00-04:00,108.24699756669231,109.92277156753886,106.20215922942107,109.8729019165039,222614000,0.0,0.0
2025-04-02 00:00:00-04:00,107.02010369655069,111.69830803370559,106.52136148952614,110.14222717285156,220601200,0.0,0.0
2025-04-03 00:00:00-04:00,103.24961220285616,105.36427425680411,101.344413349133,101.54391479492188,338769400,0.0,0.0
2025-04-04 00:00:00-04:00,98.66119636165205,99.87812106911886,91.87829866162578,94.07276153564453,532273800,0.0,0.0
2025-04-07 00:00:00-04:00,87.23998007579976,101.49403230771996,86.40209687721266,97.39437103271484,611041300,0.0,0.0
2025-04-08 00:00:00-04:00,103.54885717389794,105.58372634261488,94.2223791915971,96.05775451660156,476243400,0.0,0.0
2025-04-09 00:00:00-04:00,98.64122793388745,114.81044852614636,97.28464859296416,114.04238891601562,612918300,0.0,0.0
2025-04-10 00:00:00-04:00,109.09487535601897,110.58112503277279,98.90058321638736,107.29940032958984,437812400,0.0,0.0
2025-04-11 00:00:00-04:00,108.22706011361765,111.26939065397997,107.20962934859612,110.65094757080078,313417300,0.0,0.0
2025-04-14 00:00:00-04:00,113.82294410726054,114.00249160148302,108.79562187923341,110.4314956665039,264705000,0.0,0.0
2025-04-15 00:00:00-04:00,110.69084593782598,113.33418114021705,110.22202704858428,111.9177474975586,228966900,0.0,0.0
2025-04-16 00:00:00-04:00,104.2869965726397,106.52135948725393,100.1973044637503,104.22714233398438,397016900,0.0,0.0
2025-04-17 00:00:00-04:00,104.1872406628714,104.20719461222582,99.79831546993584,101.23468780517578,292517500,0.0,0.0
2025-04-21 00:00:00-04:00,98.52153569265882,99.18985605733366,94.80092295909544,96.66622161865234,288501100,0.0,0.0
2025-04-22 00:00:00-04:00,98.53150383378456,99.55891150664588,97.03527729423074,98.64122772216797,241004800,0.0,0.0
2025-04-23 00:00:00-04:00,104.25705857766793,104.53636058197965,101.76334775853866,102.45161437988281,247526000,0.0,0.0
2025-04-24 00:00:00-04:00,103.21967869312851,106.27197821529161,102.85060676252529,106.1622543334961,220815000,0.0,0.0
2025-04-25 00:00:00-04:00,106.58121206849437,111.63845793071249,105.46403435389149,110.73075103759766,251064700,0.0,0.0
2025-04-28 00:00:00-04:00,109.4140660423662,110.09235573735528,105.75329251827114,108.45648193359375,207708500,0.0,0.0
2025-04-29 00:00:00-04:00,107.39914795371472,109.9227823722281,107.16973079396023,108.7457504272461,170444300,0.0,0.0
2025-04-30 00:00:00-04:00,104.20719367744803,108.64599609375,103.81817538074749,108.64599609375,235044600,0.0,0.0
2025-05-01 00:00:00-04:00,112.79553450528941,114.6508560442669,111.02001354244473,111.32923126220703,236121500,0.0,0.0
2025-05-02 00:00:00-04:00,113.8927727544179,115.10970497913567,113.08481279973248,114.21196746826172,190194800,0.0,0.0
2025-05-05 00:00:00-04:00,112.62596928442517,114.38153638068397,112.3765981799359,113.53367614746094,133163200,0.0,0.0
2025-05-06 00:00:00-04:00,111.19957134225872,114.4513652140045,110.541227943435,113.25438690185547,158525600,0.0,0.0
2025-05-07 00:00:00-04:00,112.7656187028628,117.38396890879066,111.99755142427854,116.7655258178711,206758800,0.0,0.0
2025-05-08 00:00:00-04:00,117.95252869863282,118.38144728921775,115.55856464909375,117.07474517822266,198428100,0.0,0.0
2025-05-09 00:00:00-04:00,117.05479580716789,117.9325869721132,114.92017974547274,116.35655975341797,132972200,0.0,0.0
2025-05-12 00:00:00-04:00,121.66318211752383,122.69058990478516,119.97743092665668,122.69058990478516,225023300,0.0,0.0
2025-05-13 00:00:00-04:00,124.66561195964681,130.88991289915035,124.15689275092413,129.6031494140625,330430100,0.0,0.0
2025-05-14 00:00:00-04:00,132.8649261154048,135.099296769805,131.34874548490453,134.99954223632812,281180800,0.0,0.0
2025-05-15 00:00:00-04:00,133.95214894900732,135.95710196840525,132.32626002340953,134.4907989501953,226632600,0.0,0.0
2025-05-16 00:00:00-04:00,135.87733175434735,136.0070096021913,133.1242801768634,135.05938720703125,226542500,0.0,0.0
2025-05-19 00:00:00-04:00,132.05696494191162,135.5282065455698,132.05696494191162,135.22897338867188,193154600,0.0,0.0
2025-05-20 00:00:00-04:00,133.9521612557517,134.24144022899694,132.28636428496227,134.0419464111328,161514200,0.0,0.0
2025-05-21 00:00:00-04:00,132.72526966841644,137.0543482410567,130.26148202288624,131.46844482421875,270608700,0.0,0.0
2025-05-22 00:00:00-04:00,131.8973680939745,133.91229099864714,131.21908595560456,132.49586486816406,187344000,0.0,0.0
2025-05-23 00:00:00-04:00,129.67298375994758,132.3462348885888,128.83510044085753,130.95973205566406,198821300,0.0,0.0
2025-05-27 00:00:00-04:00,133.81250879901197,135.31871978851976,132.974625664691,135.15911865234375,192953600,0.0,0.0
2025-05-28 00:00:00-04:00,135.68780317037033,136.904735369061,134.45091702175245,134.4708709716797,304021100,0.0,0.0
2025-05-29 00:00:00-04:00,141.8921589021039,143.12904506361895,137.56308016740775,138.83985900878906,369241900,0.0,0.0
2025-05-30 00:00:00-04:00,138.37101919890563,139.2687489540489,132.58560738686538,134.79005432128906,333170900,0.0,0.0
2025-06-02 00:00:00-04:00,135.14916370580715,137.7725372671851,135.05937854437917,137.03440856933594,197663100,0.0,0.0
2025-06-03 00:00:00-04:00,138.4308667634816,141.64276735349586,137.60295298700936,140.86473083496094,225578800,0.0,0.0
2025-06-04 00:00:00-04:00,141.83229805086768,142.03179187100486,139.1889554677409,141.56297302246094,167120800,0.0,0.0
2025-06-05 00:00:00-04:00,141.8123411098902,143.63773920540723,138.4807472006614,139.63783264160156,231397900,0.0,0.0
2025-06-06 00:00:00-04:00,142.1515008770834,142.9095987862069,141.15401644541944,141.36349487304688,153986200,0.0,0.0
2025-06-09 00:00:00-04:00,142.8297985646697,144.63524295526028,141.58294302195193,142.27120971679688,185114500,0.0,0.0
2025-06-10 00:00:00-04:00,142.33106034435926,143.92702635161132,141.17397471532814,143.59786987304688,155881900,0.0,0.0
2025-06-11 00:00:00-04:00,144.25623511410478,144.6353103750697,141.52293261104455,142.4805908203125,167694000,0.01,0.0
2025-06-12 00:00:00-04:00,141.62270753548705,144.64529418945312,141.5030059559913,144.64529418945312,162365000,0.0,0.0
2025-06-13 00:00:00-04:00,142.13145812905782,143.2287733742275,140.50545582034982,141.62271118164062,180820600,0.0,0.0
2025-06-16 00:00:00-04:00,142.99931091676874,145.82237413621124,142.84966874779792,144.33602905273438,183133700,0.0,0.0
2025-06-17 00:00:00-04:00,144.13653073401778,144.8647406282524,143.42826095310537,143.76742553710938,139108000,0.0,0.0
2025-06-18 00:00:00-04:00,143.65770976302605,145.29369730081095,142.76988753620614,145.12411499023438,161494100,0.0,0.0
2025-06-20 00:00:00-04:00,145.09416929186932,145.84233449814036,142.30101614416546,143.4980926513672,242956200,0.0,0.0
2025-06-23 00:00:00-04:00,142.15140884759998,144.4258301714446,141.6825573691225,143.81732177734375,154308900,0.0,0.0
2025-06-24 00:00:00-04:00,145.20390562225958,147.59804349475166,145.1440548392029,147.53817749023438,187566100,0.0,0.0
2025-06-25 00:00:00-04:00,148.90483162044157,154.0721520137232,148.8948463426075,153.9324951171875,269146500,0.0,0.0
2025-06-26 00:00:00-04:00,155.59842060814296,156.33661581991106,153.6232685600938,154.64077758789062,198145700,0.0,0.0
2025-06-27 00:00:00-04:00,155.65826650868465,158.32174817747665,154.880175871103,157.3640899658203,263234500,0.0,0.0
2025-06-30 00:00:00-04:00,158.01248577811177,158.27185945851633,155.57846775508057,157.60350036621094,194580300,0.0,0.0
2025-07-01 00:00:00-04:00,155.90764810734902,156.81542555199195,151.1194029227986,152.9249725341797,213143600,0.0,0.0
2025-07-02 00:00:00-04:00,152.6057523429847,157.21446053326332,152.59578228626097,156.8653106689453,171224100,0.0,0.0
2025-07-03 00:00:00-04:00,157.98256705200242,160.58618269349765,157.3840439934681,158.9501953125,143716100,0.0,0.0
2025-07-07 00:00:00-04:00,157.81297934590498,158.92026447090194,156.95508262544374,157.85289001464844,140139000,0.0,0.0
2025-07-08 00:00:00-04:00,158.94022243433284,159.82804456030718,158.0025195823342,159.60858154296875,138133000,0.0,0.0
2025-07-09 00:00:00-04:00,160.82559421950873,164.01776272716893,160.76574343834326,162.48153686523438,183656400,0.0,0.0
2025-07-10 00:00:00-04:00,163.91802564623063,164.0975779997467,161.214648514871,163.6985626220703,167704100,0.0,0.0
2025-07-11 00:00:00-04:00,163.319494380175,167.4792915182188,163.07010595303956,164.5165557861328,193633300,0.0,0.0
2025-07-14 00:00:00-04:00,164.96544774793,165.08516454052796,161.62365204151925,163.66864013671875,136975800,0.0,0.0
2025-07-15 00:00:00-04:00,170.77121644956358,171.97824787505814,168.78607915204378,170.28240966796875,230627400,0.0,0.0
2025-07-16 00:00:00-04:00,170.64152069930245,171.32983513615645,168.48680121561864,170.9507598876953,158831500,0.0,0.0
2025-07-17 00:00:00-04:00,171.59918390717252,173.7339481189201,170.4120926228971,172.5767822265625,160841100,0.0,0.0
2025-07-18 00:00:00-04:00,173.21522225123383,173.8237306114437,170.841039596405,171.9882354736328,146456400,0.0,0.0
2025-07-21 00:00:00-04:00,172.32738268326037,172.95584631586675,170.58166390065136,170.9607391357422,123126100,0.0,0.0
2025-07-22 00:00:00-04:00,170.9208374301641,170.97071815657463,164.17738028748298,166.6213836669922,193114300,0.0,0.0
2025-07-23 00:00:00-04:00,169.1152710575868,170.84103463039327,167.55908978070133,170.36221313476562,154082200,0.0,0.0
2025-07-24 00:00:00-04:00,172.01816431437092,173.40476336343244,170.88095369299285,173.3149871826172,128984600,0.0,0.0
2025-07-25 00:00:00-04:00,173.18529303585547,174.29257821699642,172.53688923976992,173.0755615234375,122316800,0.0,0.0
2025-07-28 00:00:00-04:00,173.59430945229414,176.56701539294556,173.54442872003753,176.317626953125,140023500,0.0,0.0
2025-07-29 00:00:00-04:00,177.52464594674228,178.94117023690123,174.59183591750704,175.08062744140625,154077500,0.0,0.0
2025-07-30 00:00:00-04:00,176.07819353379378,179.4499298230835,175.60934208925488,178.83145141601562,174312200,0.0,0.0
2025-07-31 00:00:00-04:00,182.45256948733228,182.85160010862035,175.49961883405416,177.43487548828125,221685400,0.0,0.0
2025-08-01 00:00:00-04:00,173.6641186818972,176.1081221843386,170.47194991004753,173.29502868652344,204529000,0.0,0.0
2025-08-04 00:00:00-04:00,174.7315057215643,179.75916955634796,174.09307197712414,179.55966186523438,148174600,0.0,0.0
2025-08-05 00:00:00-04:00,179.180556437907,179.81899007488775,175.46965616625067,177.82388305664062,156407600,0.0,0.0
2025-08-06 00:00:00-04:00,175.89862689332494,179.45988530544022,175.81882077930385,178.98106384277344,137192300,0.0,0.0
2025-08-07 00:00:00-04:00,181.12583532286254,183.43018196887525,178.3626072705472,180.32778930664062,151878400,0.0,0.0
2025-08-08 00:00:00-04:00,181.10587113034643,182.85159004607542,179.95867528141937,182.2530517578125,123396700,0.0,0.0
2025-08-11 00:00:00-04:00,181.6046539661726,183.39026839012567,179.80905426349312,181.6146240234375,138323200,0.0,0.0
2025-08-12 00:00:00-04:00,182.51242163652668,184.02869221788941,179.0209838780724,182.71192932128906,145485700,0.0,0.0
2025-08-13 00:00:00-04:00,182.17326161923742,183.51996527523906,178.9112718042809,181.14578247070312,179871700,0.0,0.0
2025-08-14 00:00:00-04:00,179.3102712094187,182.57227595462552,179.02098734413144,181.57472229003906,129554000,0.0,0.0
2025-08-15 00:00:00-04:00,181.43506987144983,181.45500998578265,177.6044521364236,180.00856018066406,156602200,0.0,0.0
2025-08-18 00:00:00-04:00,180.15820389652,182.49247589603021,180.14821861780752,181.5647430419922,132008000,0.0,0.0
2025-08-19 00:00:00-04:00,181.98370991508045,182.0535459787435,175.06070018553257,175.2103271484375,185229200,0.0,0.0
2025-08-20 00:00:00-04:00,174.74148365399904,175.5694550698242,168.38707131580557,174.97091674804688,215142700,0.0,0.0
2025-08-21 00:00:00-04:00,174.42225404103465,176.46722675550242,173.38478976711397,174.5519256591797,140040900,0.0,0.0
2025-08-22 00:00:00-04:00,172.1877223514448,178.15308843889832,170.78116816439123,177.5545654296875,172789400,0.0,0.0
2025-08-25 00:00:00-04:00,177.91369740024777,181.46498591558236,176.13805314258047,179.3701171875,163012800,0.0,0.0
2025-08-26 00:00:00-04:00,179.61950918930867,181.94381103857447,178.37256711704984,181.32533264160156,168688200,0.0,0.0
2025-08-27 00:00:00-04:00,181.53482178191953,182.0435839210746,178.66187741767394,181.15576171875,235518900,0.0,0.0
2025-08-28 00:00:00-04:00,180.37766708382995,184.01873199506826,175.97845161993425,179.729248046875,281787800,0.0,0.0
2025-08-29 00:00:00-04:00,177.674269227683,177.71416467354967,172.72639675993378,173.75387573242188,243257900,0.0,0.0
2025-09-02 00:00:00-04:00,169.58412249632292,171.9583050821389,166.81092453439402,170.36221313476562,231164900,0.0,0.0
2025-09-03 00:00:00-04:00,170.64153226145447,171.9882358353705,168.46687251736884,170.20260620117188,164424900,0.0,0.0
2025-09-04 00:00:00-04:00,170.15272152001435,171.43955894132503,168.9955557135668,171.24005126953125,141670100,0.0,0.0
2025-09-05 00:00:00-04:00,167.61894341349083,168.61649709218636,163.66863936987482,166.61141967773438,224441400,0.0,0.0
2025-09-08 00:00:00-04:00,167.140134281122,170.54179623040895,166.94062657490792,167.8982696533203,163769100,0.0,0.0
2025-09-09 00:00:00-04:00,168.67635699060992,170.56173293634785,166.33211485189898,170.34226989746094,157548400,0.0,0.0
2025-09-10 00:00:00-04:00,176.20789518840485,178.851406558282,175.04075911822534,176.89620971679688,226852000,0.0,0.0
2025-09-11 00:00:00-04:00,179.25053151190707,179.84910351407555,176.05818301908454,176.7465362548828,151159300,0.01,0.0
2025-09-12 00:00:00-04:00,177.3451207317183,178.1731387966239,176.02826832324598,177.39500427246094,124911000,0.0,0.0
2025-09-15 00:00:00-04:00,175.2501343169162,178.4225418052247,174.0929031464731,177.32516479492188,147061600,0.0,0.0
2025-09-16 00:00:00-04:00,176.5769489507663,177.0757538913052,173.96321593348455,174.46202087402344,140737800,0.0,0.0
2025-09-17 00:00:00-04:00,172.22736966160153,172.78602876073558,168.00748411706098,169.8829803466797,211843800,0.0,0.0
2025-09-18 00:00:00-04:00,173.56417834624654,176.67673180432445,172.54662713675344,175.81878662109375,191763300,0.0,0.0
2025-09-19 00:00:00-04:00,175.34989886544702,177.65437533147113,174.76129744715922,176.24774169921875,237182100,0.0,0.0
2025-09-22 00:00:00-04:00,174.8810364137678,184.1089289332547,174.29245016588177,183.17117309570312,269637000,0.0,0.0
2025-09-23 00:00:00-04:00,181.53508786527138,181.98400930831284,175.78885990523673,178.0035400390625,192559600,0.0,0.0
2025-09-24 00:00:00-04:00,179.34033838980653,179.35030900890538,174.98077271717747,176.54702758789062,143564100,0.0,0.0
2025-09-25 00:00:00-04:00,174.06295512355928,179.82913859886173,172.7161910154847,177.26528930664062,191586700,0.0,0.0
2025-09-26 00:00:00-04:00,177.7441731762758,179.34035527690486,174.5119112725463,177.76412963867188,148573700,0.0,0.0
2025-09-29 00:00:00-04:00,179.99874009736317,183.56021461148362,179.8890176259668,181.4153594970703,193063500,0.0,0.0
2025-09-30 00:00:00-04:00,181.6448190078555,186.90222763381766,181.04624695721463,186.13406372070312,236981000,0.0,0.0
2025-10-01 00:00:00-04:00,184.7972757932568,187.69033860903804,183.46046686832446,186.79249572753906,173844900,0.0,0.0
2025-10-02 00:00:00-04:00,189.14686265639136,190.59339411626704,187.6105347272827,188.4385528564453,136805800,0.0,0.0
2025-10-03 00:00:00-04:00,188.7378093314507,189.90501102540352,184.93691825112066,187.1715545654297,137596900,0.0,0.0
2025-10-06 00:00:00-04:00,185.0566446584491,186.78250559975277,182.8918329061041,185.09654235839844,157678100,0.0,0.0
2025-10-07 00:00:00-04:00,185.78489078203316,188.6081286768816,183.56022492696124,184.5977325439453,140088000,0.0,0.0
2025-10-08 00:00:00-04:00,186.12409742063042,189.14685437964263,186.0941551173159,188.65802001953125,130168900,0.0,0.0
2025-10-09 00:00:00-04:00,191.77054228398893,194.83321191134357,190.60334055524348,192.1097412109375,182997200,0.0,0.0
2025-10-10 00:00:00-04:00,193.04748211324375,195.15243956582322,181.6148814298513,182.72222900390625,268774400,0.0,0.0
2025-10-13 00:00:00-04:00,187.52074924115996,189.6556339904095,185.51555866051012,187.8699188232422,153482800,0.0,0.0
2025-10-14 00:00:00-04:00,184.32839277968645,184.35831986008523,179.2705030798172,179.59971618652344,205641400,0.0,0.0
2025-10-15 00:00:00-04:00,184.35831474003746,184.42813951825556,176.86625456034105,179.4001922607422,214450500,0.0,0.0
2025-10-16 00:00:00-04:00,181.79443681084305,182.84193018690272,179.34032512988762,181.3754425048828,179723300,0.0,0.0
2025-10-17 00:00:00-04:00,179.74934657743225,183.65999082680747,179.3203816221287,182.78208923339844,173135200,0.0,0.0
2025-10-20 00:00:00-04:00,182.69231029505525,184.75735492260156,181.2956472677441,182.20347595214844,128544700,0.0,0.0
2025-10-21 00:00:00-04:00,182.35311411361405,182.35311411361405,179.37027013728058,180.72702026367188,124240200,0.0,0.0
2025-10-22 00:00:00-04:00,180.7070509305708,183.00155667206866,176.33751483638122,179.84910583496094,162249600,0.0,0.0
2025-10-23 00:00:00-04:00,179.98879302554099,182.59255571493648,179.3602938591047,181.72463989257812,111363700,0.0,0.0
2025-10-24 00:00:00-04:00,183.40059008116805,187.0219186862977,183.06140638753934,185.81480407714844,131296700,0.0,0.0
2025-10-27 00:00:00-04:00,189.5359184602369,191.54110896467577,187.9796341631504,191.03233337402344,153452700,0.0,0.0
2025-10-28 00:00:00-04:00,192.58860677151606,202.6644582837766,191.45133202040452,200.54953002929688,297986200,0.0,0.0
2025-10-29 00:00:00-04:00,207.48290651547202,211.68285096872194,204.29055782184227,206.54515075683594,308829600,0.0,0.0
2025-10-30 00:00:00-04:00,204.65966800141675,205.66726375798942,200.9286166610889,202.4050750732422,178864400,0.0,0.0
2025-10-31 00:00:00-04:00,205.95656932325562,207.4729406961805,201.5870481318289,202.00604248046875,179802200,0.0,0.0
2025-11-03 00:00:00-05:00,207.58267267525224,210.83487551397138,205.06869143040765,206.3855438232422,180267300,0.0,0.0
2025-11-04 00:00:00-05:00,202.51481474882632,203.4824975937368,197.4569251230167,198.21511840820312,188919300,0.0,0.0
2025-11-05 00:00:00-05:00,198.29492759193732,202.43500266122365,194.18476438007542,194.74343872070312,171350300,0.0,0.0
2025-11-06 00:00:00-05:00,195.95054108781363,197.1476699621838,185.9345440647224,187.63047790527344,223029800,0.0,0.0
2025-11-07 00:00:00-05:00,184.45805485831954,187.86989393508227,178.48238160939712,187.70028686523438,264942300,0.0,0.0
2025-11-10 00:00:00-05:00,194.64369382605648,199.46215210416702,193.32684127795724,198.57427978515625,198897100,0.0,0.0
2025-11-11 00:00:00-05:00,194.69355355890158,194.9529266552934,190.84277869998112,192.69833374023438,176483300,0.0,0.0
2025-11-12 00:00:00-05:00,195.25221648764446,195.4218083488666,190.673190567689,193.33680725097656,154935300,0.0,0.0
2025-11-13 00:00:00-05:00,190.59337913278358,190.9824463944715,183.41059072037282,186.41339111328125,207423100,0.0,0.0
2025-11-14 00:00:00-05:00,182.42294356130517,190.55345800755302,180.14839424900484,189.71546936035156,186591900,0.0,0.0
2025-11-17 00:00:00-05:00,185.52552307898492,188.54828000089623,183.87947275520656,186.15402221679688,173628900,0.0,0.0
2025-11-18 00:00:00-05:00,182.9416897271721,184.358293814419,179.22059421855408,180.926513671875,213598900,0.0,0.0
2025-11-19 00:00:00-05:00,184.34831228056447,187.41098174033533,182.39300555425,186.07418823242188,247246400,0.0,0.0
2025-11-20 00:00:00-05:00,195.4816571057099,195.53154064523628,179.42014682895694,180.208251953125,343504800,0.0,0.0
2025-11-21 00:00:00-05:00,180.80681345200097,184.11887021564362,172.51666286870193,178.45245361328125,346926200,0.0,0.0
2025-11-24 00:00:00-05:00,179.0610093294625,183.06141961318156,176.0581937395723,182.1136932373047,256618300,0.0,0.0
2025-11-25 00:00:00-05:00,174.49195573568102,177.73418799379976,169.1447659257062,177.39500427246094,320600300,0.0,0.0
2025-11-26 00:00:00-05:00,181.1958831941039,182.4728225932506,177.81398638784032,179.8291473388672,183852000,0.0,0.0
2025-11-28 00:00:00-05:00,178.58215589898685,178.86148547381688,176.0781603452176,176.57696533203125,121332800,0.0,0.0
2025-12-01 00:00:00-05:00,174.3423041351479,179.8690716163194,173.2648835948944,179.48997497558594,188131000,0.0,0.0
2025-12-02 00:00:00-05:00,181.32557695606172,185.2162648499111,179.56978894419797,181.02630615234375,182632200,0.0,0.0
2025-12-03 00:00:00-05:00,180.6472109015755,182.01393165685582,178.68191808959097,179.1607666015625,165138000,0.0,0.0
2025-12-04 00:00:00-05:00,181.19598816136636,184.08922700452197,179.53987513877786,182.95188903808594,167364900,0.01,0.0
2025-12-05 00:00:00-05:00,183.46070200471706,184.22890867632069,180.48766317737477,181.98416137695312,143971100,0.0,0.0
2025-12-08 00:00:00-05:00,182.21361127014939,187.5610985176648,181.97416608957425,185.1168212890625,204378100,0.0,0.0
2025-12-09 00:00:00-05:00,185.12681175320978,185.28644189022677,182.89205072764324,184.53819274902344,144719700,0.0,0.0
2025-12-10 00:00:00-05:00,184.53817644999398,185.04698034073257,181.61500881382975,183.3509521484375,162785400,0.0,0.0
2025-12-11 00:00:00-05:00,179.85912243695617,180.89670300875093,176.20766331092784,180.50759887695312,182136600,0.0,0.0
2025-12-12 00:00:00-05:00,180.6871989054384,182.39321360477518,174.21234434473615,174.61141967773438,204274900,0.0,0.0
2025-12-15 00:00:00-05:00,177.52459033283526,178.0034654802094,174.6213802569945,175.87843322753906,164775600,0.0,0.0
2025-12-16 00:00:00-05:00,175.84850127733236,178.0733061224419,174.4916756985292,177.3050994873047,148588100,0.0,0.0
2025-12-17 00:00:00-05:00,175.68889685369163,175.71882560019336,169.91240520818417,170.5409393310547,222775500,0.0,0.0
2025-12-18 00:00:00-05:00,174.1225483861358,175.7387615308714,171.41888356310693,173.73345947265625,176096000,0.0,0.0
2025-12-19 00:00:00-05:00,176.2575523358494,181.0263919449467,175.92832091222974,180.56747436523438,324925900,0.0,0.0
2025-12-22 00:00:00-05:00,183.49062822521734,183.73007341419415,181.9243013805983,183.26116943359375,129064400,0.0,0.0
2025-12-23 00:00:00-05:00,182.54285710968043,188.88801027625055,182.47301321780614,188.76829528808594,174873600,0.0,0.0
2025-12-24 00:00:00-05:00,187.50124372172942,188.4689804086018,186.154389299292,188.169677734375,65528500,0.0,0.0
2025-12-26 00:00:00-05:00,189.47662851874142,192.240166195598,187.5611125998212,190.085205078125,139740300,0.0,0.0
2025-12-29 00:00:00-05:00,187.2717899684254,188.31932652162573,185.47598909796272,187.7805938720703,120006100,0.0,0.0
2025-12-30 00:00:00-05:00,187.80056616478433,188.5488153175326,186.49361152385626,187.10218811035156,97687300,0.0,0.0
2025-12-31 00:00:00-05:00,189.12744593978846,190.11512498868174,186.05463453876877,186.06460571289062,120100500,0.0,0.0
2026-01-02 00:00:00-05:00,189.39681300359115,192.47959571470966,187.8204997023152,188.4091339111328,148240500,0.0,0.0
2026-01-05 00:00:00-05:00,191.31233377676458,193.1779786425506,185.7154296257417,187.6808319091797,183529700,0.0,0.0
2026-01-06 00:00:00-05:00,190.07524399309986,191.72138605392453,186.38388451934557,186.8029022216797,176862600,0.0,0.0
2026-01-07 00:00:00-05:00,188.12978540958392,190.9232365533545,186.12446806753155,188.66851806640625,153543200,0.0,0.0
2026-01-08 00:00:00-05:00,188.66850725549676,189.10748247384038,183.2811201033086,184.60800170898438,172457000,0.0,0.0
2026-01-09 00:00:00-05:00,184.64792389684447,185.9049768874807,183.2412119543349,184.42843627929688,131327500,0.0,0.0
2026-01-12 00:00:00-05:00,182.79226917353867,186.6831584288149,182.59273912358015,184.5082550048828,137968500,0.0,0.0
2026-01-13 00:00:00-05:00,184.5681140987238,187.6708543554723,182.97184323887342,185.376220703125,160128900,0.0,0.0
2026-01-14 00:00:00-05:00,183.88970125566945,184.02937380837906,180.37791464347094,182.7124481201172,159586100,0.0,0.0
2026-01-15 00:00:00-05:00,186.06460797964908,189.25713440169068,185.895006678512,186.6133270263672,206188600,0.0,0.0
2026-01-16 00:00:00-05:00,188.63859508159712,189.99542077422674,185.64559857342888,185.7952423095703,187967200,0.0,0.0
2026-01-20 00:00:00-05:00,181.47532662721457,181.95421697054311,177.19534884297914,177.65428161621094,223345300,0.0,0.0
2026-01-21 00:00:00-05:00,178.6320081827799,184.94723253133864,177.9835164834521,182.8920440673828,200381000,0.0,0.0
2026-01-22 00:00:00-05:00,184.31869154642928,185.7353746560278,183.5005985718231,184.40847778320312,139636600,0.0,0.0
2026-01-23 00:00:00-05:00,187.06227125943187,189.15737478680413,186.38386606278428,187.23187255859375,142748100,0.0,0.0
2026-01-26 00:00:00-05:00,186.7230595290241,188.67847518398236,185.5557928402329,186.03466796875,124799600,0.0,0.0
2026-01-27 00:00:00-05:00,186.80288446054914,189.55643562401056,185.2664711415707,188.07989501953125,143711600,0.0,0.0
2026-01-28 00:00:00-05:00,190.82345963399504,191.9009400606663,189.39679023846315,191.0728759765625,148552700,0.0,0.0
2026-01-29 00:00:00-05:00,190.89331059974717,193.0283141326731,185.62563804704834,192.06057739257812,171764400,0.0,0.0
2026-01-30 00:00:00-05:00,190.76362243793778,194.0359639826301,189.0276790286862,190.68380737304688,179489500,0.0,0.0
2026-02-02 00:00:00-05:00,186.7629659025267,189.8557348322644,184.44839001538193,185.1766815185547,165794100,0.0,0.0
2026-02-03 00:00:00-05:00,185.8052108647954,185.8351396091497,175.81857039871747,179.91897583007812,204019600,0.0,0.0
2026-02-04 00:00:00-05:00,179.04105715530034,179.16077214377114,171.50867959294058,173.78335571289062,207014100,0.0,0.0
2026-02-05 00:00:00-05:00,174.52161198787914,176.40721432559468,170.63072277473634,171.47874450683594,206312900,0.0,0.0
2026-02-06 00:00:00-05:00,176.27751351666032,186.56344202919422,174.19239634754115,184.97715759277344,231346200,0.0,0.0
2026-02-09 00:00:00-05:00,183.82983865020864,193.20790343822367,183.52056478242866,189.59634399414062,196387400,0.0,0.0
2026-02-10 00:00:00-05:00,190.93321971968697,192.0306425866914,187.6808205923615,188.09983825683594,136764800,0.0,0.0
2026-02-11 00:00:00-05:00,192.0007297023972,192.80883635229745,188.32932783046314,189.60633850097656,144192700,0.0,0.0
2026-02-12 00:00:00-05:00,192.57938064366328,193.15802849168205,186.07459697001164,186.50360107421875,189932500,0.0,0.0
2026-02-13 00:00:00-05:00,187.04230481693136,187.0622623874058,181.16605622339495,182.38320922851562,161888000,0.0,0.0
2026-02-17 00:00:00-05:00,181.32570855160378,186.71309627900055,178.7617008539599,184.53819274902344,162276900,0.0,0.0
2026-02-18 00:00:00-05:00,188.3093443160685,189.92555739322245,186.3239846890322,187.5411376953125,164749100,0.0,0.0
2026-02-19 00:00:00-05:00,186.62328370338446,187.99008040371612,185.22655825948098,187.46131896972656,126554500,0.0,0.0
2026-02-20 00:00:00-05:00,186.13444888465776,189.88566546751952,185.5059147845697,189.37686157226562,178422300,0.0,0.0
2026-02-23 00:00:00-05:00,190.9531547742145,193.49720463285962,189.13741163084848,191.10281372070312,171584800,0.0,0.0
2026-02-24 00:00:00-05:00,191.04296985904048,193.31764595479845,186.96250644177093,192.39979553222656,175123600,0.0,0.0
2026-02-25 00:00:00-05:00,193.9960453222018,197.16862939564908,193.33758246616242,195.10345458984375,250637100,0.0,0.0
2026-02-26 00:00:00-05:00,193.81648130196652,193.83642365132246,183.8897126034445,184.4583740234375,360807900,0.0,0.0
2026-02-27 00:00:00-05:00,180.82685580423004,182.16372380185732,175.96823012244815,176.77633666992188,311636500,0.0,0.0
2026-03-02 00:00:00-05:00,174.60140889187144,183.03169334881736,174.23227758067924,182.05397033691406,209095300,0.0,0.0
2026-03-03 00:00:00-05:00,178.07331350693755,180.4776756968921,176.50697142699124,179.62966918945312,178099400,0.0,0.0
2026-03-04 00:00:00-05:00,180.01876499488523,184.26881453838726,179.63964723402094,182.61268615722656,177731200,0.0,0.0
2026-03-05 00:00:00-05:00,180.74703993972415,183.63029235671348,177.46472744924466,182.91197204589844,198779700,0.0,0.0
2026-03-06 00:00:00-05:00,179.42014994688597,182.3333312190456,176.40721126414203,177.40487670898438,189021900,0.0,0.0
2026-03-09 00:00:00-04:00,176.4171820751478,182.48298979408452,175.1501427003192,182.2235870361328,177213600,0.0,0.0
2026-03-10 00:00:00-04:00,181.97417604353973,186.00475307627937,181.5850871183009,184.33865356445312,179118500,0.0,0.0
2026-03-11 00:00:00-04:00,185.4860219488843,187.1921136401388,184.02934488988058,185.60574340820312,145280400,0.01,0.0
2026-03-12 00:00:00-04:00,183.63026415055788,184.5182338343672,181.3355064165816,182.7223358154297,155762700,0.0,0.0
2026-03-13 00:00:00-04:00,184.49829181300376,185.66562182453413,179.52965286608148,179.8389434814453,160988400,0.0,0.0
2026-03-16 00:00:00-04:00,182.55272468439094,188.44925014875608,180.99628481489137,182.80215454101562,217307400,0.0,0.0
2026-03-17 00:00:00-04:00,184.63797319169822,184.9771941770484,181.2656763194747,181.51510620117188,182497800,0.0,0.0
2026-03-18 00:00:00-04:00,182.06384475172882,182.96180140975886,179.91875397930713,179.98858642578125,156683100,0.0,0.0
2026-03-19 00:00:00-04:00,177.6040222894031,179.56953069628346,175.3890840362079,178.15277099609375,170968500,0.0,0.0
2026-03-20 00:00:00-04:00,177.59406866914642,177.85347025510498,171.32839150930033,172.30615234375,241323500,0.0,0.0
2026-03-23 00:00:00-04:00,176.85574153065542,177.96321071223454,174.36144294367455,175.23944091796875,182836300,0.0,0.0
2026-03-24 00:00:00-04:00,174.4312942297872,175.81812366395545,173.58322660302642,174.80044555664062,147667800,0.0,0.0
2026-03-25 00:00:00-04:00,176.69612335614488,180.8067226806179,176.44669348987364,178.2725067138672,162602100,0.0,0.0
2026-03-26 00:00:00-04:00,175.66847416549638,176.10745794358192,170.74970926821888,170.8494873046875,186152200,0.0,0.0
2026-03-27 00:00:00-04:00,169.61230999497113,170.58009909933227,166.629123297364,167.13796997070312,196212700,0.0,0.0
2026-03-30 00:00:00-04:00,168.3950875250076,169.0635577295173,163.89537828689438,164.79331970214844,185627000,0.0,0.0
2026-03-31 00:00:00-04:00,166.58921042239905,174.22175778800025,166.57923870897636,174.00225830078125,226181300,0.0,0.0
2026-04-01 00:00:00-04:00,175.5986119754623,176.9654826629128,174.35146274268203,175.34918212890625,168132000,0.0,0.0
2026-04-02 00:00:00-04:00,171.78733317216196,177.0852364118599,170.97918282725632,176.98545837402344,143143200,0.0,0.0
2026-04-06 00:00:00-04:00,176.75597747742694,177.3845303646084,175.35916114415525,177.23487854003906,107564300,0.0,0.0
2026-04-07 00:00:00-04:00,175.32922705160684,177.8235255680002,173.26395579650787,177.69383239746094,132534900,0.0,0.0
2026-04-08 00:00:00-04:00,184.079243714486,184.83750503722598,179.8888249511496,181.66476440429688,147732700,0.0,0.0
2026-04-09 00:00:00-04:00,181.42531387192042,183.66021107746678,180.2080948395415,183.4906005859375,116428500,0.0,0.0
2026-04-10 00:00:00-04:00,183.88967366981893,189.56669990817062,183.87970195572368,188.1998291015625,160459500,0.0,0.0
2026-04-13 00:00:00-04:00,185.605746824658,189.2274732756209,185.3164148846483,188.87826538085938,133648200,0.0,0.0
2026-04-14 00:00:00-04:00,190.40477641072036,196.0618438720703,190.33494396561244,196.0618438720703,161307000,0.0,0.0
2026-04-15 00:00:00-04:00,196.09178511161633,199.94298301571828,195.2936216855987,198.41647338867188,185338400,0.0,0.0
2026-04-16 00:00:00-04:00,196.97974400923295,199.39423847906178,195.36344336942167,197.8976593017578,134012900,0.0,0.0
2026-04-17 00:00:00-04:00,199.44410763257105,201.2400056483541,198.8155547450397,201.2200469970703,160324400,0.0,0.0
2026-04-20 00:00:00-04:00,199.52392392325544,201.70893187328167,197.38880498867078,201.59918212890625,119381400,0.0,0.0
2026-04-21 00:00:00-04:00,201.66904795828867,202.28762917830338,198.54618104306965,199.42417907714844,107945300,0.0,0.0
2026-04-22 00:00:00-04:00,200.53164182940822,202.03819274902344,198.54617460274403,202.03819274902344,107501000,0.0,0.0
2026-04-23 00:00:00-04:00,201.99828375930824,203.3651545152774,196.77022843278436,199.18470764160156,113561800,0.0,0.0
2026-04-24 00:00:00-04:00,199.50398270942756,210.46890943516505,199.35431566144254,207.79502868652344,214134400,0.0,0.0
2026-04-27 00:00:00-04:00,209.17187844164343,216.33551207209098,206.90706623150768,216.1160125732422,187172400,0.0,0.0
2026-04-28 00:00:00-04:00,209.01225288404052,214.2402930542568,207.72518626919629,212.68385314941406,180275400,0.0,0.0
2026-04-29 00:00:00-04:00,212.2149257168926,212.23488436877426,207.10660696252424,208.77279663085938,123711800,0.0,0.0
2026-04-30 00:00:00-04:00,209.45122654333912,209.82039307402036,198.24684193288383,199.1148681640625,225239200,0.0,0.0
2026-05-01 00:00:00-04:00,200.82098460367052,202.5370634031337,196.6704677294345,197.9974365234375,128647000,0.0,0.0
2026-05-04 00:00:00-04:00,199.04502180842945,201.2699318245734,194.29588290907526,198.02734375,125368100,0.0,0.0
2026-05-05 00:00:00-04:00,198.84548202478717,199.7833407086998,195.58293528206713,196.05186462402344,113406600,0.0,0.0
2026-05-06 00:00:00-04:00,199.43413852494058,207.7950323152332,198.15705885791613,207.3560333251953,188362800,0.0,0.0
2026-05-07 00:00:00-04:00,207.86487247229027,213.7115092245668,206.02907228582575,211.01766967773438,168307900,0.0,0.0
2026-05-08 00:00:00-04:00,212.5441790763045,217.30330524675068,212.40449895841255,214.709228515625,136421400,0.0,0.0
2026-05-11 00:00:00-04:00,213.55186573785767,221.79303819063418,213.40221390900197,218.93955993652344,160685800,0.0,0.0
2026-05-12 00:00:00-04:00,218.05159434962442,223.23973257586303,214.42986778297353,220.27650451660156,159176600,0.0,0.0
2026-05-13 00:00:00-04:00,224.41703053540263,227.32039781394542,221.0647077692387,225.3149871826172,150405400,0.0,0.0
2026-05-14 00:00:00-04:00,229.32582552778115,236.00055597235212,228.77707677625682,235.202392578125,180782900,0.0,0.0
2026-05-15 00:00:00-04:00,229.23601388526635,230.97205119780003,223.72861351776262,224.80615234375,180977600,0.0,0.0
2026-05-18 00:00:00-04:00,229.34577348371204,229.4754818886306,217.8719993892805,221.81300354003906,146280900,0.0,0.0
2026-05-19 00:00:00-04:00,219.11914008419038,223.96805720569674,217.41304835521052,220.1068878173828,140948200,0.0,0.0
2026-05-20 00:00:00-04:00,222.6710257508039,225.61431038954527,219.9971448577806,222.9603729248047,184201600,0.0,0.0
2026-05-21 00:00:00-04:00,221.78305837384474,226.8814055684356,217.43300079554024,219.0093994140625,203381800,0.0,0.0
2026-05-22 00:00:00-04:00,220.39621757095847,220.50596731800164,214.3101381389001,214.83892822265625,169275700,0.0,0.0
2026-05-26 00:00:00-04:00,216.04617181279934,217.68243116855118,211.5165320236786,214.37001037597656,187202600,0.0,0.0
2026-05-27 00:00:00-04:00,213.63168066177133,213.66161102691768,208.30386252985457,212.1151580810547,167601200,0.0,0.0
2026-05-28 00:00:00-04:00,210.79817024571656,215.0285063161196,210.73830951283205,213.7613983154297,143996000,0.0,0.0
2026-05-29 00:00:00-04:00,214.09065053210412,217.36316924965476,210.64852132770383,210.6584930419922,289410600,0.0,0.0
2026-06-01 00:00:00-04:00,215.23801892090273,224.35717434911126,215.20808855445495,223.8483428955078,212850700,0.0,0.0
2026-06-02 00:00:00-04:00,226.66188583823322,231.75026086454594,220.84519513709748,222.3118438720703,193362900,0.0,0.0
2026-06-03 00:00:00-04:00,221.2143597561905,222.31185725112735,214.02079575535723,214.26025390625,160907000,0.0,0.0
2026-06-04 00:00:00-04:00,213.67091279390368,221.35231998810906,210.73419644348996,218.4156036376953,169022200,0.25,0.0
2026-06-05 00:00:00-04:00,214.2902104723603,214.62982678346356,204.10161444712602,204.87075805664062,219655500,0.0,0.0
2026-06-08 00:00:00-04:00,209.94507132882276,210.23475572682116,205.76975069388217,208.40679931640625,138372800,0.0,0.0
2026-06-09 00:00:00-04:00,210.3845825512031,211.16370951624515,199.11719156565087,207.95730590820312,180962500,0.0,0.0
2026-06-10 00:00:00-04:00,204.20149632565034,206.98838641050182,199.696542748819,200.19598388671875,161746600,0.0,0.0
2026-06-11 00:00:00-04:00,201.26479475008583,205.43013200106668,199.31696212361035,204.64100646972656,158643200,0.0,0.0
2026-06-12 00:00:00-04:00,204.6310298517525,206.83856645475237,203.21261880599855,204.96066284179688,112001800,0.0,0.0
2026-06-15 00:00:00-04:00,208.68648640498938,212.47225882321928,208.10713284720606,212.21253967285156,149936700,0.0,0.0
2026-06-16 00:00:00-04:00,210.94395209283806,211.25361840198772,207.05830064217733,207.1781768798828,125694100,0.0,0.0
2026-06-17 00:00:00-04:00,208.29691745433288,208.9761653200819,202.8530121596522,204.42124938964844,128363500,0.0,0.0
2026-06-18 00:00:00-04:00,207.09826842291386,211.1537281092123,206.26919428756833,210.4545135498047,241272000,0.0,0.0
2026-06-22 00:00:00-04:00,211.2036686200953,213.7508214450341,207.48782537372824,208.41677856445312,122041400,0.0,0.0
2026-06-23 00:00:00-04:00,201.94403040148535,203.54224815949766,199.77645766483005,199.81640625,153496200,0.0,0.0
2026-06-24 00:00:00-04:00,199.89631590195674,201.44458647582786,196.36027935647695,198.77757263183594,151810700,0.0,0.0
2026-06-25 00:00:00-04:00,199.85637045714446,200.5755669254449,191.9152592982058,195.52122497558594,149550000,0.0,0.0
2026-06-26 00:00:00-04:00,192.90414096411192,195.33143282930595,191.0062707295152,192.31480407714844,179304100,0.0,0.0
2026-06-29 00:00:00-04:00,193.63333194293918,195.96071419295149,189.58785574691487,194.7520751953125,148835700,0.0,0.0
2026-06-30 00:00:00-04:00,197.0195429632178,200.4057532237791,194.89191886651452,199.86634826660156,166476700,0.0,0.0
2026-07-01 00:00:00-04:00,195.98069896251877,199.62662840490702,193.23377271109229,197.35916137695312,146147600,0.0,0.0
2026-07-02 00:00:00-04:00,196.9196593659626,199.8363939026278,192.1350197738411,194.61224365234375,142068700,0.0,0.0
2026-07-06 00:00:00-04:00,194.20269428466304,197.32920075051607,193.77318221313826,195.33143615722656,108999000,0.0,0.0
2026-07-07 00:00:00-04:00,192.15498377986222,198.18824142626735,190.92636281467173,196.7098846435547,124154600,0.0,0.0
2026-07-08 00:00:00-04:00,194.9618356993413,204.93069180759116,194.84197470333905,203.891845703125,147419100,0.0,0.0
2026-07-09 00:00:00-04:00,204.23147485952867,204.36131918975943,198.73762239526957,202.5533447265625,132037400,0.0,0.0
2026-07-10 00:00:00-04:00,201.7742207048944,210.7641612313501,201.69430829342895,210.72421264648438,148421000,0.0,0.0
2026-07-13 00:00:00-04:00,208.3069001369788,210.33464515051216,202.77309911383117,203.30250549316406,121411000,0.0,0.0
2026-07-14 00:00:00-04:00,207.96729575339148,212.31243993744155,203.57221964678251,211.5632781982422,124379600,0.0,0.0
2026-07-15 00:00:00-04:00,211.7230919717581,213.57101502024952,205.80969553973085,212.26248168945312,124797200,0.0,0.0
2026-07-16 00:00:00-04:00,209.93509060438328,210.84407715298516,205.61992700554663,207.16818237304688,122986100,0.0,0.0
2026-07-17 00:00:00-04:00,202.41350482950477,206.41901728963356,197.74872640584337,202.58331298828125,144281900,0.0,0.0
2026-07-20 00:00:00-04:00,205.63989694335598,207.50781723343968,202.05391309694542,203.05279541015625,88701500,0.0,0.0
2026-07-21 00:00:00-04:00,207.30802440628602,208.4167843613107,203.78197113093626,207.0583038330078,108685600,0.0,0.0
2026-07-22 00:00:00-04:00,205.57996827489498,214.15038042761168,204.72092886821054,211.82298278808594,137645600,0.0,0.0
2026-07-23 00:00:00-04:00,209.22588688656515,210.63429930291466,205.72979894313582,208.5266571044922,110505300,0.0,0.0
2026-07-24 00:00:00-04:00,207.21812923496972,211.6731509810223,204.5810805834776,206.6088104248047,114836800,0.0,0.0
2026-07-27 00:00:00-04:00,207.96729627325774,208.51668459839084,195.22156333884286,196.2903594970703,154353700,0.0,0.0
2026-07-28 00:00:00-04:00,194.78204700134697,198.47790843456414,192.52457850774027,196.789794921875,134111500,0.0,0.0
2026-07-29 00:00:00-04:00,195.63110696844683,196.84974460884015,189.79762268066406,189.79762268066406,147680800,0.0,0.0
2026-07-30 00:00:00-04:00,193.23377181769484,197.02952748682713,191.3059363552755,194.82199096679688,129010200,0.0,0.0
2026-07-31 00:00:00-04:00,198.2182038580375,201.77422236802423,194.73209918257555,200.52561950683594,139961200,0.0,0.0
2026-08-03 00:00:00-04:00,197.46904862701152,208.50670133078404,196.62999113475112,206.40904235839844,128406900,0.0,0.0
2026-08-04 00:00:00-04:00,211.06382570110384,212.82185300096492,208.8163406042335,211.70310974121094,134922000,0.0,0.0
2026-08-05 00:00:00-04:00,216.6176127852948,221.9716224388697,216.15812022814887,218.9749755859375,158187400,0.0,0.0
2026-08-06 00:00:00-04:00,221.28239358061882,223.38005249670454,216.75745800384053,218.7452392578125,113940600,0.0,0.0
2026-08-07 00:00:00-04:00,221.29237770419127,224.50877992471257,220.41337164588714,223.70968627929688,105669400,0.0,0.0
2026-08-10 00:00:00-04:00,223.15029107269072,223.88946943306019,216.5277120448001,217.3068389892578,115846600,0.0,0.0
2026-08-11 00:00:00-04:00,221.92167541427946,221.9516406634887,215.95834695389817,217.25689697265625,101273100,0.0,0.0
2026-08-12 00:00:00-04:00,220.7929293559802,224.84840415873398,219.95387191061064,223.8395233154297,108783600,0.0,0.0
2026-08-13 00:00:00-04:00,224.80845001468583,226.97602279610956,223.45996804263754,225.04818725585938,98867200,0.0,0.0
2026-08-14 00:00:00-04:00,226.51654155338588,227.23573802273873,224.24907448357243,224.90834045410156,75680900,0.0,0.0
2026-08-17 00:00:00-04:00,225.72741618855906,227.66525027466162,224.60867289832842,224.7584991455078,93678700,0.0,0.0
2026-08-18 00:00:00-04:00,220.20359791537197,221.39227027986857,218.44557057093272,219.49440002441406,103128200,0.0,0.0
2026-08-19 00:00:00-04:00,221.4222404106533,222.62089613745684,216.51772459764655,217.31683349609375,96797300,0.0,0.0
2026-08-20 00:00:00-04:00,218.1159423024499,219.6142657707553,215.41896310784705,216.60763549804688,92457000,0.0,0.0
2026-08-21 00:00:00-04:00,218.17587248780362,218.49552214328025,214.26025565862156,214.48001098632812,98869300,0.0,0.0
2026-08-24 00:00:00-04:00,215.28910206110334,215.34903256074918,207.01835779182306,208.24697875976562,135187300,0.0,0.0
2026-08-25 00:00:00-04:00,210.79412790131315,214.48998931653267,209.87515802586688,212.81187438964844,122309000,0.0,0.0
2026-08-26 00:00:00-04:00,212.40232405945306,213.3612577394914,208.99613188036045,209.4256591796875,179900000,0.0,0.0
2026-08-27 00:00:00-04:00,222.61090164325523,230.21239627098788,220.6530857022795,227.7251739501953,298909800,0.0,0.0
2026-08-28 00:00:00-04:00,227.10587153371227,229.00374173344596,216.56766062888835,217.3068389892578,195116400,0.0,0.0
2026-08-31 00:00:00-04:00,218.62536478578363,221.05265670783686,215.96834944345454,220.53323364257812,124702700,0.0,0.0
2026-09-01 00:00:00-04:00,216.50774446342592,220.1636574397174,214.8595947199138,217.1969757080078,109756200,0.0,0.0
2026-09-02 00:00:00-04:00,218.5454508199983,227.6952163087265,218.23579974693772,224.1591796875,157104700,0.0,0.0
2026-09-03 00:00:00-04:00,225.76737972053164,230.14247379152744,224.49879494304554,228.1946563720703,134681600,0.0,0.0
2026-09-04 00:00:00-04:00,230.83170360414334,234.49759976142684,229.37334400327853,230.10252380371094,135352400,0.0,0.0
2026-09-08 00:00:00-04:00,232.84944771666764,233.44878317831424,224.59868561283858,225.47769165039062,122965600,0.0,0.0
2026-09-09 00:00:00-04:00,225.0281992525124,225.92718720955042,223.21024142511232,223.4199981689453,82955500,0.0,0.0
2026-09-10 00:00:00-04:00,220.52999877929688,220.99000549316406,217.1999969482422,218.36000061035156,105768000,0.25,0.0
2026-09-11 00:00:00-04:00,221.24000549316406,222.0,218.14999389648438,218.2899932861328,89060100,0.0,0.0
2026-09-14 00:00:00-04:00,211.24000549316406,212.77000427246094,208.92999267578125,210.9600067138672,132267200,0.0,0.0
2026-09-15 00:00:00-04:00,213.3800048828125,213.94000244140625,211.16000366210938,212.1699981689453,88059700,0.0,0.0
2026-09-16 00:00:00-04:00,214.13999938964844,216.75999450683594,212.5,213.89999389648438,96563600,0.0,0.0
2026-09-17 00:00:00-04:00,218.3800048828125,219.91000366210938,217.14999389648438,219.33999633789062,94191300,0.0,0.0
2026-09-18 00:00:00-04:00,219.35000610351562,222.72999572753906,218.02999877929688,222.27000427246094,190287400,0.0,0.0
2026-09-21 00:00:00-04:00,222.94000244140625,228.5,221.55999755859375,227.3800048828125,109806100,0.0,0.0
2026-09-22 00:00:00-04:00,226.85000610351562,229.97999572753906,226.5,228.8699951171875,95746700,0.0,0.0
2026-09-23 00:00:00-04:00,228.02999877929688,228.9499969482422,224.02000427246094,225.50999450683594,86851377,0.0,0.0
